trajectory_id,case_id,nfp,n_base_coils,initial_score,initial_iota,initial_sign,best_score,best_iteration,best_iota,best_sign,final_score,final_iota,final_sign,trajectory_pattern,history_count
axisv3_case_03164,3164,8,3,10.198030400420047,-0.6066696208326825,negative,65.52580978673346,100,-1.0309384856309693,negative,65.15781197310213,-1.0379379764199257,negative,all_negative,200
axisv3_case_01637,1637,8,4,35.474963664626934,-0.7687953934671663,negative,65.86029196615522,190,-1.0642466713896437,negative,65.5325986370867,-1.1450289636850357,negative,all_negative,200
axisv3_case_01589,1589,7,1,2.144705757837391,-0.6242657807737628,negative,64.00673508944277,171,-1.0293027258997773,negative,63.23542129914219,-1.14228954911232,negative,all_negative,200
axisv3_case_00190,190,5,2,2.457214537220067,-0.49589676456193743,negative,32.61338257448414,64,-1.1032474265072922,negative,32.613382574483765,-1.1924471855163574,negative,all_negative,200
axisv3_case_02757,2757,5,1,2.954680484641738,-0.7159502895325687,negative,65.49582414204589,200,-1.118198130817558,negative,65.49582414204589,-1.1343160835402488,negative,all_negative,200
axisv3_case_01734,1734,8,3,24.76338567806947,-0.8903576462349545,negative,66.19490171368787,93,-1.0141863141143939,negative,65.85409483582758,-1.060255266726017,negative,all_negative,200
axisv3_case_02013,2013,8,2,4.748048346650306,-0.5072636745266816,negative,65.81300742234662,159,-1.0577666251610132,negative,65.3842516142395,-1.103653691549922,negative,all_negative,200
axisv3_case_02654,2654,6,1,6.333649491297657,-0.9674995531070529,negative,7.3279666270636925,32,-1.0328572049747393,negative,7.211941263671876,-1.022396832704544,negative,all_negative,200
axisv3_case_02725,2725,4,4,0.4471899132901363,-0.2546377165135859,negative,0.6767912304859698,1,-0.3066366783630402,negative,0.6112001543950962,-0.33558593690395355,negative,all_negative,200
axisv3_case_01978,1978,6,1,3.152433754441266,-0.7529859572292308,negative,62.571437348760796,200,-1.0591924649862379,negative,62.571437348760796,-1.1137797236442566,negative,all_negative,200
axisv3_case_00919,919,6,2,4.637297842273263,-0.9086755575917406,negative,65.50125764333268,199,-1.0759773205493168,negative,65.44163143818304,-1.0983911454677582,negative,all_negative,200
axisv3_case_00001,1,5,1,3.2966476665704314,-0.7569502333425598,negative,51.20896619816144,198,-1.2804433878973889,negative,43.8964109829723,-1.224518597126007,negative,all_negative,200
axisv3_case_02537,2537,5,3,2.3091141918933173,-0.4842631164471923,negative,68.23729555972255,151,-1.0248531600173427,negative,67.798751848825,-1.0615758746862411,negative,all_negative,200
axisv3_case_00609,609,8,2,9.554874079525247,-1.395736280170269,negative,65.2647342421393,46,-1.0320798339353616,negative,64.8855364567783,-1.0854226425290108,negative,all_negative,200
axisv3_case_00210,210,6,1,4.361456933621393,-1.3908970623768449,negative,64.85925557914895,188,-1.076582148669301,negative,64.77709709417182,-1.1110937744379044,negative,all_negative,200
axisv3_case_01663,1663,8,4,10.825339353136586,-0.8182426507256868,negative,65.63465552437249,175,-1.018446000705493,negative,65.22495657373334,-1.1082428833469748,negative,all_negative,200
axisv3_case_02610,2610,7,2,4.721090840990748,-0.7335902402994177,negative,66.28996566174223,174,-1.0259430333551354,negative,66.20230221456579,-1.0762662887573242,negative,all_negative,200
axisv3_case_02473,2473,7,1,7.189876353459429,-1.404745001987006,negative,63.69211927470469,198,-1.0653918022147177,negative,62.60166148548214,-1.1448121219873428,negative,all_negative,200
axisv3_case_01861,1861,5,3,3.0668604345807657,-0.346241871362361,negative,66.6020660251977,180,-1.022505298453234,negative,64.44609909011835,-1.0238583236932755,negative,all_negative,200
axisv3_case_02628,2628,6,1,0.8561409871390706,-0.4234166164064169,negative,1.557232524754392,7,-0.698541971191895,negative,1.5572325247543917,-0.739197701215744,negative,all_negative,200
axisv3_case_03242,3242,8,3,6.367935587230799,-1.1017465580062997,negative,66.3928081368536,194,-1.0689994111374173,negative,65.42726628394222,-1.0218412959948182,negative,all_negative,200
axisv3_case_02989,2989,8,4,11.226079598961794,-0.7504822479324631,negative,66.78078112253391,37,-1.0187139138678292,negative,64.99349953592227,-1.0686617670580745,negative,all_negative,200
axisv3_case_00808,808,6,1,6.196711047311531,-0.9553074581279077,negative,36.469299627394456,120,-1.5455691845647979,negative,7.01239087627778,-2.0780067443847656,negative,all_negative,200
axisv3_case_00399,399,6,2,2.9513663918625945,-0.652340653794943,negative,66.0212558481,141,-1.0276424937458968,negative,65.66563667762333,-1.1080703139305115,negative,all_negative,200
axisv3_case_02462,2462,8,3,23.20863144719328,-0.6091935254884266,negative,66.21205278460349,48,-1.055058747799016,negative,65.93374841428748,-1.0622887909412384,negative,all_negative,200
axisv3_case_00992,992,8,1,4.08466392621231,-1.7840835823211099,negative,15.29260766020823,25,-1.047573985303167,negative,15.292607660207908,-1.053683982181224,negative,all_negative,200
axisv3_case_00269,269,6,2,8.712524234085391,-0.6319684649379864,negative,66.0471092817149,189,-1.019803237850101,negative,65.8388815258236,-1.0939242988824844,negative,all_negative,200
axisv3_case_02264,2264,6,1,8.090249778074911,-1.124323774925267,negative,64.89119681176913,200,-1.0875673714445147,negative,64.89119681176913,-1.1023857071995735,negative,all_negative,200
axisv3_case_00939,939,7,1,5.873143653976498,-1.2537674075956544,negative,61.482321690722635,191,-1.1093659990074531,negative,61.46363160956074,-1.1887779831886292,negative,all_negative,200
axisv3_case_03223,3223,8,4,10.816202677986889,-0.4939378766125359,negative,65.69301364754526,155,-1.0178294086822972,negative,65.58309971023377,-1.0404172241687775,negative,all_negative,200
axisv3_case_01882,1882,7,2,2.5582573804206805,-0.6682564348840021,negative,66.79249079990028,182,-1.016214303426147,negative,66.7169651881441,-1.0398075697012246,negative,all_negative,200
axisv3_case_03046,3046,8,1,9.400584869126416,-1.363548697354712,negative,64.15023680748136,200,-1.0488196021329337,negative,64.15023680748136,-1.0813621443531856,negative,all_negative,200
axisv3_case_01186,1186,6,3,5.683532379347406,-0.6953063309079467,negative,67.05849613140082,198,-1.0523776280636867,negative,67.0323734590066,-1.0783749520778656,negative,all_negative,200
axisv3_case_00453,453,8,2,5.541118953460505,-0.9092242260283874,negative,65.79947488894622,184,-1.0373147646153524,negative,65.6529827876841,-1.0477147437632084,negative,all_negative,200
axisv3_case_01616,1616,8,1,8.505890450337255,-1.1929159634513296,negative,63.91779051304619,187,-1.015333478375994,negative,63.55362534931231,-1.0906170532107353,negative,all_negative,200
axisv3_case_00493,493,8,4,9.528313639762041,-0.9387317452644404,negative,66.51286351862082,196,-1.0323709275303543,negative,66.33739401068047,-1.056080162525177,negative,all_negative,200
axisv3_case_01434,1434,8,1,7.036157698806869,-1.2649934751338705,negative,10.921870900499266,155,-1.2245547591889032,negative,10.921870900499075,-1.2490631490945816,negative,all_negative,200
axisv3_case_02064,2064,7,2,10.007694447839617,-0.9683921386426424,negative,66.27952726803905,188,-1.0327238384360715,negative,65.95609606228787,-1.0520419478416443,negative,all_negative,200
axisv3_case_02488,2488,8,3,12.940001874578416,-1.2377431033880675,negative,66.70131414247203,62,-1.0207546965624934,negative,64.09776222937184,-1.0139113888144493,negative,all_negative,200
axisv3_case_02864,2864,8,1,7.539194959262773,-1.5194858675462233,negative,64.49426989414597,184,-1.070770478239747,negative,64.3399703959924,-1.0919634439051151,negative,all_negative,200
axisv3_case_03268,3268,8,3,21.348682168401435,-0.7535656213973563,negative,66.46599066100096,154,-1.0293111671958863,negative,65.28470853614598,-1.0564969033002853,negative,all_negative,200
axisv3_case_01481,1481,8,4,20.615533279400037,-0.5927903850517664,negative,65.7555172973651,120,-1.0211683952518016,negative,64.28018150335899,-1.1021586209535599,negative,all_negative,200
axisv3_case_00732,732,8,1,8.918439303118223,-1.1835724432038779,negative,60.76746095688944,112,-1.1595583079810385,negative,58.795387703731144,-1.2612990140914917,negative,all_negative,200
axisv3_case_00999,999,8,2,32.83860244569108,-0.9737334747479292,negative,65.67369181419205,143,-1.0541889930551203,negative,64.8980659266929,-1.058584339916706,negative,all_negative,200
axisv3_case_00200,200,8,3,15.929803511924375,-0.49972949256187005,negative,66.0860603787741,150,-1.113807184387801,negative,65.94348621406047,-1.1361367404460907,negative,all_negative,200
axisv3_case_01408,1408,8,1,7.461521383812611,-1.1704427527189576,negative,15.03955560750672,18,-0.9027719055925443,negative,13.210480033111294,-0.8366276986437844,negative,all_negative,200
axisv3_case_01232,1232,7,2,4.49329811811088,-0.7953253340120023,negative,66.19727417836441,166,-1.0307003137847224,negative,66.11148096185605,-1.0454514529556036,negative,all_negative,200
axisv3_case_01771,1771,7,1,6.6505312432889445,-1.479641820021003,negative,62.32332009001178,108,-1.075507403259033,negative,62.323320090011755,-1.1271682381629944,negative,all_negative,200
axisv3_case_01511,1511,7,1,4.109455473315756,-0.8985600857251828,negative,8.994352327149343,38,-1.032616503561532,negative,8.994352327149322,-1.0457155629992485,negative,all_negative,200
axisv3_case_03233,3233,6,2,9.862086191528688,-0.5618521955647346,negative,66.47020651466323,199,-1.0211063349627367,negative,66.42571278870679,-1.0440824925899506,negative,all_negative,200
axisv3_case_02832,2832,7,4,20.34118250896898,-0.5496343933777484,negative,67.24458726935931,191,-1.1449602392313596,negative,67.21854150749942,-1.1866701245307922,negative,all_negative,200
axisv3_case_02942,2942,8,1,5.250777485972079,-1.1914254481292348,negative,25.3651495824945,31,-1.0050993379549698,negative,25.36514958249375,-1.0089743502325195,negative,all_negative,200
axisv3_case_01473,1473,7,3,9.79406877577941,-1.1405402102547242,negative,66.22244914289175,192,-1.0378142907061272,negative,65.90147397982577,-1.1022590696811676,negative,all_negative,200
axisv3_case_02143,2143,8,2,13.633494779970725,-0.8612192429970895,negative,66.10268769839604,108,-1.0409741096680973,negative,65.86454566673387,-1.0654367506504059,negative,all_negative,200
axisv3_case_02344,2344,8,1,11.783296053841786,-0.9748936981921564,negative,62.690138998135524,112,-1.293236691060091,negative,61.598200090700615,-1.5445626974105835,negative,all_negative,200
axisv3_case_02499,2499,7,1,5.412281435330337,-1.3645221668436562,negative,61.14581854229825,113,-1.038057543067608,negative,60.510633110104216,-1.0722644180059433,negative,all_negative,200
axisv3_case_00842,842,7,2,7.46090754359316,-1.0813243639435988,negative,65.54581909201734,189,-1.1475998652066628,negative,65.50351125098595,-1.1894115805625916,negative,all_negative,200
axisv3_case_02993,2993,7,1,4.588109878418181,-0.9018205436219404,negative,13.311977401153234,115,-1.004411233325739,negative,13.311977401153053,-1.0118675976991653,negative,all_negative,200
axisv3_case_02123,2123,7,3,11.406400991794866,-0.5444990829288963,negative,66.61349399636677,53,-1.1708883810181998,negative,66.14102206308948,-1.0322471745312214,negative,all_negative,200
axisv3_case_01793,1793,8,4,2.7779564713186575,-0.5976588170410679,negative,64.9680371530367,166,-1.0198256504575924,negative,64.34046244775126,-1.0601653754711151,negative,all_negative,200
axisv3_case_02825,2825,7,3,27.79566291048686,-0.6664067826433828,negative,66.55228563728546,19,-1.065341116546916,negative,66.22812108801827,-1.0403574507217854,negative,all_negative,200
axisv3_case_01095,1095,7,1,4.7577763711511665,-1.2634145846907119,negative,17.445281025431886,62,-1.0277538355478903,negative,17.445281025431424,-1.0546731650829315,negative,all_negative,200
axisv3_case_01324,1324,7,4,22.222406084269394,-0.7144378191295289,negative,66.58971643061112,78,-1.018811089582771,negative,64.27260922269704,-1.0342648476362228,negative,all_negative,200
axisv3_case_02818,2818,7,2,5.167554968118314,-0.7590115419234772,negative,65.3893618827902,200,-1.0313997682409135,negative,65.3893618827902,-1.0485763400793076,negative,all_negative,200
axisv3_case_01161,1161,7,3,19.66207193771487,-0.6403903353530112,negative,66.9098289925687,99,-1.0198780603610749,negative,65.93007881876467,-1.0813055634498596,negative,all_negative,200
axisv3_case_03122,3122,6,1,5.337475804659005,-0.934429833456422,negative,33.083810366858785,118,-1.0920007021240037,negative,33.08381036685861,-1.205186665058136,negative,all_negative,200
axisv3_case_01961,1961,8,2,6.662024190177571,-1.5591958828239898,negative,64.93043795756329,122,-1.0378351389429317,negative,64.7654438311109,-1.1272027343511581,negative,all_negative,200
axisv3_case_01719,1719,7,1,4.777620917222792,-1.7341360111717279,negative,60.19243299800253,200,-1.0651201607588814,negative,60.19243299800253,-1.1284221410751343,negative,all_negative,200
axisv3_case_02316,2316,6,1,3.229212530940856,-0.6529131848292733,negative,62.78213380910277,187,-1.0704156438543833,negative,62.7505464217928,-1.1381728649139404,negative,all_negative,200
axisv3_case_00608,608,7,2,6.552769447402043,-0.9424967993054287,negative,65.92799582112087,186,-1.142711347179558,negative,65.59254545248663,-1.1516882926225662,negative,all_negative,200
axisv3_case_03509,3509,8,4,4.943583601515703,-0.8385155694667434,negative,65.33955702298934,10,-1.0928086080273347,negative,64.59450136590952,-1.2055463194847107,negative,all_negative,200
axisv3_case_01304,1304,8,1,7.680343673158435,-1.4281149649196165,negative,63.23972327002744,132,-1.043577418038479,negative,62.896019427979596,-1.2603600025177002,negative,all_negative,200
axisv3_case_00354,354,6,3,12.614041031392663,-0.5430346356610625,negative,66.27131220312639,182,-1.0634681090421183,negative,65.70314812806491,-1.1188863217830658,negative,all_negative,200
axisv3_case_02452,2452,5,2,2.6783924527864738,-0.7509897455190926,negative,3.2320297250890464,18,-0.8965725130971809,negative,3.232029725089045,-0.9184786184900086,negative,all_negative,200
axisv3_case_01849,1849,7,1,6.765282966359055,-1.323123594581227,negative,63.93401452275145,196,-1.026049244893491,negative,61.989097431689466,-0.9948493820947869,negative,all_negative,200
axisv3_case_00446,446,8,1,7.324297427371188,-1.2561456339504111,negative,61.26907626605582,193,-1.158395643624255,negative,61.107796333477374,-1.3877652883529663,negative,all_negative,200
axisv3_case_00426,426,7,2,17.09891035319616,-0.6265826502065812,negative,66.6830661143505,198,-1.031357014267357,negative,66.66393677971425,-1.0347748920321465,negative,all_negative,200
axisv3_case_03119,3119,8,4,23.496090248038403,-0.638167061531762,negative,66.11003723785316,33,-1.0346375818742333,negative,65.24838044132258,-1.124428614974022,negative,all_negative,200
axisv3_case_00887,887,7,1,6.244781781573034,-1.244404807965859,negative,9.839414801727534,120,-1.0491632955106385,negative,9.839414801727504,-1.0631888881325722,negative,all_negative,200
axisv3_case_02591,2591,7,3,14.73320896052708,-0.53215298429522,negative,67.64645179502551,174,-1.0431722415550735,negative,67.41816715102924,-1.0419490337371826,negative,all_negative,200
axisv3_case_01341,1341,5,3,1.7942647868732997,-0.37601733399369286,negative,68.88042527622761,198,-1.0160523408509246,negative,68.02628005971819,-1.0337375402450562,negative,all_negative,200
axisv3_case_01902,1902,8,1,7.069970152260837,-1.6355564410649284,negative,62.043755540739326,179,-1.0423471041129915,negative,57.90340284990264,-1.152400016784668,negative,all_negative,200
axisv3_case_02532,2532,7,2,8.039674019475468,-0.6493535391629647,negative,65.36539822018423,191,-1.0253266306232263,negative,65.29242663658195,-1.075126275420189,negative,all_negative,200
axisv3_case_03403,3403,6,4,5.581674132162329,-0.6677046071601003,negative,65.98701049825087,138,-1.0970073286531923,negative,64.02518980674809,-1.029990315437317,negative,all_negative,200
axisv3_case_03202,3202,8,1,5.038276735177478,-2.2815885330865644,negative,61.32841743311994,67,-1.3581474744739976,negative,61.32214529924821,-1.5340253710746765,negative,all_negative,200
axisv3_case_02376,2376,7,2,6.517725350404905,-0.7058865770075583,negative,66.41192635749408,195,-1.0173363128649309,negative,65.69997494021138,-1.0303198248147964,negative,all_negative,200
axisv3_case_03462,3462,8,1,7.966842665408568,-1.1286264358962823,negative,61.81627210535004,159,-1.0547923119071156,negative,60.39977707879981,-1.2122706770896912,negative,all_negative,200
axisv3_case_01916,1916,8,3,4.274885492936675,-0.8189330491021092,negative,67.0251793266478,50,-1.0178970311628746,negative,64.86476551178372,-1.1265390031039715,negative,all_negative,200
axisv3_case_01718,1718,6,1,3.736494768251066,-0.9699453513948579,negative,4.920867299736303,1,-1.122907354027168,negative,4.382556947259717,-1.3008053302764893,negative,all_negative,200
axisv3_case_02194,2194,7,2,5.755189667323987,-1.577244365484312,negative,65.35510916089241,163,-1.0348279123427546,negative,63.859706750418624,-1.0416972786188126,negative,all_negative,200
axisv3_case_01844,1844,7,4,14.416748732249856,-0.673476153874579,negative,65.79771836968338,126,-1.0349499893071514,negative,65.16448376721817,-1.0481945872306824,negative,all_negative,200
axisv3_case_03123,3123,7,1,3.4716019134373983,-0.6475514287117773,negative,62.03729502500498,126,-1.1302462534606403,negative,58.779772785737734,-1.3094443082809448,negative,all_negative,200
axisv3_case_02226,2226,6,3,8.178460201653879,-0.6428989532164787,negative,66.55437168120466,173,-1.0336572933629722,negative,66.20675621388804,-1.13384610414505,negative,all_negative,200
axisv3_case_00502,502,5,2,2.019895304863716,-0.4645210877498679,negative,65.56096757645837,188,-1.0146951053367688,negative,65.48797194231632,-1.0315883457660675,negative,all_negative,200
axisv3_case_03305,3305,7,1,7.604867309446904,-1.1622229186653215,negative,11.398122161982707,152,-0.9532623448055415,negative,11.39812216198262,-0.9682388156652451,negative,all_negative,200
axisv3_case_01562,1562,6,1,6.944665214680164,-1.1174817328445317,negative,64.64745060910896,132,-1.0428408798539328,negative,64.15601719778411,-1.2525570392608643,negative,all_negative,200
axisv3_case_02766,2766,7,2,9.083991823589754,-0.5993014444572142,negative,65.70143055001971,179,-1.05305763432741,negative,65.46852284800211,-1.0307705774903297,negative,all_negative,200
axisv3_case_03560,3560,7,4,5.1082127025937565,-0.8178886423777232,negative,65.89343264029576,192,-1.0405921233087985,negative,65.29910324077858,-1.069963812828064,negative,all_negative,200
axisv3_case_02500,2500,8,1,6.775954415635422,-1.6919887514941596,negative,64.07961613466927,187,-1.0271156687899032,negative,63.918741558780226,-1.1006233447004137,negative,all_negative,200
axisv3_case_01707,1707,7,3,4.603708915734168,-0.5805457950078698,negative,66.39782462932243,129,-1.0387814625859335,negative,66.04062042745302,-1.0346576124429703,negative,all_negative,200
axisv3_case_02894,2894,5,2,4.703608663361584,-0.9025210936308375,negative,42.774332101326095,67,-1.166923569482424,negative,42.77433210132576,-1.3369491696357727,negative,all_negative,200
axisv3_case_00452,452,7,2,3.363323997330234,-0.704562627643822,negative,66.61039010845141,116,-1.0183859559274246,negative,66.07283940202572,-1.0520407781004906,negative,all_negative,200
axisv3_case_00627,627,7,1,4.331628766061131,-0.8751411553498027,negative,8.822302858189175,58,-1.027280749429782,negative,8.822302858189161,-1.0330358762294054,negative,all_negative,200
axisv3_case_00602,602,8,1,6.40097535412918,-1.6253809524610592,negative,9.723087878596857,146,-1.0110201145980615,negative,9.723087878596761,-1.0450299829244614,negative,all_negative,200
axisv3_case_02566,2566,8,3,10.601502972561851,-0.5245163918591504,negative,65.7972581030691,145,-1.1493932780970129,negative,65.64350224880495,-1.1471021175384521,negative,all_negative,200
axisv3_case_00449,449,4,2,1.9898847904787955,-0.6216368982830607,negative,2.4711651079649757,2,-0.8090584019318902,negative,2.1399489148717943,-1.015045166015625,negative,all_negative,200
axisv3_case_02442,2442,7,4,13.217778386260655,-0.7123836572915692,negative,65.30245196392922,178,-1.0376208910842624,negative,62.83581912982973,-1.030801147222519,negative,all_negative,200
axisv3_case_00367,367,7,1,5.63782200956257,-1.4566420775262072,negative,8.92805809520641,135,-0.9978316162999488,negative,8.928058095206357,-1.0203299224376678,negative,all_negative,200
axisv3_case_00758,758,8,1,4.779881831934876,-1.7067826941405468,negative,61.07084288561738,191,-1.05102829416329,negative,61.07084288561731,-1.0886222422122955,negative,all_negative,200
axisv3_case_01128,1128,7,2,9.831362165442645,-0.8689002471638021,negative,65.96344842711105,200,-1.0311348693354807,negative,65.96344842711105,-1.038289638027095,negative,all_negative,200
axisv3_case_03424,3424,8,3,35.74827329165398,-0.9284705012473893,negative,66.2775587395373,44,-1.1022072872555506,negative,65.79739201728157,-1.1186598014464835,negative,all_negative,200
axisv3_case_02474,2474,8,1,6.7674823852887185,-1.233262011622044,negative,63.48332259274676,196,-1.0450221846194974,negative,63.099665854693534,-1.0778116779248026,negative,all_negative,200
axisv3_case_02923,2923,8,2,5.820838775756339,-1.550840021225506,negative,66.2931386456463,62,-1.0273618796415613,negative,66.00670526519409,-1.0846537798643112,negative,all_negative,200
axisv3_case_00653,653,7,1,7.0745740067738,-1.1931692823531816,negative,61.513081581024224,91,-1.2237581305126672,negative,61.01516592096066,-1.5193763971328735,negative,all_negative,200
axisv3_case_00043,43,7,3,4.211416969701311,-0.596644186282099,negative,65.5314670235975,200,-1.1037833747069157,negative,65.5314670235975,-1.124035820364952,negative,all_negative,200
axisv3_case_02313,2313,8,4,23.59157851003396,-0.6340248316917663,negative,66.55397128153318,80,-1.0487946979922411,negative,65.04658741209501,-1.1238964945077896,negative,all_negative,200
axisv3_case_03312,3312,7,2,3.5687559885464837,-1.463153120302916,negative,9.545028771456495,75,-1.2286076577289868,negative,9.545028771456481,-1.4316413402557373,negative,all_negative,200
axisv3_case_02812,2812,8,1,7.3474719487033076,-1.519064480317521,negative,63.59824652569459,176,-1.0314066008890879,negative,63.42159536809233,-1.0396252934954364,negative,all_negative,200
axisv3_case_00706,706,8,1,8.370971421693923,-1.1732770278486249,negative,62.90265284133169,63,-1.2338450330271415,negative,58.03862284250852,-1.335604965686798,negative,all_negative,200
axisv3_case_00727,727,8,4,37.96346614955505,-0.8597823779549699,negative,66.36223413859706,31,-1.0603686007141533,negative,65.94102198338447,-1.1167632179172284,negative,all_negative,200
