case_id,worker_index,nfp,n_base_coils,status,score,iota_min,iota_max,score_wall_s
0,0,8,3,no_axis,0.1126602097034954,nan,nan,4.336901027709246
1,1,8,3,no_surface,0.2577450272422838,nan,nan,4.801537726074457
2,2,8,3,no_axis,0.11900830775847532,nan,nan,4.249507546424866
3,3,8,3,no_surface,0.2996992554037287,nan,nan,5.213858021888882
4,4,8,3,ok,5.683867953962258,1.391159176826477,1.9672935482301872,5.295958406757563
5,5,8,3,no_surface,0.25099521871175423,nan,nan,5.213510571978986
6,0,8,3,ok,12.709353618127718,1.711061879992485,1.7731943172087337,4.368963543325663
7,1,8,3,no_surface,0.2764739331178518,nan,nan,3.9752160646021366
8,2,8,3,ok,22.96621317600001,1.9144372973292256,1.9316604990471695,4.290054388344288
9,3,8,3,no_axis,0.11772332024805086,nan,nan,3.610355223994702
10,4,8,3,no_axis,0.11040678098021431,nan,nan,3.6466592424549162
11,5,8,3,no_surface,0.27581220600961776,nan,nan,4.028329132590443
12,0,8,3,no_axis,0.12116555158175578,nan,nan,3.6927060037851334
13,1,8,3,ok,7.812440587781989,2.041575312614441,2.2820170481744904,4.053115610033274
14,2,8,3,no_axis,0.11445590183498888,nan,nan,3.6150268390774727
15,3,8,3,ok,29.386665200811215,2.1114435316752624,2.1933051347732544,4.146336216013879
16,4,8,3,no_axis,0.1141900045258095,nan,nan,3.644039056263864
17,5,8,3,ok,12.900779878011182,1.7887283235650946,1.8078831997551865,4.099346103146672
18,0,8,3,no_axis,0.11652821640988907,nan,nan,3.688494373112917
19,1,8,3,ok,17.240909722393724,2.3169788122177124,2.5187082686608435,4.14940083399415
20,2,8,3,ok,3.855992390751853,1.921152949333191,2.112233693465309,4.098182372748852
21,3,8,3,no_axis,0.11256606724372005,nan,nan,3.630004117731005
22,4,8,3,no_axis,0.11511349463772046,nan,nan,3.6441028881818056
23,5,8,3,no_surface,0.2479422948812574,nan,nan,4.051673371344805
24,0,8,3,no_axis,0.11517420364181843,nan,nan,3.6839612312614918
25,1,8,3,no_surface,0.2529824040233572,nan,nan,4.006007857620716
26,2,8,3,no_axis,0.11651374474881188,nan,nan,3.6141079515218735
27,3,8,3,no_surface,0.2506624793156122,nan,nan,4.0024916641414165
28,4,8,3,ok,5.188702020421092,1.553179383277893,1.8621223623211778,4.091387910302728
29,5,8,3,no_surface,0.2699368554690679,nan,nan,4.04192255390808
30,0,8,3,no_surface,0.312129080599664,nan,nan,4.0569503381848335
31,1,8,3,no_surface,0.2669541183753046,nan,nan,4.003953818231821
32,2,8,3,no_surface,0.2482436873192745,nan,nan,3.985664214938879
33,3,8,3,no_axis,0.11964965584030046,nan,nan,3.6289877076633275
34,4,8,3,ok,14.560073322902012,1.8904056549072266,2.0099670105206506,4.087468517012894
35,5,8,3,no_axis,0.11458657738148154,nan,nan,3.6781810191459954
36,0,8,3,ok,37.99343605092805,1.4954898357391357,1.5987406218008844,4.212516978383064
37,1,8,3,no_axis,0.11712964788512958,nan,nan,3.6285661086440086
38,2,8,3,flux_rejected,0.30846593380242626,nan,nan,4.011369567364454
39,3,8,3,no_axis,0.12035045191972155,nan,nan,3.628363834694028
40,4,8,3,no_surface,0.2539555316215028,nan,nan,4.0079477690160275
41,5,8,3,no_axis,0.114552481990774,nan,nan,3.6617187852971256
42,0,8,3,ok,13.234811943623473,2.189035107680728,2.3250845074653625,4.140944682061672
43,1,8,3,no_surface,0.24557248705330692,nan,nan,4.001409500837326
44,2,8,3,ok,10.033403423046854,2.4416357278823853,2.718217022658734,4.133584089577198
45,3,8,3,ok,4.042768634666785,2.547183240039376,2.7383543252944946,4.079127869103104
46,4,8,3,no_axis,0.11698905000218746,nan,nan,3.633026829920709
47,5,8,3,no_surface,0.2791987286636136,nan,nan,4.038348816335201
48,0,8,3,no_surface,0.2883319218286608,nan,nan,4.063532743602991
49,1,8,3,no_surface,0.2844396852287,nan,nan,3.999972678720951
50,2,8,3,no_axis,0.11984866945116401,nan,nan,3.6099871583282948
51,3,8,3,flux_rejected,0.3176827496998912,nan,nan,4.049309715162963
52,4,8,3,no_axis,0.11295775099387312,nan,nan,3.63293733401224
53,5,8,3,no_axis,0.11524222958601114,nan,nan,3.6615102370269597
54,0,8,3,ok,6.656579381039278,1.7774681746959686,1.8527523108654185,4.137527756392956
55,1,8,3,ok,24.28532600795645,1.8801067471504211,1.983851781675539,4.1484529338777065
56,2,8,3,no_surface,0.24348639022690716,nan,nan,3.9755135774612427
57,3,8,3,no_axis,0.11130145592360761,nan,nan,3.629679405130446
58,4,8,3,flux_rejected,0.26317334167264367,nan,nan,4.052516108844429
59,5,8,3,ok,24.214812674703214,1.9927611725565386,2.18533456325531,4.188130111899227
60,0,8,3,no_axis,0.1140338813479199,nan,nan,3.682072289288044
61,1,8,3,no_surface,0.2980818197908655,nan,nan,3.993272591382265
62,2,8,3,no_axis,0.11838170959617936,nan,nan,3.6039907038211823
63,3,8,3,no_surface,0.29490175733586876,nan,nan,4.005584087688476
64,4,8,3,ok,22.548489820804733,1.7937928214669228,1.8066137546673304,4.154335889033973
65,5,8,3,no_axis,0.11677622663328246,nan,nan,3.6711938502267003
66,0,8,3,no_axis,0.1177649963479146,nan,nan,3.6829677671194077
67,1,8,3,no_surface,0.25307685056841045,nan,nan,3.99221071600914
68,2,8,3,no_surface,0.27417844907848593,nan,nan,3.975337937474251
69,3,8,3,no_surface,0.25836454495439504,nan,nan,4.009202739223838
70,4,8,3,no_surface,0.24949103072766243,nan,nan,4.00765473023057
71,5,8,3,no_surface,0.26248360731178644,nan,nan,4.050521390046924
72,0,8,3,no_axis,0.11599226028728489,nan,nan,3.6767138615250587
73,1,8,3,no_axis,0.11451553836804858,nan,nan,3.6192054077982903
74,2,8,3,ok,7.657344438913789,1.8484682411214746,2.0446155071258545,4.050315842032433
75,3,8,3,no_surface,0.24291740380984655,nan,nan,4.005068717990071
76,4,8,3,no_surface,0.25398374989717803,nan,nan,4.006454681046307
77,5,8,3,no_axis,0.11665488551052682,nan,nan,3.671120402868837
78,0,8,3,no_surface,0.2570351443650207,nan,nan,4.057863514870405
79,1,8,3,no_axis,0.12150902611552164,nan,nan,3.616074576973915
80,2,8,3,ok,7.008375003057124,1.9122020602226257,2.041658034246466,4.05087061598897
81,3,8,3,no_surface,0.2874480440634588,nan,nan,4.005712129175663
82,4,8,3,no_axis,0.11683572593526032,nan,nan,3.6328492611646652
83,5,8,3,no_axis,0.12006121199166211,nan,nan,3.6678967936895788
84,0,8,3,no_surface,0.2737037507938896,nan,nan,4.060004644095898
85,1,8,3,ok,7.392169377029484,2.3936960482583975,2.4308518916368484,4.06466756388545
86,2,8,3,no_axis,0.1132304213863859,nan,nan,3.6030725426971912
87,3,8,3,no_axis,0.11231045242936295,nan,nan,3.6302378876134753
88,4,8,3,no_axis,0.11565565071026856,nan,nan,3.6327488687820733
89,5,8,3,no_surface,0.27320513018990666,nan,nan,4.045903325080872
90,0,8,3,ok,17.799120369058528,2.3408511036163238,2.42075849097304,4.1349069103598595
91,1,8,3,ok,4.724448598612264,2.5531448321852657,2.8691587448120117,4.065230205655098
92,2,8,3,no_surface,0.2996388048596755,nan,nan,3.973638340830803
93,3,8,3,no_axis,0.11711449561697725,nan,nan,3.631196688860655
94,4,8,3,ok,18.90508764445019,2.127755558537276,2.2282842695713043,4.162073114421219
95,5,8,3,no_axis,0.11377822010214425,nan,nan,3.666680419817567
96,0,8,3,no_axis,0.1155962375085221,nan,nan,3.6816923022270203
97,1,8,3,ok,3.9449653993647713,1.596168041229248,2.050975993816707,4.0674369521439075
98,2,8,3,no_surface,0.24859719302825975,nan,nan,3.974527832120657
99,3,8,3,no_surface,0.26014021051827907,nan,nan,3.9989117314107716
100,4,8,3,no_surface,0.24694839127312954,nan,nan,4.009495439007878
101,5,8,3,no_surface,0.2538855450158929,nan,nan,4.041693682316691
102,0,8,3,no_axis,0.11246515588482223,nan,nan,3.675585102289915
103,1,8,3,ok,3.6388680317135322,1.7042054902869,1.9371165037155151,4.067563567310572
104,2,8,3,no_axis,0.11344615270606138,nan,nan,3.602577470242977
105,3,8,3,no_axis,0.12124396162737541,nan,nan,3.6291114748455584
106,4,8,3,no_surface,0.3095341849341055,nan,nan,4.006816922221333
107,5,8,3,no_surface,0.2566366663736625,nan,nan,4.043181962799281
108,0,8,3,no_surface,0.2517152285658772,nan,nan,4.054361764341593
109,1,8,3,ok,14.419795434859617,1.796844244003296,1.9821761470745298,4.151733387261629
110,2,8,3,no_surface,0.2443477274451102,nan,nan,3.975015200674534
111,3,8,3,ok,7.729075489268805,2.3574289679527283,2.4340615169787485,4.076390011236072
112,4,8,3,no_surface,0.2833929435659299,nan,nan,4.00104759586975
113,5,8,3,no_surface,0.24308186242718374,nan,nan,4.042586700990796
114,0,8,3,no_axis,0.11510525585362891,nan,nan,3.6792168393731117
115,1,8,3,no_axis,0.11757002885338413,nan,nan,3.6180986016988754
116,2,8,3,no_surface,0.25363332330382915,nan,nan,3.97397705540061
117,3,8,3,no_axis,0.11968907491099995,nan,nan,3.62937978701666
118,4,8,3,no_surface,0.24609747195013065,nan,nan,4.0070007289759815
119,5,8,3,no_surface,0.2710223378171654,nan,nan,4.0407234681770205
120,0,8,3,no_surface,0.24853470192631977,nan,nan,4.054668940603733
121,1,8,3,flux_rejected,0.2493757569808829,nan,nan,4.017311166971922
122,2,8,3,no_axis,0.11550095476536784,nan,nan,3.602606661617756
123,3,8,3,no_axis,0.11719709115059183,nan,nan,3.6289329770952463
124,4,8,3,no_axis,0.11576321931273788,nan,nan,3.6326546468771994
125,5,8,3,ok,4.8161188158233,1.9295706748962402,2.1904193491145865,4.1170952268876135
126,0,8,3,no_axis,0.11429780241718124,nan,nan,3.6794604137539864
127,1,8,3,no_axis,0.11515664915570212,nan,nan,3.6183303967118263
128,2,8,3,no_surface,0.24850289417487292,nan,nan,3.9740449897944927
129,3,8,3,ok,13.183661689118782,2.063820654603965,2.2902798652648926,4.0767683195881546
130,4,8,3,no_axis,0.11838260875545666,nan,nan,3.632924186065793
131,5,8,3,no_surface,0.25933907792798333,nan,nan,4.037849891930819
132,0,8,3,ok,11.004238478752224,1.8697738083509332,1.9684857428073883,4.204988326877356
133,1,8,3,no_surface,0.23791465689289826,nan,nan,3.992923703044653
134,2,8,3,no_surface,0.26117716103430927,nan,nan,3.9748649708926678
135,3,8,3,no_surface,0.24424214050137116,nan,nan,4.008864808361977
136,4,8,3,no_axis,0.11970473556997517,nan,nan,3.632255227304995
137,5,8,3,no_surface,0.24115975548385557,nan,nan,4.04221325693652
138,0,8,3,no_axis,0.11013288577697114,nan,nan,3.67882813885808
139,1,8,3,no_axis,0.10786549228321068,nan,nan,3.6203305646777153
140,2,8,3,no_axis,0.11162089530302957,nan,nan,3.60312482342124
141,3,8,3,ok,5.5097701337791145,2.335839587873576,2.435242533683777,4.075934343971312
142,4,8,3,ok,9.14571332281016,1.722327321767807,1.7744321497574123,4.467424517963082
143,5,8,3,no_axis,0.11525688764890117,nan,nan,3.662711452692747
144,0,8,3,ok,13.400887705657386,2.0934376269578934,2.136616789162648,4.204264558851719
145,1,8,3,no_axis,0.11426969269996182,nan,nan,3.62056465446949
146,2,8,3,ok,7.273559448520828,2.0032242208679696,2.0504416078329086,4.12890225276351
147,3,8,3,no_axis,0.1105558021196752,nan,nan,3.6270110746845603
148,4,8,3,ok,20.031314112282388,1.7279053330421448,1.9128834728428534,4.119230762124062
149,5,8,3,ok,4.329509874120713,1.8655829429626465,2.269632589797126,4.112899114843458
150,0,8,3,no_surface,0.26089740816113227,nan,nan,4.056693900376558
151,1,8,3,ok,19.990778763646933,1.7355409608738441,1.810341238975525,4.148591101169586
152,2,8,3,no_surface,0.2650357624808421,nan,nan,3.9753864631056786
153,3,8,3,no_axis,0.10899640264868267,nan,nan,3.6278172973543406
154,4,8,3,no_axis,0.11369533189470866,nan,nan,3.628635308239609
155,5,8,3,no_surface,0.24706158921884702,nan,nan,4.0356144909746945
156,0,8,3,no_surface,0.25826150808053194,nan,nan,4.05487410351634
157,1,8,3,ok,24.902696750621633,1.943990707397461,2.212498534860697,4.1322192922234535
158,2,8,3,no_surface,0.25294782121069276,nan,nan,3.97475928068161
159,3,8,3,ok,10.80551310451195,2.340085032128667,2.516133487224579,4.076812496874481
160,4,8,3,no_axis,0.11405000215270862,nan,nan,3.6331543140113354
161,5,8,3,no_axis,0.11836868956938958,nan,nan,3.661452583037317
162,0,8,3,no_surface,0.2440805876759146,nan,nan,4.0564838871359825
163,1,8,3,no_axis,0.11555677206327952,nan,nan,3.620681419968605
164,2,8,3,no_surface,0.2581177187938368,nan,nan,3.97477213293314
165,3,8,3,no_surface,0.28762684081243617,nan,nan,4.000503273215145
166,4,8,3,no_surface,0.25481695911499774,nan,nan,4.003118910826743
167,5,8,3,no_surface,0.2637195716900637,nan,nan,4.037046129349619
168,0,8,3,ok,33.88494562840436,1.4891646057367325,1.5204150483964556,4.207303360104561
169,1,8,3,no_surface,0.2471577625799499,nan,nan,3.9932910166680813
170,2,8,3,no_surface,0.2495146805215451,nan,nan,3.975002806633711
171,3,8,3,no_surface,0.254695204377029,nan,nan,3.9964441931806505
172,4,8,3,no_axis,0.11372757114971664,nan,nan,3.632710298988968
173,5,8,3,no_surface,0.24862312465007783,nan,nan,4.038405218627304
174,0,8,3,no_axis,0.11758760936292939,nan,nan,3.6798776164650917
175,1,8,3,no_surface,0.27663199455074095,nan,nan,3.9964743591845036
176,2,8,3,no_axis,0.11519278633240647,nan,nan,3.603265143930912
177,3,8,3,no_axis,0.11883508478019199,nan,nan,3.6277460157871246
178,4,8,3,no_surface,0.2529444160326037,nan,nan,4.024425584357232
179,5,8,3,no_axis,0.11368145713629883,nan,nan,3.660295063164085
180,0,8,3,ok,6.030042887273425,1.6519320011138916,2.236939315887798,4.135164052248001
181,1,8,3,no_axis,0.11812296515202432,nan,nan,3.625059090554714
182,2,8,3,ok,6.400935179397387,1.4763376712799072,1.6003784141154864,4.050745692104101
183,3,8,3,no_axis,0.11933581645037508,nan,nan,3.6285355649888515
184,4,8,3,no_axis,0.11705554822628716,nan,nan,3.6327420282177627
185,5,8,3,flux_rejected,0.2524359715400275,nan,nan,4.0846973718144
186,0,8,3,no_surface,0.2639704654579666,nan,nan,4.057530302554369
187,1,8,3,ok,10.414368312473103,1.5177143812179565,1.8541182047894311,4.143342345952988
188,2,8,3,ok,11.770649945289325,1.6603528261184692,1.9672283937028183,4.126941971480846
189,3,8,3,no_axis,0.11140211570116437,nan,nan,3.6489491746760905
190,4,8,3,no_axis,0.11585017516750284,nan,nan,3.6320395870134234
191,5,8,3,no_surface,0.24765056431150048,nan,nan,4.036068174988031
192,0,8,3,ok,46.60895955143046,1.6583159195831008,1.744606852531433,4.208958875387907
193,1,8,3,no_surface,0.2657705100773486,nan,nan,3.998440895229578
194,2,8,3,ok,4.183114248094689,1.4752484742540986,1.664641261100769,4.050712835043669
195,3,8,3,ok,35.53364089691021,1.7569278180599213,1.8216596080897896,4.2505743890069425
196,4,8,3,ok,5.875371428854893,2.0136768959539286,2.0210883714618975,4.082394080702215
197,5,8,3,ok,30.717449172493037,1.5132550597190857,1.6826871032079846,4.1864904668182135
198,0,8,3,no_axis,0.11885828336847115,nan,nan,3.680356852710247
199,1,8,3,ok,5.470261370016164,1.8206255973307832,1.9298456907272339,4.075024146586657
200,2,8,3,no_surface,0.2547281351397081,nan,nan,3.9751430973410606
201,3,8,3,no_axis,0.11360343270024889,nan,nan,3.648309919051826
202,4,8,3,ok,25.156414933387744,1.7071951031684875,1.8861019434392723,4.082110185176134
203,5,8,3,no_surface,0.251164084478044,nan,nan,4.0361992116086185
204,0,8,3,no_axis,0.11569900237067199,nan,nan,3.679120533168316
205,1,8,3,no_surface,0.2451251942494678,nan,nan,3.999808143824339
206,2,8,3,no_axis,0.11913508931600457,nan,nan,3.603466171771288
207,3,8,3,no_axis,0.11127013476920072,nan,nan,3.6276188669726253
208,4,8,3,no_axis,0.11364560487704861,nan,nan,3.632493366021663
209,5,8,3,no_surface,0.2468656358156638,nan,nan,4.039583316072822
210,0,8,3,no_axis,0.11269495928586554,nan,nan,3.6790411919355392
211,1,8,3,no_axis,0.11458781007806439,nan,nan,3.626485340297222
212,2,8,3,no_axis,0.11232005482187793,nan,nan,3.6032102443277836
213,3,8,3,ok,3.9860941350523267,1.773613585739397,1.8750255107879639,4.073712437879294
214,4,8,3,no_surface,0.28056573643142435,nan,nan,4.008093260694295
215,5,8,3,ok,8.48727215419706,2.389159480358073,2.6289186477661133,4.17926644301042
216,0,8,3,ok,11.25182207381996,1.9672894477844238,2.2515609722130203,4.207098305225372
217,1,8,3,no_axis,0.12202723887425251,nan,nan,3.6289277598261833
218,2,8,3,no_axis,0.11765019581955914,nan,nan,3.6032357290387154
219,3,8,3,no_surface,0.25412241370886784,nan,nan,4.0008448753505945
220,4,8,3,no_axis,0.11660766255073543,nan,nan,3.6328910142183304
221,5,8,3,no_axis,0.10965984048122362,nan,nan,3.6628241292200983
222,0,8,3,no_axis,0.11849145815278833,nan,nan,3.678965587168932
223,1,8,3,ok,17.566466155944536,1.701085267112603,1.8810406923294067,4.073605880141258
224,2,8,3,ok,5.173981972216725,1.9148323210235123,2.0430012941360474,4.0507605746388435
225,3,8,3,ok,5.85731269788418,1.3599578142166138,1.7692142488158713,4.076823838055134
226,4,8,3,no_surface,0.24907839195031906,nan,nan,4.007470143958926
227,5,8,3,no_surface,0.24364537240587653,nan,nan,4.040072307921946
228,0,8,3,no_surface,0.26816247655841713,nan,nan,4.054781749844551
229,1,8,3,ok,4.378304041559118,2.2837777137756348,2.456705356289873,4.073696173727512
230,2,8,3,no_surface,0.2975252781428946,nan,nan,3.9783369824290276
231,3,8,3,no_axis,0.11421412826038556,nan,nan,3.627352372277528
232,4,8,3,no_axis,0.11917046065752963,nan,nan,3.6330186696723104
233,5,8,3,no_surface,0.26479968116387687,nan,nan,4.0387711971998215
234,0,8,3,no_axis,0.11465659139710921,nan,nan,3.679369192570448
235,1,8,3,no_surface,0.24446203011517875,nan,nan,4.001167379319668
236,2,8,3,no_axis,0.11560863441051086,nan,nan,3.608551546931267
237,3,8,3,ok,23.24773682776346,2.09605724493024,2.3280383348464966,4.139984677080065
238,4,8,3,ok,5.327393415076374,1.1992683410644531,1.7362328081204492,4.079188140109181
239,5,8,3,no_surface,0.2548928251645785,nan,nan,4.038142860867083
240,0,8,3,no_surface,0.27295180653313206,nan,nan,4.052686423063278
241,1,8,3,no_surface,0.2607626442217607,nan,nan,4.00137635320425
242,2,8,3,no_surface,0.2595018834697989,nan,nan,3.985309239476919
243,3,8,3,no_axis,0.1169183175302277,nan,nan,3.6290393718518317
244,4,8,3,no_axis,0.11337970155542317,nan,nan,3.6327069588005543
245,5,8,3,ok,4.574714051405997,1.8990495651960373,1.9148227474114055,4.1137218228541315
246,0,8,3,no_surface,0.25956058795770426,nan,nan,4.052902765572071
247,1,8,3,no_axis,0.11417234338544646,nan,nan,3.6269074603915215
248,2,8,3,no_surface,0.26939660582143393,nan,nan,3.9811506159603596
249,3,8,3,no_axis,0.11822079388863405,nan,nan,3.627628343179822
250,4,8,3,no_surface,0.2715359976205689,nan,nan,4.14579992601648
251,5,8,3,no_axis,0.11859836970912963,nan,nan,3.6623550527729094
252,0,8,3,no_axis,0.1162004225681904,nan,nan,3.6783197559416294
253,1,8,3,no_axis,0.12156369875582113,nan,nan,3.6275604516267776
254,2,8,3,no_axis,0.12092142267397687,nan,nan,3.6100942753255367
255,3,8,3,no_axis,0.11965809460861435,nan,nan,3.634431397076696
256,4,8,3,no_surface,0.2672428082006776,nan,nan,4.005644727032632
257,5,8,3,no_axis,0.1135118056139727,nan,nan,3.6817998876795173
258,0,8,3,no_surface,0.2506836682002628,nan,nan,4.0593036860227585
259,1,8,3,no_surface,0.24700600370280165,nan,nan,4.001194503158331
260,2,8,3,no_surface,0.24792078300006926,nan,nan,3.982007533311844
261,3,8,3,no_axis,0.11665370336840782,nan,nan,3.6267629130743444
262,4,8,3,no_axis,0.11667235672863503,nan,nan,3.6323631121777
263,5,8,3,no_surface,0.24369374530241156,nan,nan,4.039608176331967
264,0,8,3,ok,5.25252554690041,1.822225678325775,1.8584540337324142,4.135088641196489
265,1,8,3,ok,4.545122729015863,1.9086774739845502,1.9813679456710815,4.077608808875084
266,2,8,3,no_surface,0.2478827359874819,nan,nan,3.981742739677429
267,3,8,3,no_surface,0.26969217358546854,nan,nan,4.031371198128909
268,4,8,3,ok,32.688341315090796,1.4605091214179993,1.6852500366627905,4.150484264828265
269,5,8,3,no_surface,0.2614337266372355,nan,nan,4.039047673810273
270,0,8,3,ok,4.132533871633789,1.6350253820419312,1.7791639077676293,4.135255970060825
271,1,8,3,ok,10.277804238577744,1.4796422719955444,1.8570647951025143,4.142177183181047
272,2,8,3,no_surface,0.23716160442592643,nan,nan,3.981578044593334
273,3,8,3,no_axis,0.1154803048549895,nan,nan,3.6684065549634397
274,4,8,3,no_surface,0.24888271639531775,nan,nan,4.004848871845752
275,5,8,3,no_axis,0.11444886571185908,nan,nan,3.664476747158915
276,0,8,3,no_surface,0.24921063127374343,nan,nan,4.05646014586091
277,1,8,3,no_surface,0.2542928856588678,nan,nan,4.001952640712261
278,2,8,3,no_axis,0.11678277290814865,nan,nan,3.6091951802372932
279,3,8,3,no_surface,0.28450062094872214,nan,nan,3.9998044702224433
280,4,8,3,ok,24.247816199286635,1.4541215896606445,1.6486389551595568,4.162014167755842
281,5,8,3,no_axis,0.11371847633475488,nan,nan,3.6641904241405427
282,0,8,3,ok,4.033275972532103,1.645202827992261,1.833309292793274,4.129787404090166
283,1,8,3,no_axis,0.11678343473551074,nan,nan,3.6254142709076405
284,2,8,3,no_surface,0.257192838330469,nan,nan,3.9834812469780445
285,3,8,3,ok,6.735400227659544,2.007549771453392,2.062372475862503,4.074499193113297
286,4,8,3,no_axis,0.11512673856080238,nan,nan,3.632265143096447
287,5,8,3,no_surface,0.24944659297592092,nan,nan,4.039003108162433
288,0,8,3,no_surface,0.2623836496301666,nan,nan,4.057200934737921
289,1,8,3,no_axis,0.1177919356124425,nan,nan,3.6260159574449062
290,2,8,3,no_surface,0.24312358446090976,nan,nan,3.9830567091703415
291,3,8,3,ok,21.447414869557793,2.2920694964271227,2.3472448885440826,4.076640854589641
292,4,8,3,no_axis,0.1111763158029384,nan,nan,3.632359903305769
293,5,8,3,no_surface,0.26147072137491517,nan,nan,4.0371733428910375
294,0,8,3,no_surface,0.25102269158894097,nan,nan,4.05587375164032
295,1,8,3,no_axis,0.11954422548086996,nan,nan,3.6254026666283607
296,2,8,3,no_axis,0.11234470084711644,nan,nan,3.6120263673365116
297,3,8,3,no_axis,0.11036959228976234,nan,nan,3.6294784410856664
298,4,8,3,no_axis,0.1144296899249754,nan,nan,3.633657452184707
299,5,8,3,ok,5.091233213523927,2.097705152198915,2.2286258339881897,4.115639485884458
300,0,8,3,ok,4.9632099607826285,2.2850250939573966,2.4532496333122253,4.130377653986216
301,1,8,3,no_surface,0.28511256008114916,nan,nan,4.001087266951799
302,2,8,3,ok,35.304910715042325,1.4747077226638794,1.7987901903951908,4.1231783255934715
303,3,8,3,no_axis,0.12002456206294876,nan,nan,3.6234051771461964
304,4,8,3,flux_rejected,0.2715876261255569,nan,nan,4.059879674110562
305,5,8,3,ok,29.083293126066916,1.876817524433136,2.081829973132961,4.2047150819562376
306,0,8,3,no_surface,0.25679040864769653,nan,nan,4.056086972355843
307,1,8,3,no_axis,0.11568274865712368,nan,nan,3.625370752066374
308,2,8,3,no_axis,0.12109372144658975,nan,nan,3.611292902380228
309,3,8,3,no_surface,0.25757882927795483,nan,nan,3.9996621562168
310,4,8,3,no_surface,0.2627556617421731,nan,nan,4.0035032676532865
311,5,8,3,no_axis,0.10978658441664368,nan,nan,3.6608931170776486
312,0,8,3,no_surface,0.25154886534729115,nan,nan,4.0846891440451145
313,1,8,3,no_surface,0.2864463824292934,nan,nan,3.9974888414144516
314,2,8,3,no_surface,0.27403585300011074,nan,nan,3.980136390775442
315,3,8,3,no_surface,0.2491552406420089,nan,nan,3.9992105211131275
316,4,8,3,no_axis,0.12036613085138226,nan,nan,3.6327123548835516
317,5,8,3,no_surface,0.2517051284279227,nan,nan,4.035054815001786
318,0,8,3,no_surface,0.24910644143762517,nan,nan,4.0581847205758095
319,1,8,3,no_surface,0.2577295150237558,nan,nan,3.997662179172039
320,2,8,3,no_surface,0.259288597403746,nan,nan,3.985747557133436
321,3,8,3,no_surface,0.25350785145712473,nan,nan,4.0004074508324265
322,4,8,3,no_axis,0.11482978903648332,nan,nan,3.6333596096374094
323,5,8,3,ok,4.345976364621873,1.988835096359253,2.4116670036148298,4.113076376263052
324,0,8,3,ok,5.462104262583231,1.9546003341674805,2.229587918536322,4.131299082189798
325,1,8,3,no_surface,0.2613531009758539,nan,nan,4.000294465571642
326,2,8,3,ok,5.547573249680179,2.6137378215789795,2.7544140043116427,4.05782800167799
327,3,8,3,ok,13.914970117908041,1.696240484714508,1.7561805671299318,4.14726475905627
328,4,8,3,no_axis,0.11512100406637814,nan,nan,3.6324308970943093
329,5,8,3,no_surface,0.258473552703925,nan,nan,4.0349342450499535
330,0,8,3,ok,4.043511498747634,1.8697695378515027,2.07021164894104,4.131634909659624
331,1,8,3,ok,8.821641258750654,2.135425329208374,2.3366399517196292,4.1444067396223545
332,2,8,3,ok,5.025508442628528,2.174910008907318,2.307960584137844,4.054446268826723
333,3,8,3,no_surface,0.2690614096226681,nan,nan,4.000956228934228
334,4,8,3,ok,22.388508175224107,1.6777674056767067,1.7475110590457916,4.081310930196196
335,5,8,3,no_surface,0.25874157293530964,nan,nan,4.035210148897022
336,0,8,3,no_surface,0.2578112993795829,nan,nan,4.0533900372684
337,1,8,3,no_surface,0.27023464770655603,nan,nan,3.998169530183077
338,2,8,3,no_surface,0.2531622147473724,nan,nan,3.981349188834429
339,3,8,3,no_surface,0.2378517943270218,nan,nan,4.00036011589691
340,4,8,3,ok,3.8010583580644854,1.7393050704687192,1.9008376598358154,4.082421789877117
341,5,8,3,no_axis,0.114659787575704,nan,nan,3.672667718026787
342,0,8,3,no_surface,0.23799537260587839,nan,nan,4.0566121712327
343,1,8,3,ok,10.214452633001102,1.9280291311442852,1.9538792887633936,4.141237501055002
344,2,8,3,no_surface,0.26014769101760027,nan,nan,3.9797531329095364
345,3,8,3,no_surface,0.24909590958419503,nan,nan,3.997360410168767
346,4,8,3,no_surface,0.2603111524301104,nan,nan,4.0026562488637865
347,5,8,3,ok,7.377307398385955,2.3402356384881946,2.3775681595493934,4.167705069296062
348,0,8,3,no_surface,0.24253137249563245,nan,nan,4.053182784467936
349,1,8,3,ok,61.420486490543134,1.0612135129054832,1.1082520660196122,4.148559045046568
350,2,8,3,ok,5.673435943519583,1.9224187875726,1.9259962290461392,4.0570883341133595
351,3,8,3,no_surface,0.2657635490447654,nan,nan,4.001447344198823
352,4,8,3,no_axis,0.12165389666013658,nan,nan,3.6282549826428294
353,5,8,3,no_surface,0.26140970129245505,nan,nan,4.0366678149439394
354,0,8,3,ok,4.066827431328652,2.654789927821549,2.9347087144851685,4.132308315485716
355,1,8,3,no_surface,0.26907459677068785,nan,nan,4.000354450196028
356,2,8,3,no_surface,0.2727171357220392,nan,nan,3.983167950063944
357,3,8,3,no_axis,0.12142515476628463,nan,nan,3.7080356627702713
358,4,8,3,ok,4.846156517321679,1.897626280784607,2.076350714453553,4.134713438339531
359,5,8,3,no_axis,0.11390781680512783,nan,nan,3.6597147304564714
360,0,8,3,ok,10.486626126074917,1.9492160081863403,1.999837530833124,4.208381172269583
361,1,8,3,ok,4.910465916762528,1.880607008934021,1.9397564186103449,4.076964441686869
362,2,8,3,ok,27.717037114512337,2.083180432878407,2.1112442314624786,4.132752951234579
363,3,8,3,no_axis,0.11783013398800948,nan,nan,3.648493085987866
364,4,8,3,no_axis,0.11616491694042735,nan,nan,3.683408200275153
365,5,8,3,no_surface,0.2537874229433134,nan,nan,4.0326389339752495
366,0,8,3,no_surface,0.25348518706421713,nan,nan,4.0556235909461975
367,1,8,3,no_surface,0.2715981538945912,nan,nan,4.001773674041033
368,2,8,3,no_surface,0.26127416701515493,nan,nan,3.9816139936447144
369,3,8,3,no_axis,0.11516094948513263,nan,nan,3.6275665047578514
370,4,8,3,no_axis,0.11885095656381353,nan,nan,3.6332137919962406
371,5,8,3,no_surface,0.2527070893016145,nan,nan,4.035976664163172
372,0,8,3,no_surface,0.25389288128697046,nan,nan,4.0552124716341496
373,1,8,3,no_axis,0.11822288817641986,nan,nan,3.6274123191833496
374,2,8,3,no_surface,0.246511812592653,nan,nan,3.9834173135459423
375,3,8,3,ok,4.323808042624584,1.734549880027771,2.009761526015124,4.076744568999857
376,4,8,3,no_surface,0.26026628415794345,nan,nan,4.004328819923103
377,5,8,3,no_axis,0.11876412951690757,nan,nan,3.6595894498750567
378,0,8,3,no_axis,0.11549975717387369,nan,nan,3.6802637800574303
379,1,8,3,no_axis,0.11836075597195941,nan,nan,3.6254891492426395
380,2,8,3,ok,18.39368514459888,2.250566693312221,2.32418492436409,4.133413705974817
381,3,8,3,no_surface,0.29150292205347017,nan,nan,3.99654795601964
382,4,8,3,no_surface,0.2764517127298588,nan,nan,4.005097588058561
383,5,8,3,no_axis,0.11584575152837125,nan,nan,3.656349950004369
