trajectory_id,nfp,nc,initial_total,initial_volume_qs,initial_coil,initial_length_mean_m,initial_effective_radius_m,initial_curvature_p95_per_m,initial_curvature_max_per_m,initial_min_intercoil_distance_m,initial_min_z_axis_distance_m,initial_quality_length,initial_quality_curvature_p95,initial_quality_curvature_max,initial_quality_spacing,initial_quality_axis_distance,initial_quality_high_mode,initial_quality_current,initial_points_length,initial_points_curvature_p95,initial_points_curvature_max,initial_points_spacing,initial_points_axis_distance,initial_points_high_mode,initial_points_current,initial_points_curvature,initial_points_distance,initial_points_other,initial_points_total,best_total,best_volume_qs,best_coil,best_length_mean_m,best_effective_radius_m,best_curvature_p95_per_m,best_curvature_max_per_m,best_min_intercoil_distance_m,best_min_z_axis_distance_m,best_quality_length,best_quality_curvature_p95,best_quality_curvature_max,best_quality_spacing,best_quality_axis_distance,best_quality_high_mode,best_quality_current,best_points_length,best_points_curvature_p95,best_points_curvature_max,best_points_spacing,best_points_axis_distance,best_points_high_mode,best_points_current,best_points_curvature,best_points_distance,best_points_other,best_points_total,delta_total,delta_volume_qs,delta_coil,delta_length_mean_m,delta_effective_radius_m,delta_curvature_p95_per_m,delta_curvature_max_per_m,delta_min_intercoil_distance_m,delta_min_z_axis_distance_m,delta_quality_length,delta_quality_curvature_p95,delta_quality_curvature_max,delta_quality_spacing,delta_quality_axis_distance,delta_quality_high_mode,delta_quality_current,delta_points_length,delta_points_curvature_p95,delta_points_curvature_max,delta_points_spacing,delta_points_axis_distance,delta_points_high_mode,delta_points_current,delta_points_curvature,delta_points_distance,delta_points_other,delta_points_total
axisflip_case_0000004,8,1,7.081282127184123,5.032427071193142,72.11734127961603,1.585812998107828,0.25238997746823927,7.42657537249366,8.608550016912586,0.0426896556493951,0.8223161555278552,0.8888193958331895,0.5955064278508998,0.8433159862111026,0.3338380085767974,0.8450861064728863,0.9995740808822403,0.8648648648648649,14.221110333331032,11.910128557017996,10.119791834533231,6.676760171535948,10.141033277674635,12.994463051469124,6.054054054054055,22.02992039155123,16.817793449210583,33.26962743885421,72.11734127961603,64.54180576363876,26.438331466275127,73.57073321225755,1.938978166034487,0.3085979596716464,7.201935774304813,8.265565154103703,0.0630485656721811,0.6946709447234004,0.857813684522412,0.6050867747514962,0.8496552826184901,0.43488848198157437,0.816699612537941,0.9996843330235623,0.8648648648648649,13.725018952358592,12.101735495029924,10.19586339142188,8.697769639631488,9.800395350455291,12.99589632930631,6.054054054054055,22.297598886451805,18.498164990086778,32.77496933571896,73.57073321225754,57.46052363645464,21.405904395081983,1.453391932641523,0.353165167926659,0.056207982203407114,-0.2246395981888467,-0.3429848628088834,0.020358910022786003,-0.1276452108044548,-0.03100571131077745,0.009580346900596393,0.006339296407387507,0.10105047340477696,-0.0283864939349453,0.00011025214132198702,0.0,-0.4960913809724392,0.19160693801192785,0.07607155688864964,2.0210094680955404,-0.34063792721934405,0.0014332778371866084,0.0,0.2676784949005757,1.6803715408761946,-0.4946581031352508,1.4533919326415088
axisflip_case_0000010,7,2,25.212721884948692,21.95101931818441,70.24748813113682,1.5676645479644682,0.24950156191846676,8.18902371484192,9.697786887900056,0.03350742049763146,0.7123077690974057,0.8904018576018796,0.5645693111683995,0.8234851386070438,0.27742197509582484,0.821160709363821,0.9999425369709545,0.9180327897070679,14.246429721630074,11.29138622336799,9.881821663284525,5.548439501916497,9.853928512365853,12.999252980622408,6.426229527949476,21.173207886652513,15.402368014282349,33.671912230201954,70.24748813113682,77.76678909647954,54.79932247945203,71.09733291879512,1.850732791807066,0.2945532721583582,6.057101932624824,7.60095418299718,0.02808255921625691,0.6194302200439538,0.8655834093669136,0.6574069035195368,0.862057985634343,0.24020321567418246,0.7952031699355421,0.9998390370788407,0.9158220908837945,13.849334549870617,13.148138070390736,10.344695827612115,4.804064313483649,9.542438039226505,12.99790748202493,6.410754636186563,23.49283389800285,14.346502352710154,33.25799666808211,71.09733291879512,52.55406721153085,32.84830316126762,0.8498447876582986,0.28306824384259777,0.045051710239891435,-2.1319217822170957,-2.0968327049028765,-0.005424861281374548,-0.09287754905345191,-0.02481844823496604,0.09283759235113731,0.03857284702729924,-0.03721875942164238,-0.025957539428278942,-0.00010349989211377864,-0.002210698823273405,-0.39709517175945663,1.8567518470227462,0.4628741643275909,-0.7443751884328478,-0.3114904731393473,-0.0013454985974785671,-0.0154748917629135,2.319626011350337,-1.055865661572195,-0.4139155621198469,0.8498447876582986
axisflip_case_0000011,8,2,31.28242113309612,17.529112104228876,69.98185924018789,1.19491573980712,0.1901767465686122,9.142476445092106,9.668934047613291,0.03051217378444759,0.8116197763797736,0.9223682652661397,0.5291045458539655,0.8240042715482372,0.25725385211259144,0.8430180488218754,0.9999828899206731,0.927536231884058,14.757892244258235,10.58209091707931,9.888051258578846,5.145077042251829,10.116216585862505,12.99977756896875,6.492753623188407,20.470142175658154,15.261293628114334,34.25042343641539,69.98185924018789,74.734511624834,52.79258894783858,69.17913407616128,1.624268193761967,0.25851031194416146,9.95740048119378,14.039918487127423,0.044613996705887705,0.6374798805200401,0.8854610862905539,0.5013874381201846,0.7495346880556183,0.34470943636564716,0.8007592456015417,0.9998053732782084,0.9269745927561629,14.167377380648862,10.027748762403693,8.994416256667419,6.894188727312943,9.6091109472185,12.997469852616709,6.488822149293141,19.02216501907111,16.503299674531444,33.65366938255871,69.17913407616126,43.45209049173788,35.26347684360971,-0.8027251640266115,0.429352453954847,0.06833356537554927,0.8149240361016741,4.370984439514132,0.014101822921440115,-0.17413989585973344,-0.03690717897558582,-0.027717107733780888,-0.0744695834926189,0.08745558425305572,-0.04225880322033371,-0.00017751664246468124,-0.0005616391278950861,-0.5905148636093731,-0.5543421546756164,-0.8936350019114272,1.7491116850611137,-0.5071056386440045,-0.002307716352040856,-0.003931473895265825,-1.4479771565870436,1.24200604641711,-0.596754053856678,-0.8027251640266257
axisflip_case_0000014,4,3,2.3913122249732512,7.17931012447241,74.51449465349758,1.4798139831416748,0.2355197102735042,8.130532702395028,10.591619170945037,0.08077227030798097,0.6712456561556561,0.8980360835063553,0.5668587440683369,0.807576951506016,0.5026419231534066,0.810456845643955,0.9999904423615373,0.905660379494482,14.368577336101685,11.337174881366739,9.690923418072192,10.052838463068133,9.72548214772746,12.999875750699985,6.3396226564613745,21.02809829943893,19.778320610795593,33.708075743263045,74.51449465349756,12.09261738961974,17.688847480517733,73.58245837846181,1.580666253029337,0.25157084754816356,8.405456052393056,9.685529751284626,0.07399926000387082,0.595063647080421,0.8892683359383744,0.5562151454140938,0.8237056322309054,0.47857096096771207,0.7872488462209917,0.9999581417054921,0.9039333274596499,14.22829337501399,11.124302908281877,9.884467586770866,9.571419219354242,9.4469861546519,12.999455842171397,6.3275332922175505,21.008770495052744,19.018405374006143,33.555282509402936,73.58245837846182,9.701305164646488,10.509537356045323,-0.9320362750357702,0.10085226988766216,0.016051137274659344,0.27492334999802814,-0.906089419660411,-0.00677301030411015,-0.07618200907523509,-0.008767747567980932,-0.010643598654243136,0.016128680724889377,-0.024070962185694544,-0.023207999422963366,-3.230065604520327e-05,-0.0017270520348320328,-0.14028396108769492,-0.21287197308486228,0.19354416869867386,-0.48141924371389067,-0.27849599307556083,-0.00041990852858830863,-0.012089364243824008,-0.019327804386186642,-0.7599152367894497,-0.152793233860109,-0.9320362750357418
axisflip_case_0000016,6,3,7.132665535288184,8.539566158342874,66.24729898756631,1.1103586711472684,0.17671907111803603,15.221931621860541,23.576445388080014,0.047475323110813934,0.7260315012081735,0.9294136999812503,0.36674699421487655,0.6163584190294515,0.3603147671002884,0.8244990081998749,0.999976991897648,0.9350649343059537,14.870619199700005,7.3349398842975315,7.3963010283534185,7.2062953420057685,9.893988098398498,12.999700894669424,6.545454540141677,14.73124091265095,17.10028344040427,34.41577463451111,66.24729898756632,79.32446459479563,62.67767042064508,73.20683090998064,1.598804534825689,0.25445764475524674,8.494566862399122,12.409809467918008,0.07568350403472147,0.5879654563651998,0.887685600595594,0.5528285463715076,0.7762999659081092,0.484751467204675,0.7848270072175136,0.9997886739063016,0.9316406558054398,14.202969609529504,11.056570927430151,9.31559959089731,9.6950293440935,9.417924086610164,12.99725276078192,6.521484590638079,20.37217051832746,19.112953430703662,33.721706960949504,73.20683090998062,72.19179905950745,54.13810426230221,6.959531922414328,0.4884458636784206,0.0777385736372107,-6.72736475946142,-11.166635920162006,0.02820818092390754,-0.1380660448429737,-0.04172809938565636,0.18608155215663102,0.1599415468786577,0.12443670010438657,-0.03967200098236123,-0.00018831799134644278,-0.0034242785005139664,-0.6676495901705017,3.7216310431326196,1.9192985625438919,2.4887340020877318,-0.4760640117883348,-0.00244813388750309,-0.023969949503597654,5.6409296056765115,2.0126699902993934,-0.6940676735616051,6.9595319224143
axisflip_case_0000017,7,3,61.847069479558094,26.079022395259948,63.10847490792828,1.3125439245992105,0.20889785362520033,11.040192245633982,14.211087455146972,0.003907091126830615,0.7236512683265081,0.9124177949351585,0.4678831383460958,0.7467948931102114,0.034852473909981335,0.8239280780911755,0.9999739008149527,0.943820225547595,14.598684718962536,9.357662766921916,8.961538717322536,0.6970494781996267,9.887136937094105,12.999660710594386,6.606741578833166,18.319201484244452,10.584186415293733,34.20508700839009,63.10847490792827,78.65174060906409,57.82452780122879,68.7261730084063,1.5974008566464655,0.2542342424345131,8.822687875938351,11.422772377305199,0.028650432984993895,0.6712855071665724,0.8878081407707348,0.5406193054157606,0.7930956045253075,0.24424528484246716,0.8104677891026365,0.9997047701127534,0.9407183165584088,14.204930252331756,10.812386108315213,9.51714725430369,4.884905696849343,9.725613469231638,12.996162011465794,6.585028215908862,20.329533362618903,14.61051916608098,33.78612047970641,68.72617300840629,16.804671129505998,31.745505405968842,5.617698100478023,0.28485693204725493,0.04533638880931276,-2.2175043696956305,-2.788315077841773,0.02474334185816328,-0.05236576115993563,-0.024609654164423733,0.07273616706966485,0.04630071141509606,0.20939281093248582,-0.013460288988539015,-0.00026913070219936053,-0.003101908989186275,-0.39375446663077973,1.4547233413932972,0.5556085369811541,4.187856218649717,-0.16152346786246774,-0.003498699128591909,-0.021713362924304036,2.0103318783744513,4.0263327507872475,-0.4189665286836757,5.617698100478023
axisflip_case_0000018,8,3,52.08279295450676,34.53820660121124,62.07695786788317,1.5713534110997365,0.2500886627208342,9.822331570039779,19.46757235331158,0.0030465782755080707,0.6090141143512573,0.8900803404945035,0.5058258709494329,0.6690557645886671,0.026731735290398937,0.7918691001493207,0.9999966606348419,0.9504950471522401,14.241285447912055,10.116517418988657,8.028669175064005,0.5346347058079788,9.502429201791848,12.999956588252946,6.653465330065681,18.14518659405266,10.037063907599826,33.89470736623068,62.07695786788317,81.82583733832878,66.97866845952791,66.2580235271784,1.600472093694182,0.25472304499206416,9.15771730080036,17.745932234454624,0.022241510762134764,0.6370576943098776,0.8875400118565854,0.528565010007915,0.6931803489589982,0.19653819465963843,0.8006323791984273,0.9998462158180816,0.9473665286568272,14.200640189705366,10.5713002001583,8.318164187507978,3.9307638931927684,9.607588550381127,12.998000805635062,6.6315657005977915,18.88946438766628,13.538352443573896,33.830206695938216,66.2580235271784,29.743044383822024,32.44046185831667,4.181065659295221,0.02911868259444561,0.004634382271229975,-0.6646142692394186,-1.721640118856957,0.019194932486626695,0.02804357995862028,-0.002540328637918088,0.022739139058482127,0.024124584370331048,0.1698064593692395,0.008763279049106676,-0.00015044481676029786,-0.0031285184954128464,-0.040645258206689405,0.45478278116964255,0.28949501244397347,3.3961291873847896,0.10515934858927878,-0.0019557826178839832,-0.021899629467889703,0.7442777936136196,3.5012885359740693,-0.06450067029246753,4.181065659295221
axisflip_case_0000021,4,4,3.778445982971144,12.340356610928941,70.52583315154793,1.4919309704114485,0.2374481886928703,7.747493734603441,14.316953243819377,0.042580691678491066,0.5913930235571315,0.8969859193995491,0.582192512014947,0.7451070833577959,0.3332130944729873,0.7860025828902962,0.9999905148639194,0.927536231884058,14.351774710392785,11.64385024029894,8.94128500029355,6.6642618894597465,9.432030994683554,12.999876693230952,6.492753623188407,20.585135240592493,16.096292884143303,33.84440502681215,70.52583315154794,78.78056021528228,61.8255325228178,72.7839978204443,1.9992996562462446,0.318198423013517,6.657765668284948,10.396117403323853,0.06613445991818638,0.40696203433527345,0.8525016911193786,0.6292128685522792,0.811027242751554,0.4478477820519699,0.7010877571071342,0.9997274429970876,0.9229887133118385,13.640027057910057,12.584257371045585,9.732326913018648,8.956955641039398,8.413053085285611,12.99645675896214,6.460920993182871,22.316584284064234,17.37000872632501,33.09740481005507,72.78399782044431,75.00211423231113,49.48517591188886,2.25816466889637,0.5073686858347961,0.08075023432064668,-1.089728066318493,-3.920835840495524,0.023553768239695315,-0.18443098922185808,-0.04448422828017051,0.047020356537332164,0.06592015939375817,0.1146346875789826,-0.084914825783162,-0.00026307186683183215,-0.004547518572219467,-0.7117476524827282,0.9404071307466442,0.7910419127250972,2.2926937515796517,-1.0189779093979432,-0.0034199342688125967,-0.03183263000553627,1.7314490434717413,1.2737158421817085,-0.7470002167570797,2.25816466889637
axisflip_case_0000022,5,4,34.84456104674652,23.65152938088473,70.67162449915202,1.5317419278509297,0.24378429935858478,9.461099638094238,12.994122967220157,0.05394094432902382,0.5751937578533557,0.8935290210971933,0.5179960776950876,0.766565936378303,0.39327882654859336,0.7803432018125025,0.9998859326396916,0.9411764705882353,14.296464337555093,10.359921553901753,9.198791236539636,7.865576530971867,9.36411842175003,12.998517124315992,6.588235294117648,19.55871279044139,17.229694952721896,33.883216755988734,70.67162449915202,78.80194760593324,64.78752906184138,70.54476399956036,1.7907814772724482,0.2850117241053168,8.279287042538112,11.629187834219332,0.047360687197953555,0.5334102327445681,0.8708574269453488,0.5610628524053272,0.7895468179374844,0.3597020540290777,0.764438241286285,0.9997994000483668,0.9357905897760974,13.933718831125582,11.221257048106544,9.474561815249812,7.194041080581553,9.17325889543542,12.997392200628768,6.550534128432683,20.695818863356358,16.367299976016973,33.48164516018703,70.54476399956036,43.957386559186716,41.13599968095666,-0.12686049959165757,0.2590395494215185,0.041227424746731994,-1.181812595556126,-1.3649351330008255,-0.006580257131070265,-0.04178352510878758,-0.0226715941518445,0.043066774710239564,0.022980881559181432,-0.033576772519515685,-0.015904960526217482,-8.653259132485047e-05,-0.0053858808121378665,-0.362745506429512,0.8613354942047913,0.2757705787101763,-0.6715354503903139,-0.19085952631460934,-0.0011249236872235002,-0.03770116568496462,1.1371060729149676,-0.8623949767049233,-0.4015715958017054,-0.12686049959165757
axisflip_case_0000023,6,4,64.58514543669116,42.48180169359248,67.41766550360641,1.4997602965039754,0.23869426464157428,8.874565350924593,13.290701385901514,0.020367445709668315,0.7199638189165924,0.8963068532273931,0.5387258973812474,0.7616850619405018,0.18169618691492923,0.8230369745508541,0.9998603383140493,0.9504950471522401,14.34090965163829,10.774517947624949,9.140220743286022,3.6339237382985843,9.876443694610249,12.99818439808264,6.653465330065681,19.914738690910973,13.510367432908833,33.99255937978661,67.41766550360641,80.32747301555956,64.24643718350576,71.29180633972864,1.6685056581808002,0.26555092307627065,7.421151764284809,14.110900142237172,0.04623687477313087,0.6352739429627039,0.881590053986288,0.5957351774561574,0.7483968994931689,0.353640749262826,0.8000947629243249,0.9997199609035853,0.9457982144016894,14.105440863780608,11.91470354912315,8.980762793918027,7.07281498525652,9.601137155091898,12.996359491746608,6.620587500811827,20.89546634304118,16.67395214034842,33.72238785633905,71.29180633972864,15.742327578868398,21.76463548991328,3.8741408361222227,0.16874536167682486,0.026856658434696368,-1.4534135866397841,0.8201987563356585,0.025869429063462554,-0.08468987595388855,-0.014716799241105138,0.05700928007491002,-0.013288162447332885,0.1719445623478968,-0.022942211626529208,-0.00014037741046402097,-0.004696832750550661,-0.23546878785768222,1.1401856014982013,-0.1594579493679955,3.438891246957936,-0.2753065395183505,-0.0018249063360329387,-0.032877829253854074,0.9807276521302057,3.163584707439586,-0.2701715234475657,3.8741408361222227
axisflip_case_0000024,7,4,69.1031052282417,43.79738709174438,67.71415053435351,1.2864681758810017,0.20474776932187524,9.203037348289898,12.136117809602638,0.021232241341173814,0.6626916080415756,0.9146369089186266,0.5269655535817707,0.7809129482741023,0.1885963902400187,0.8080813024192951,0.9999950304081282,0.9572649587990358,14.634190542698025,10.539311071635414,9.370955379289228,3.771927804800374,9.696975629031542,12.999935395305666,6.7008547115932515,19.91026645092464,13.468903433831915,34.33498064959694,67.71415053435351,80.58557918969339,65.4613069422422,61.227693554246,1.5168254388490452,0.24141026640035895,13.315002385293324,26.357034077592235,0.013302053361909934,0.6499642454368588,0.8948253949402515,0.4080099666441125,0.5842720052187838,0.12201140866972915,0.8044464247037619,0.999673085112334,0.9499554947706081,14.317206319044024,8.16019933288225,7.011264062625405,2.440228173394583,9.653357096445143,12.995750106460342,6.6496884633942575,15.171463395507654,12.093585269839727,33.96264488889862,61.227693554246,11.482473961451689,21.66391985049782,-6.486456980107505,0.23035726296804349,0.03666249707848371,4.111965037003426,14.220916267989598,-0.00793018797926388,-0.012727362604716741,-0.019811513978375106,-0.11895558693765818,-0.19664094305531854,-0.06658498157028955,-0.003634877715533169,-0.0003219452957942126,-0.007309464028427692,-0.3169842236540017,-2.3791117387531635,-2.359691316663823,-1.3316996314057912,-0.04361853258639847,-0.004185288845324209,-0.05116624819899407,-4.738803055416987,-1.3753181639921888,-0.37233576069832,-6.486456980107505
axisflip_case_0000025,8,4,68.70515095487461,41.00031932324206,66.62726179065295,1.2723031159079259,0.20249333000796707,9.514018749507212,15.999948332003456,0.020356113798047124,0.6500730557977042,0.9158393873476159,0.5161854284056031,0.7189612864542767,0.18160518387585636,0.8044780228791969,0.9999927330920814,0.9624060150375939,14.653430197561855,10.323708568112062,8.627535437451321,3.632103677517127,9.653736274550363,12.999905530197058,6.736842105263158,18.95124400556338,13.28583995206749,34.39017783302207,66.62726179065295,78.94635809057165,61.07475889933222,62.997488401384636,1.402511746385012,0.22321667718162136,10.48915485186872,14.829312885084168,0.004685269663357582,0.590076811965448,0.9047112073185973,0.4844840366824722,0.7370110146864447,0.042234583599321786,0.7855525140282135,0.9998014163636338,0.9599365601925783,14.475379317097557,9.689680733649444,8.844132176237336,0.8446916719864357,9.426630168338562,12.99741841272724,6.719555921348049,18.53381290988678,10.271321840324998,34.192353651172844,62.99748840138462,10.241207135697039,20.074439576090157,-3.6297733892683155,0.1302086304770862,0.02072334717365429,0.9751361023615086,-1.1706354469192881,-0.01567084413468954,-0.05999624383225621,-0.011128180029018608,-0.03170139172313091,0.018049728232167994,-0.13937060027653458,-0.01892550885098343,-0.00019131672844752146,-0.002469454845015595,-0.17805088046429773,-0.6340278344626178,0.2165967387860146,-2.7874120055306912,-0.22710610621180116,-0.002487117469817335,-0.017286183915109277,-0.4174310956766014,-3.0145181117424933,-0.1978241818492279,-3.6297733892683297
axisflip_case_0000027,5,1,1.0667077404783842,1.666765440021128,78.7497323498506,1.4892325569150553,0.23701872284641343,11.244278575758994,12.772821030552677,0.3933865928446489,0.8814127661447916,0.8972198710408693,0.4619594938897658,0.7702342196286036,0.8522102747470593,0.8556783928062346,0.9999898224032405,0.8,14.355517936653909,9.239189877795317,9.242810635543243,17.04420549494119,10.268140713674814,12.999867691242127,5.600000000000001,18.482000513338562,27.312346208616002,32.955385627896035,78.7497323498506,1.709200413703779,1.219253749733814,78.68999439059284,1.4864187648436473,0.23657089392941605,11.079876044540706,13.213380701201952,0.3831218734520337,0.8826492803787007,0.897463775306145,0.4667220128458145,0.7629536637927489,0.848509602619768,0.855886017313452,0.999989654085266,0.8,14.35942040489832,9.33444025691629,9.155443965512987,16.97019205239536,10.270632207761425,12.999865503108458,5.600000000000001,18.489884222429275,27.240824260156785,32.95928590800678,78.68999439059284,0.6424926732253948,-0.44751169028731397,-0.0597379592577596,-0.0028137920714079723,-0.00044782891699737815,-0.16440253121828796,0.44055967064927515,-0.010264719392615196,0.0012365142339091362,0.0002439042652756518,0.004762518956048678,-0.007280555835854741,-0.0037006721272913046,0.00020762450721745207,-1.683179745581853e-07,0.0,0.0039024682444104286,0.0952503791209729,-0.08736667003025644,-0.07401344254582654,0.002491494086610757,-2.188133668923342e-06,0.0,0.007883709090712898,-0.07152194845921755,0.0039002801107415053,-0.0597379592577596
axisflip_case_0000028,6,1,4.374483161189709,4.32031020268351,75.01958781455271,1.5660364384980112,0.24924244024898543,8.494000362376198,9.163999750604699,0.0926265154096731,0.8129687106788842,0.8905437394092541,0.5528499791793086,0.8331444250458601,0.5402138750515364,0.8432815899833123,0.9999534804455025,0.8275862104637337,14.248699830548066,11.05699958358617,9.99773310055032,10.804277501030729,10.119379079799748,12.999395245791533,5.793103473246137,21.05473268413649,20.923656580830475,33.04119854958574,75.01958781455271,12.32055117407637,10.845860368007127,71.95880419623397,1.7438199867573803,0.27753757075488056,7.250199520401888,8.930049509224922,0.048336402971883345,0.681854419314893,0.8749841088545234,0.6030100591054565,0.8374139819804014,0.36488453857953107,0.8133306056730967,0.9999329212133635,0.8275862104637337,13.999745741672374,12.060201182109129,10.048967783764816,7.297690771590622,9.75996726807716,12.999127975773726,5.793103473246137,22.109168965873945,17.057658039667782,32.791977190692236,71.95880419623397,7.94606801288666,6.525550165323617,-3.0607836183187374,0.17778354825936904,0.028295130505895133,-1.24380084197431,-0.2339502413797767,-0.04429011243778975,-0.13111429136399122,-0.015559630554730752,0.050160079926147905,0.004269556934541341,-0.17532933647200533,-0.02995098431021559,-2.055923213895028e-05,0.0,-0.24895408887569204,1.003201598522958,0.05123468321449565,-3.506586729440107,-0.3594118117225875,-0.0002672700178063536,0.0,1.0544362817374555,-3.8659985411626927,-0.24922135889350017,-3.0607836183187374
axisflip_case_0000030,8,1,6.746954942854221,3.9319389112412284,78.82996658389978,1.2959810904706777,0.20626179670203318,8.644852149062945,10.05653348285249,0.1789259311951985,0.8712868911273817,0.9138281517963979,0.5471860157047163,0.8170594539962398,0.7079482163914156,0.853957621391851,0.9999825041941245,0.8648648648648649,14.621250428742366,10.943720314094325,9.804713447954878,14.158964327828311,10.247491456702212,12.999772554523618,6.054054054054055,20.748433762049203,24.40645578453052,33.67507703732004,78.82996658389976,21.518741994820786,14.111126677736841,76.5678798861655,1.553348832980438,0.24722314511486365,7.667662627620494,8.185772758924617,0.09924577147584696,0.8242188825282939,0.8916489242335636,0.5854640905935812,0.8511362207041954,0.5590062491045787,0.8454488440436017,0.9999242671875133,0.8648648648648649,14.266382787737017,11.709281811871623,10.213634648450345,11.180124982091575,10.14538612852322,12.999015473437673,6.054054054054055,21.922916460321968,21.325511110614798,33.319452315228745,76.56787988616551,14.771787051966566,10.179187766495613,-2.2620866977342757,0.25736774250976024,0.04096134841283047,-0.9771895214424511,-1.870760723927873,-0.07968015971935155,-0.047068008599087774,-0.022179227562834303,0.03827807488886492,0.034076766707955564,-0.14894196728683684,-0.008508777348249397,-5.8237006611228104e-05,0.0,-0.35486764100534884,0.7655614977772984,0.40892120049546676,-2.978839345736736,-0.10210532817899143,-0.0007570810859451882,0.0,1.1744826982727652,-3.080944673915724,-0.35562472209129226,-2.2620866977342473
axisflip_case_0000033,4,2,2.4100757953364114,3.5074116335579575,78.34340479990726,1.670830432746898,0.2659209224400394,6.8213306566667,8.047938953565195,0.1328737589327552,0.6904764746748298,0.8813864169788017,0.6218221867378658,0.8536997382363606,0.6360151523375296,0.8156091312028018,0.9999011430318854,0.8648648648648649,14.102182671660827,12.436443734757317,10.244396858836327,12.720303046750592,9.787309574433621,12.998714859414509,6.054054054054055,22.680840593593643,22.507612621184215,33.15495158512939,78.34340479990725,4.172314952562888,2.874106123848217,78.43891583719638,1.6711961401251654,0.26597912657701583,6.504516826764138,7.950271869607463,0.12735369367663674,0.6929932652876889,0.8813543813403062,0.6362476833035913,0.855520239996761,0.6251429821570157,0.816264841360441,0.9999026244709607,0.8641824760186324,14.101670101444899,12.724953666071826,10.266242879961132,12.502859643140313,9.79517809632529,12.998734118122488,6.049277332130427,22.99119654603296,22.298037739465606,33.14968155169782,78.43891583719638,1.7622391572264768,-0.6333055097097406,0.09551103728911414,0.0003657073782674658,5.820413697643634e-05,-0.31681382990256246,-0.09766708395773183,-0.0055200652561184504,0.0025167906128591433,-3.203563849552005e-05,0.014425496565725449,0.0018205017604003837,-0.010872170180513896,0.000655710157639211,1.481439075301516e-06,-0.0006823888462325067,-0.0005125702159283207,0.2885099313145094,0.02184602112480505,-0.2174434036102788,0.007868521891669644,1.925870797947482e-05,-0.004776721923628102,0.31035595243931624,-0.20957488171860916,-0.005270033431571619,0.09551103728912835
axisflip_case_0000034,5,2,5.810274203316808,4.551892391147785,76.31950244358958,1.3463572007810027,0.214279403671664,9.312965528124767,12.241197017178235,0.13764016620166503,0.7057036018414354,0.9095300760684547,0.5231162033541369,0.7791378423923432,0.6449416645913014,0.8195133014546709,0.9999867630153203,0.8888888888888888,14.552481217095275,10.462324067082738,9.349654108708119,12.898833291826028,9.834159617456052,12.999827919199165,6.222222222222222,19.811978175790856,22.732992909282082,33.77453135851666,76.3195024435896,14.071513283767576,14.339344029983447,73.42230658206648,1.5179803216141896,0.24159407170112335,7.9415529587290035,8.943396796304011,0.0630474846027675,0.6552005667532087,0.8947250727633345,0.5743494061507967,0.8371698177622776,0.43488384659126034,0.8059567231855195,0.9998627874928713,0.8866150906044429,14.315601164213351,11.486988123015934,10.046037813147331,8.697676931825207,9.671480678226233,12.998216237407327,6.206305634231101,21.533025936163263,18.369157610051438,33.52012303585178,73.42230658206648,8.261239080450768,9.787451638835662,-2.8971958615231017,0.17162312083318687,0.027314668029459338,-1.3714125693957637,-3.2978002208742243,-0.07459268159889752,-0.05050303508822673,-0.014805003305120246,0.05123320279665977,0.05803197536993443,-0.21005781800004109,-0.013556578269151465,-0.00012397552244902688,-0.0022737982844459603,-0.23688005288192393,1.0246640559331954,0.6963837044392118,-4.201156360000821,-0.1626789392298189,-0.0016116817918376825,-0.01591658799112139,1.7210477603724073,-4.363835299230644,-0.25440832266487945,-2.897195861523116
axisflip_case_0000035,6,2,37.74062780634582,19.44777708634127,76.70861046329088,1.5076172169810578,0.2399447323729819,6.422788698825384,6.8632263835151734,0.0768631245322773,0.7447433088497117,0.8956250027863438,0.6400433960298936,0.8759913064611126,0.48900166489615227,0.828873810319811,0.9999773186427701,0.905660379494482,14.330000044581501,12.800867920597872,10.511895677533351,9.780033297923046,9.946485723837732,12.99970514235601,6.3396226564613745,23.312763598131223,19.72651902176078,33.66932784339888,76.70861046329088,70.99381549823319,42.89723146627149,65.26354119184758,1.9016986850623767,0.30266474599903476,8.136038008014992,11.62029852504671,0.01089545613534778,0.5697233578345569,0.8610965639728188,0.5666426769312732,0.789699252655059,0.10037644090822957,0.7783713080449464,0.9998250943992232,0.9044344079860653,13.7775450235651,11.332853538625464,9.476391031860707,2.0075288181645914,9.340455696539356,12.9977262271899,6.331040855902458,20.80924457048617,11.347984514703947,33.106312106657455,65.26354119184758,33.25318769188737,23.449454379930224,-11.445069271443302,0.39408146808131894,0.06272001362605287,1.7132493091896084,4.757072141531537,-0.06596766839692952,-0.17501995101515488,-0.034528438813525075,-0.07340071909862034,-0.08629205380605354,-0.3886252239879227,-0.050502502274864636,-0.00015222424354688346,-0.0012259715084166345,-0.5524550210164012,-1.4680143819724076,-1.0355046456726438,-7.772504479758455,-0.6060300272983756,-0.001978915166109374,-0.008581800558916441,-2.5035190276450514,-8.378534507056832,-0.563015736741427,-11.445069271443302
axisflip_case_0000036,7,2,38.69557490696186,19.65239958894447,71.1580909467885,1.3618347205760002,0.21674272745384052,11.487571446103184,15.430997804464312,0.07165081902184366,0.7547726668291984,0.9082046602537788,0.4550504825529246,0.7276562459087423,0.4697260133390672,0.831138708451113,0.999962883432343,0.9180327897070679,14.53127456406046,9.101009651058492,8.731874950904908,9.394520266781344,9.973664501413356,12.999517484620458,6.426229527949476,17.8328846019634,19.368184768194702,33.957021576630396,71.15809094678849,76.99285946371909,57.59328817886973,68.77116652806536,1.809394439909208,0.2879740691145418,7.641761752914402,10.602075019440875,0.026404281110851822,0.605013097621993,0.8692206089678278,0.5865312463608595,0.8073928899701953,0.228050766865063,0.7905624894599754,0.9997649976013597,0.9142267140117064,13.907529743485245,11.73062492721719,9.688714679642343,4.56101533730126,9.486749873519706,12.996944968817676,6.399586998081945,21.419339606859534,14.047765210820966,33.304061710384865,68.77116652806536,38.297284556757226,37.94088858992526,-2.38692441872314,0.4475597193332077,0.0712313416607013,-3.845809693188782,-4.828922785023437,-0.045246537910991834,-0.14975956920720546,-0.03898405128595095,0.13148076380793494,0.07973664406145298,-0.2416752464740042,-0.040576218991137614,-0.00019788583098323542,-0.0038060756953615105,-0.6237448205752152,2.629615276158699,0.9568397287374353,-4.833504929480084,-0.4869146278936505,-0.0025725158027825046,-0.026642529867531017,3.586455004896134,-5.320419557373736,-0.6529598662455314,-2.386924418723126
axisflip_case_0000041,5,3,5.726131390600449,11.438980820173379,68.93945600375795,1.460388729968206,0.2324280852101351,11.47776665016488,16.568254402191496,0.05127696919714828,0.7110188375200409,0.8997175786348095,0.4553257637620953,0.7104213890210501,0.38006710254127146,0.820841312365154,0.999955888991792,0.9230769208579882,14.395481258156952,9.106515275241907,8.525056668252601,7.601342050825429,9.850095748381849,12.999426556893296,6.461538446005918,17.631571943494507,17.451437799207277,33.85644626105616,68.93945600375795,78.67668102170425,59.268053405796714,67.11459857973051,1.859127337692956,0.2958893056311093,8.444536010397028,11.53418250819458,0.02280561012819204,0.5426722340094711,0.864844543018021,0.5547261624476644,0.7911778169242386,0.20092516485654818,0.7681377761656057,0.9998490439280976,0.9220335224592167,13.837512688288337,11.094523248953287,9.494133803090863,4.018503297130963,9.217653313987269,12.998037571065268,6.454234657214517,20.588657052044148,13.236156611118233,33.289784916568124,67.1145985797305,72.95054963110381,47.82907258562334,-1.8248574240274422,0.3987386077247501,0.06346122042097421,-3.033230639767851,-5.0340718939969165,-0.02847135906895624,-0.16834660351056985,-0.03487303561678845,0.09940039868556905,0.08075642790318849,-0.17914193768472328,-0.05270353619954826,-0.00010684506369440516,-0.0010433983987715445,-0.5579685698686152,1.9880079737113796,0.9690771348382619,-3.5828387536944657,-0.63244243439458,-0.0013889858280276002,-0.007303788791401367,2.9570851085496415,-4.215281188089044,-0.5666613444880397,-1.8248574240274564
axisflip_case_0000042,6,3,22.207762239605056,15.12934520784969,71.46081994817467,1.1471184191543384,0.1825695667201737,11.699830733644749,18.01758831941849,0.07807370585930555,0.7547373247047902,0.9263630923324675,0.4491548409539242,0.6892894648192572,0.49329774197207016,0.8311308220366405,0.9999585253786814,0.9350649343059537,14.82180947731948,8.983096819078485,8.271473577831086,9.865954839441404,9.973569864439686,12.999460829922857,6.545454540141677,17.25457039690957,19.83952470388109,34.36672484738401,71.46081994817467,79.44507573225808,60.383396384717,70.84097581843535,1.6678966765551635,0.2654540006402984,8.760416173097557,12.048814363216783,0.05206590234593993,0.5633954807208349,0.8816433941047965,0.5429052683004542,0.7823915819693986,0.38403226716443833,0.7760505600519398,0.9997221357086968,0.9283196192845201,14.106294305676744,10.858105366009083,9.388698983632784,7.6806453432887665,9.312606720623279,12.99638776421306,6.498237334991642,20.246804349641867,16.993252063912045,33.600919404881445,70.84097581843535,57.237313492653016,45.254051176867314,-0.6198441297393202,0.5207782574008251,0.0828844339201247,-2.939414560547192,-5.968773956201707,-0.026007803513365624,-0.19134184398395526,-0.04471969822767097,0.09375042734652994,0.09310211715014138,-0.10926547480763182,-0.05508026198470062,-0.00023638966998451583,-0.006745315021433607,-0.7155151716427355,1.875008546930598,1.1172254058016975,-2.1853094961526374,-0.6609631438164065,-0.0030730657097972625,-0.04721720515003458,2.9922339527322954,-2.846272639969044,-0.7658054425025682,-0.6198441297393202
axisflip_case_0000043,7,3,17.867316765404315,15.151484441383351,64.7142105423721,1.3560831442687984,0.2158273356539791,8.521208606499123,13.346082126946555,0.0026312844793338116,0.7446121982543158,0.908697451695815,0.5518219810837777,0.7607781145166153,0.02284283586584806,0.8288438403896851,0.9999653798875212,0.943820225547595,14.53915922713304,11.036439621675553,9.129337374199384,0.4568567173169612,9.946126084676221,12.999549938537776,6.606741578833166,20.165776995874936,10.402982801993183,34.14545074450398,64.7142105423721,79.30479384110008,65.0200308021413,64.88593242616348,1.6816662486877363,0.2676454961094578,8.41350736234731,14.610966193659237,0.008468803852413637,0.6492579844863505,0.880437010467784,0.5559078993560197,0.7404465597921601,0.07797377651859369,0.8042411060561848,0.9997282618057884,0.9412267639330405,14.086992167484544,11.118157987120394,8.885358717505921,1.559475530371874,9.650893272674217,12.99646740347525,6.588587347531284,20.003516704626314,11.21036880304609,33.67204691849108,64.88593242616349,61.43747707569577,49.86854636075795,0.17172188379137765,0.3255831044189379,0.05181816045547871,-0.10770124415181215,1.264884066712682,0.005837519373079825,-0.09535421376796527,-0.028260441228030952,0.004085918272242028,-0.020331554724455136,0.05513094065274563,-0.024602734333500242,-0.00023711808173276783,-0.0025934616145545375,-0.45216705964849524,0.08171836544484101,-0.24397865669346253,1.1026188130549128,-0.2952328120020038,-0.0030825350625249825,-0.01815423130188165,-0.1622602912486215,0.8073860010529081,-0.4734038260129054,0.17172188379139186
axisflip_case_0000044,8,3,45.32548447855552,25.67437569575478,64.09678963135909,1.4957175486795589,0.2380508413416444,10.21383730357521,12.879101081994879,0.005873919186955423,0.7432624973392962,0.8966575446717395,0.4931239839498023,0.7684697316293054,0.053521996291912684,0.8285347691042916,0.9999869209929318,0.9504950471522401,14.346520714747832,9.862479678996046,9.221636779551666,1.0704399258382538,9.942417229251499,12.999829972908113,6.653465330065681,19.08411645854771,11.012857155089753,33.99981601772163,64.09678963135909,81.35924412086506,65.89266210921758,64.85443818186772,1.564206679289378,0.24895122502626355,9.08786372853456,24.937791961327598,0.018668765515959095,0.6868085419626087,0.8907031775426357,0.5310447123942944,0.6003098678436902,0.16788488133821786,0.8146459527052357,0.9998806472779853,0.9495253150477704,14.251250840682172,10.620894247885888,7.203718414124283,3.3576976267643572,9.775751432462828,12.99844841461381,6.646677205334393,17.82461266201017,13.133449059227186,33.89637646063037,64.85443818186774,36.03375964230953,40.218286413462806,0.7576485505086339,0.0684891306098192,0.010900383684619153,-1.1259735750406499,12.058690879332719,0.012794846329003672,-0.056453955376687515,-0.005954367129103799,0.037920728444492124,-0.1681598637856152,0.11436288504630518,-0.013888816399055925,-0.00010627371494653648,-0.0009697321044697116,-0.09526987406566079,0.758414568889842,-2.0179183654273833,2.2872577009261033,-0.16666579678867066,-0.001381558294303531,-0.006788124731287759,-1.2595037965375404,2.1205919041374326,-0.10343955709125652,0.7576485505086481
axisflip_case_0000048,5,4,15.04985342743403,20.046786980685308,71.68775418511284,1.3827251888761212,0.2200675487473093,11.48181276004504,15.496371640473514,0.08142783885762613,0.6565717674609879,0.9064123030964181,0.4552121326498369,0.7266497373086466,0.5048647561442305,0.8063487635964885,0.9999540195930415,0.9411764705882353,14.50259684954269,9.104242652996739,8.719796847703758,10.09729512288461,9.676185163157863,12.99940225470954,6.588235294117648,17.824039500700497,19.77348028604247,34.09023439836987,71.68775418511285,80.3210017221688,64.47110767036594,70.36935895752202,1.7711297995958337,0.28188406246303493,8.5926359872357,15.386064386567575,0.05435673165945544,0.5448417583257125,0.8725848784593179,0.5491367442904238,0.7283491723972603,0.3952960579513967,0.7689894093708194,0.999684197490441,0.9364839012491187,13.961358055349086,10.982734885808476,8.740190068767124,7.905921159027934,9.227872912449833,12.995894567375734,6.555387308743832,19.7229249545756,17.133794071477766,33.512639931468655,70.36935895752202,65.27114829473477,44.42432068968063,-1.3183952275908126,0.38840461071971255,0.061816513715725635,-2.889176772809339,-0.11030725390593865,-0.027071107198170685,-0.11173000913527542,-0.0338274246371002,0.09392461164058691,0.0016994350886136989,-0.10956869819283382,-0.03735935422566916,-0.0002698221026005143,-0.004692569339116548,-0.5412387941936032,1.8784922328117375,0.020393221063365274,-2.191373963856676,-0.44831225070802994,-0.003507687333806686,-0.032847985373815725,1.8988854538751028,-2.639686214564705,-0.5775944669012176,-1.3183952275908268
axisflip_case_0000049,6,4,66.40570217965467,30.815228398650067,66.31483782292878,1.6206400668466479,0.2579328776114237,7.658253791113786,10.699114355359457,0.006751028050905368,0.7171332306878341,0.8857782158138788,0.5858514248952728,0.805686912977764,0.06182869278831452,0.8223474223150152,0.9999158971273803,0.9504950471522401,14.172451453022061,11.717028497905455,9.668242955733167,1.2365738557662904,9.868169067780183,12.998906662655944,6.653465330065681,21.385271453638623,11.104742923546473,33.82482344574368,66.31483782292878,79.65111587238934,65.40485699856443,66.40852715352104,1.7011352175193701,0.2707440787359144,10.154641881517584,17.671706584706946,0.02905011598186738,0.6413289195450184,0.8787301988034508,0.49501276864462823,0.6942490420538088,0.24706925402031713,0.8019092380401321,0.9996153365996677,0.9369006832062772,14.059683180855213,9.900255372892564,8.330988504645706,4.941385080406342,9.622910856481585,12.99499937579568,6.558304782443941,18.23124387753827,14.564295936887927,33.612987339094836,66.40852715352104,13.245413692734672,34.58962859991436,0.09368933059225526,0.08049515067272228,0.01281120112449069,2.496388090403798,6.972592229347489,0.02229908793096201,-0.07580431114281572,-0.007048017010428009,-0.09083865625064452,-0.11143787092395518,0.1852405612320026,-0.020438184274883087,-0.0003005605277125456,-0.013594363945962917,-0.11276827216684815,-1.8167731250128902,-1.3372544510874604,3.7048112246400517,-0.24525821129859793,-0.003907286860263426,-0.09516054762173987,-3.1540275761003542,3.459553013341454,-0.2118361066488461,0.09368933059225526
axisflip_case_0000050,7,4,66.14575998680404,33.432455260005355,59.65756519871797,1.4097317865663008,0.22436578226579557,13.990825161785612,23.749489012151173,0.002260831900661106,0.7222780534245953,0.9040896789818662,0.3925605565725309,0.6142812612801845,0.01939939871974017,0.8235971734894886,0.9998104077179507,0.9572649587990358,14.46543486370986,7.8512111314506186,7.3713751353622134,0.38798797439480337,9.883166081873863,12.99753530033336,6.7008547115932515,15.222586266812833,10.271154056268667,34.16382487563647,59.65756519871797,79.9008223512616,64.54073644190399,62.79774197655874,1.5699716165047113,0.24986874328069827,11.069126485206336,18.324286003810425,0.007753551922815602,0.7270136556097011,0.8902007843360131,0.46703609263595325,0.6849349905945112,0.0712752582214793,0.8247336217136546,0.9996117094019971,0.9539038343014191,14.24321254937621,9.340721852719065,8.219219887134134,1.425505164429586,9.896803460563856,12.994952222225962,6.677326840109934,17.5599417398532,11.322308624993441,33.915491611712106,62.79774197655875,13.755062364457558,31.108281181898633,3.1401767778407716,0.16023982993841046,0.02550296101490271,-2.9216986765792754,-5.425203008340748,0.005492720022154496,0.004735602185105825,-0.013888894645853078,0.07447553606342233,0.07065372931432679,0.05187585950173913,0.0011364482241660312,-0.00019869831595364928,-0.0033611244976167187,-0.22222231433364925,1.4895107212684469,0.8478447517719205,1.0375171900347826,0.013637378689992374,-0.0025830781073974407,-0.023527871483317142,2.3373554730403683,1.0511545687247743,-0.2483332639243656,3.1401767778407788
axisflip_case_0000051,8,4,75.83358908624656,52.48010257736655,64.63942576891219,1.4112286485005456,0.22460401524175672,9.475187129424164,12.1077723986428,0.004413208178850389,0.7351509154832174,0.9039607708205158,0.5175131253338493,0.7813926471951403,0.03965150976277816,0.8266559339155164,0.9999488965584885,0.9624060150375939,14.463372333128254,10.350262506676986,9.376711766341684,0.7930301952555632,9.919871206986198,12.999335655260351,6.736842105263158,19.72697427301867,10.71290140224176,34.199550093651766,64.63942576891219,81.3521216133793,66.85928258487563,62.615938494170905,1.5380705011312832,0.24479152307887234,9.79681097136191,19.74678982126239,0.003967294495654266,0.7011092589647443,0.8929786203932479,0.5066712597710987,0.6652610507036556,0.03542272156787218,0.8183510828795537,0.9997016070424849,0.9552763495069581,14.287657926291967,10.133425195421975,7.983132608443867,0.7084544313574436,9.820212994554645,12.996120891552303,6.686934446548707,18.11655780386584,10.528667425912088,33.97071326439298,62.615938494170905,5.518532527132734,14.379180007509078,-2.023487274741285,0.12684185263073755,0.02018750783711562,0.32162384193774685,7.63901742261959,-0.00044591368319612384,-0.03404165651847313,-0.010982150427267912,-0.010841865562750574,-0.11613159649148475,-0.004228788194905984,-0.00830485103596268,-0.0002472895160036126,-0.007129665530635876,-0.17571440683628659,-0.21683731125501104,-1.3935791578978165,-0.0845757638981196,-0.09965821243155304,-0.003214763708047741,-0.04990765871445113,-1.6104164691528275,-0.1842339763296721,-0.228836829258789,-2.023487274741285
axisflip_case_0000052,4,1,1.1560879085023767,2.4521986300537275,79.72118277208887,1.7127826898971839,0.27259783153936973,9.096285838900359,10.924827445035291,0.3801168137994637,0.8315177967787488,0.8777085129965223,0.5307448099385724,0.8017347661018773,0.8473928169964831,0.8468262191591648,0.9999252976136584,0.7619047619047619,14.043336207944357,10.614896198771449,9.620817193222528,16.94785633992966,10.161914629909978,12.99902886897756,5.333333333333334,20.235713391993976,27.109770969839637,32.375698410255254,79.72118277208887,4.468513082524996,2.1245488363100655,79.39973633674772,1.6878471492628557,0.2686292169887476,9.465069055029346,10.64355264628718,0.36626269365531444,0.8096387174856918,0.8798952757958485,0.5178599273769335,0.8066631997454657,0.8420361319662731,0.8426295587185196,0.9998957155576043,0.7619047619047619,14.078324412733576,10.35719854753867,9.679958396945588,16.840722639325463,10.111554704622236,12.998644302248856,5.333333333333334,20.03715694448426,26.9522773439477,32.410302048315764,79.39973633674772,3.3124251740226196,-0.327649793743662,-0.32144643534114437,-0.024935540634328124,-0.00396861455062214,0.36878321612898723,-0.281274798748111,-0.013854120144149273,-0.02187907929305699,0.0021867627993261696,-0.012884882561638888,0.004928433643588415,-0.005356685030209918,-0.00419666044064515,-2.9582056054189287e-05,0.0,0.03498820478921871,-0.2576976512327782,0.05914120372306009,-0.10713370060419791,-0.0503599252877418,-0.00038456672870346154,0.0,-0.19855644750971635,-0.15749362589193794,0.03460363806050992,-0.32144643534114437
axisflip_case_0000055,7,1,6.716597896444428,4.24492353464928,74.67530495494998,1.4525983456313563,0.23118820703433982,7.691676689217178,7.884731378476981,0.06982810172831225,0.8072107336504056,0.9003911915537679,0.5844771761235714,0.8567437512051942,0.4626723024232346,0.8421510566987653,0.9999942039358133,0.848484853305785,14.406259064860286,11.689543522471428,10.28092501446233,9.253446048464692,10.105812680385185,12.999924651165573,5.939393973140496,21.97046853693376,19.359258728849877,33.345577689166355,74.67530495495,13.5002374326502,11.236087058265204,77.66262143886937,1.6355247627411709,0.2603018505394567,5.804840699385249,6.475616781976182,0.091321517226699,0.7110535368956474,0.8844768110759675,0.669751378250756,0.8833728265139945,0.5363347822171612,0.8208499242878075,0.9999386361179555,0.848484853305785,14.15162897721548,13.39502756501512,10.600473918167934,10.726695644343225,9.850199091453689,12.999202269533422,5.939393973140496,23.995501483183055,20.576894735796913,33.0902252198894,77.66262143886937,6.783639536205772,6.991163523615923,2.987316483919386,0.1829264171098146,0.029113643505116887,-1.886835989831929,-1.4091145965007987,0.02149341549838675,-0.0961571967547582,-0.01591438047780036,0.08527420212718462,0.02662907530880032,0.07366247979392665,-0.02130113241095788,-5.5567817857760105e-05,0.0,-0.25463008764480577,1.7054840425436915,0.31954890370560385,1.4732495958785332,-0.2556135889314959,-0.0007223816321513254,0.0,2.025032946249297,1.2176360069470356,-0.2553524692769571,2.987316483919372
axisflip_case_0000056,8,1,4.699970713336399,2.013211120678935,76.33520596880506,1.1094302137513623,0.17657130253402736,10.59086497491733,11.215177535584804,0.1389911366765244,0.8844501128615017,0.9294904925949109,0.48135146330738454,0.7966838998589217,0.6473981311541629,0.8561874342878998,0.9999889334030474,0.8648648648648649,14.871847881518574,9.62702926614769,9.56020679830706,12.947962623083258,10.274249211454798,12.999856134239616,6.054054054054055,19.18723606445475,23.222211834538058,33.92575806981225,76.33520596880506,66.53134334146446,28.1280659138538,71.99697500886471,1.9313147183413668,0.3073782840901601,5.345317019332917,6.297638448163244,0.029424895375490777,0.6675176203743933,0.8584885666530032,0.6930194150930895,0.8867743695330709,0.24970165587375423,0.8094280548648795,0.9998656443269466,0.8648648648648649,13.735817066448051,13.86038830186179,10.641292434396851,4.994033117475085,9.713136658378554,12.998253376250306,6.054054054054055,24.501680736258642,14.70716977585364,32.78812449675241,71.9969750088647,61.831372628128065,26.114854793174864,-4.338230959940347,0.8218845045900045,0.13080698155613274,-5.245547955584414,-4.917539087421559,-0.10956624130103362,-0.21693249248710833,-0.07100192594190768,0.21166795178570497,0.09009046967414913,-0.39769647528040863,-0.04675937942302033,-0.00012328907610081874,0.0,-1.136030815070523,4.233359035714098,1.0810856360897905,-7.953929505608174,-0.561112553076244,-0.0016027579893105326,0.0,5.314444671803891,-8.515042058684418,-1.137633573059837,-4.338230959940361
axisflip_case_0000061,6,2,19.845623761113508,14.954275981172716,74.12293195175951,1.4524166951042368,0.2311592964550335,8.626087213287978,10.30924555484382,0.07652422782886495,0.7329039956392354,0.9004068931876538,0.5478858597754762,0.8125656911920078,0.48778713857329586,0.826128932763993,0.9999233499883249,0.905660379494482,14.40651029100246,10.957717195509524,9.750788294304094,9.755742771465917,9.913547193167917,12.999003549848224,6.3396226564613745,20.708505489813618,19.669289964633833,33.74513649731206,74.12293195175951,76.77361065761586,51.884949568386006,74.10161612103967,2.0076551787828882,0.31952824572733957,5.84566418197655,6.727079863631213,0.05396971735721361,0.585162200612783,0.8517660031556448,0.6677331781955506,0.8785796729704923,0.3934188048760236,0.7838569440601328,0.999882477101979,0.9003726860606615,13.628256050490316,13.35466356391101,10.542956075645908,7.868376097520472,9.406283328721594,12.998472202325727,6.302608802424631,23.89761963955692,17.274659426242067,32.92933705524067,74.10161612103965,56.927986896502354,36.93067358721329,-0.021315830719842666,0.5552384836786515,0.08836894927230607,-2.780423031311428,-3.582165691212607,-0.022554510471651336,-0.14774179502645235,-0.048640890032009,0.11984731842007434,0.0660139817784845,-0.09436833369727227,-0.042271988703860175,-4.0872886345910686e-05,-0.005287693433820517,-0.778254240512144,2.396946368401487,0.7921677813418135,-1.8873666739454444,-0.5072638644463225,-0.0005313475224966169,-0.03701385403674351,3.1891141497433004,-2.394630538391766,-0.8157994420713877,-0.021315830719856876
axisflip_case_0000062,7,2,37.984850453574346,21.299058098067057,67.18289700733337,1.425634891808289,0.22689684007556862,11.130078060996267,13.126899729786711,0.028265741509400942,0.7667628771470696,0.9027192136371684,0.46525958868588,0.7643758065785026,0.241510918281268,0.8337765227864028,0.999993997651336,0.9180327897070679,14.443507418194695,9.3051917737176,9.172509678942031,4.83021836562536,10.005318273436833,12.999921969467367,6.426229527949476,18.47770145265963,14.835536639062193,33.86965891561154,67.18289700733337,77.02347110190821,53.15205846333394,73.8064107350196,1.8411161200528636,0.29302273131258466,6.725243396076577,8.015263747153442,0.05695783621779994,0.6516032844906964,0.8664297463160464,0.6261492407417831,0.8543084310214963,0.4076504398758023,0.8049214286346382,0.9999141198430929,0.9082713296824751,13.862875941056743,12.522984814835663,10.251701172257956,8.153008797516046,9.659057143615659,12.998883557960207,6.357899307777327,22.77468598709362,17.812065941131706,33.21965880679427,73.8064107350196,39.03862064833387,31.85300036526688,6.62351372768623,0.41548122824457456,0.06612589123701604,-4.40483466491969,-5.111635982633269,0.028692094708399,-0.11515959265637321,-0.03628946732112204,0.1608896520559031,0.08993262444299377,0.1661395215945343,-0.02885509415176457,-7.987780824314505e-05,-0.009761460024592772,-0.5806314771379526,3.217793041118062,1.0791914933159248,3.3227904318906862,-0.3462611298211744,-0.0010384115071602196,-0.0683302201721494,4.296984534433989,2.9765293020695136,-0.6500001088172667,6.62351372768623
axisflip_case_0000063,8,2,61.814361770745265,25.483143736585284,62.577558983079406,1.4118945487182988,0.2247099965530181,13.423665779508083,22.583131027453994,0.016958264592951054,0.7282521358024504,0.9039034184355879,0.4054603291266094,0.6284968839805312,0.1536314349557559,0.8250286626629835,0.9998622171963154,0.927536231884058,14.462454694969406,8.109206582532188,7.541962607766374,3.072628699115118,9.9003439519558,12.998208823552101,6.492753623188407,15.651169190298562,12.972972651070918,33.95341714170991,62.57755898307939,78.95490694982013,58.97169994274245,66.06530412002265,1.7213382000000021,0.2739594832629059,10.301739676425614,21.68760629141709,0.03280929044979474,0.6384666709824901,0.8769577898357166,0.4903397034888286,0.6397613582036767,0.2728032160572403,0.801055211333553,0.9997323031969334,0.9264003308175581,14.031324637371466,9.806794069776572,7.677136298444121,5.456064321144805,9.612662536002635,12.996519941560134,6.4848023157229076,17.483930368220694,15.068726857147439,33.51264689465451,66.06530412002265,17.140545179074863,33.48855620615716,3.4877451369432393,0.30944365128170337,0.049249486709887824,-3.121926103082469,-0.8955247360369043,0.015851025856843688,-0.0897854648199603,-0.026945628599871263,0.0848793743622192,0.011264474223145582,0.11917178110148438,-0.023973451329430517,-0.0001299139993820031,-0.001135901066499856,-0.4311300575979402,1.697587487244384,0.13517369067774698,2.3834356220296873,-0.2876814159531662,-0.0016888819919671505,-0.007951307465499546,1.8327611779221318,2.0957542060765206,-0.44077024705540424,3.4877451369432535
axisflip_case_0000066,4,3,4.943364326375447,12.216845010505114,73.14451704641719,1.721279572148194,0.27395015235048775,9.815268857738133,14.218286666202658,0.09513788802406847,0.6764484743184761,0.8769629349877689,0.5060596120632936,0.7466799540108163,0.5475138797245355,0.8118760605470711,0.9999496476692522,0.905660379494482,14.031406959804302,10.121192241265874,8.960159448129795,10.950277594490709,9.742512726564852,12.999345419700278,6.3396226564613745,19.081351689395667,20.69279032105556,33.37037503596596,73.14451704641718,11.981651795921165,16.410743066490866,72.53024556699496,1.7383012222012486,0.27665923209601184,10.049047003406411,13.77524493740606,0.08710998776961913,0.6653220567923883,0.8754687262064642,0.4984098741288655,0.753797595413379,0.52339774958915,0.8088174672381491,0.9999398419298478,0.9051421109178398,14.007499619303427,9.96819748257731,9.045571144960547,10.467954991783,9.70580960685779,12.99921794508802,6.335994776424879,19.013768627537857,20.173764598640787,33.34271234081633,72.53024556699498,7.038287469545717,4.193898055985752,-0.6142714794222286,0.01702165005305467,0.00270907974552409,0.23377814566827837,-0.4430417287965991,-0.008027900254449341,-0.011126417526087784,-0.0014942087813046845,-0.007649737934428136,0.007117641402562658,-0.024116130135385494,-0.0030585933089219974,-9.805739404455949e-06,-0.0005182685766421669,-0.023907340500874952,-0.15299475868856405,0.0854116968307519,-0.48232260270770944,-0.03670311970706308,-0.00012747461225792733,-0.003627880036495057,-0.06758306185781038,-0.5190257224147743,-0.027662695149629712,-0.6142714794222002
axisflip_case_0000067,5,3,7.320863051996663,13.241252631149317,73.46354927866591,1.4867543591492491,0.2366243054220261,8.209427764358162,12.861792292787069,0.07103591546249723,0.6930074679324137,0.8974346881525854,0.563773859581002,0.7687567440592203,0.4673651773072768,0.8162685297517207,0.9999978306709039,0.9230769208579882,14.358955010441367,11.275477191620041,9.225080928710645,9.347303546145536,9.795222357020648,12.99997179872175,6.461538446005918,20.500558120330687,19.142525903166185,33.82046525516903,73.46354927866591,74.35965698672214,49.55940033356763,67.72306558399985,1.8106094386409888,0.28816744216855517,10.169370584764875,19.332823514547318,0.04685665375469545,0.5611290339637147,0.8691137416646953,0.4945417684651853,0.6708986781662665,0.3569958606415202,0.7752087620871956,0.999632807669235,0.9197110503555739,13.905819866635126,9.890835369303707,8.050784137995198,7.1399172128304045,9.302505145046347,12.995226499700054,6.437977352489018,17.941619507298903,16.44242235787675,33.339023718824194,67.72306558399985,67.03879393472548,36.318147702418315,-5.740483694666054,0.32385507949173964,0.05154313674652908,1.959942820406713,6.471031221760249,-0.024179261707801776,-0.13187843396869903,-0.028320946487890075,-0.06923209111581669,-0.09785806589295387,-0.11036931666575656,-0.041059767664525126,-0.0003650230016688516,-0.0033658705024143254,-0.4531351438062412,-1.3846418223163344,-1.174296790715447,-2.2073863333151316,-0.49271721197430196,-0.00474529902169607,-0.023561093516900833,-2.558938613031785,-2.7001035452894335,-0.481441536344839,-5.740483694666054
axisflip_case_0000068,6,3,36.98240697865828,24.487135735073362,69.4809376574993,1.6130521500435817,0.2567252231444457,8.774151934693604,19.42179980609152,0.04492354932927974,0.7424656144784701,0.8864412801759388,0.5423997938805517,0.6696809302199636,0.3464295295122397,0.8283518172221302,0.9999571690293579,0.9350649343059537,14.183060482815021,10.847995877611034,8.036171162639562,6.928590590244794,9.940221806665562,12.999443197381654,6.545454540141677,18.884167040250595,16.868812396910357,33.72795822033835,69.4809376574993,79.26732397168188,62.583193665268546,68.04724800964397,1.7068145987129124,0.2716479803265698,8.216594890283666,27.068922083853867,0.04180736339595174,0.6682743241625454,0.8782320697506445,0.5634948404447372,0.576483473131179,0.32874878501422855,0.8096376845904802,0.9997160304347619,0.9315571565917886,14.051713116010312,11.269896808894744,6.917801677574148,6.574975700284571,9.715652215085763,12.996308395651905,6.520900096142521,18.187698486468893,16.290627915370333,33.56892160780474,68.04724800964397,42.28491699302359,38.09605793019519,-1.4336896478553314,0.0937624486693307,0.014922757182124102,-0.557557044409938,7.647122277762346,-0.0031161859333280056,-0.07419129031592475,-0.008209210425294322,0.021095046564185482,-0.09319745708878457,-0.01768074449801116,-0.018714132631650005,-0.00024113859459606868,-0.0035077777141651056,-0.13134736680470915,0.42190093128371053,-1.118369485065414,-0.35361488996022317,-0.22456959157979917,-0.0031348017297485598,-0.02455444399915585,-0.6964685537817026,-0.5781844815400241,-0.1590366125336118,-1.4336896478553314
axisflip_case_0000069,7,3,66.2682229289455,35.79530297140906,61.38804218958976,1.3331115736683408,0.2121712966423318,13.054294648250536,22.102068597534487,0.006777314116193589,0.7928574552679103,0.9106625935756224,0.4142334319429999,0.6345095589915309,0.06207711475444423,0.8392679461196757,0.9999352398664064,0.943820225547595,14.570601497209958,8.284668638859998,7.614114707898372,1.2415422950888846,10.07121535343611,12.999158118263283,6.606741578833166,15.89878334675837,11.312757648524993,34.17650119430641,61.38804218958977,79.10399300207004,58.74483820022226,68.66239317415635,1.5178127874645622,0.24156740781307343,9.596585727677184,18.641476263417232,0.042195842492960045,0.6660667855083834,0.8947396265925713,0.5133795612688832,0.6804739785879333,0.33099784172194857,0.8090249696408102,0.9996414615621537,0.941383529972234,14.315834025481141,10.267591225377664,8.1656877430552,6.619956834438971,9.708299635689722,12.995339000307998,6.589684709805638,18.433278968432866,16.328256470128693,33.900857735594776,68.66239317415634,12.835770073124536,22.949535228813204,7.274350984566588,0.1847012137962214,0.029396111170741618,-3.457708920573353,-3.460592334117255,0.035418528376766456,-0.1267906697595269,-0.015922966983051068,0.09914612932588329,0.045964419596402406,0.26892072696750435,-0.030242976478865535,-0.0002937783042527009,-0.002436695575361081,-0.2547674717288171,1.9829225865176667,0.551573035156828,5.378414539350087,-0.36291571774638776,-0.0038191179552846677,-0.017056869027527455,2.5344956216744965,5.0154988216037,-0.27564345871163454,7.274350984566567
axisflip_case_0000070,8,3,59.58347709851161,24.493592558631416,61.92893732097692,1.2122041240036672,0.19292827837156448,12.338028004485318,20.436425914000175,0.006942669662663546,0.6797328574712513,0.9209159672885487,0.43213849322950043,0.6560261474598311,0.06363901869696592,0.8127621839036336,0.9999850999541189,0.9504950471522401,14.73465547661678,8.642769864590008,7.872313769517973,1.2727803739393184,9.753146206843603,12.999806299403545,6.653465330065681,16.51508363410798,11.02592658078292,34.387927106086,61.92893732097691,81.1515759604094,64.56426549307281,65.28512083199314,1.506442472205075,0.23975776593501286,9.824726961713552,12.789245813937196,0.011869075735808539,0.6960888530705086,0.8957269757175731,0.5057466328247331,0.769961193582848,0.10920384710194724,0.8170656255519575,0.9997021295041192,0.9448614441153063,14.33163161148117,10.114932656494663,9.239534322994176,2.1840769420389448,9.80478750662349,12.99612768355355,6.614030108807144,19.35446697948884,11.988864448662437,33.94178940384186,65.28512083199314,21.568098861897795,40.07067293444139,3.3561835110162193,0.29423834820140793,0.046829487563448374,-2.513301042771767,-7.647180100062979,0.004926406073144993,0.016355995599257267,-0.02518899157097565,0.07360813959523266,0.11393504612301686,0.045564828404981314,0.004303441648323858,-0.00028297044999969767,-0.005633603036933832,-0.4030238651356104,1.4721627919046547,1.3672205534762032,0.9112965680996263,0.05164129977988807,-0.0036786158499957367,-0.039435221258536934,2.8393833453808597,0.962937867879516,-0.44613770224414395,3.3561835110162335
axisflip_case_0000075,6,4,19.600135042752445,16.794120749484495,64.01972047838257,1.3047626133659467,0.20765941947868988,11.082003826283845,14.958929986264975,0.008888314586438734,0.7521803210968067,0.9130807379181354,0.4666598827300282,0.7349818595359365,0.08188415226926822,0.8305584759712683,0.9999691242734111,0.9504950471522401,14.609291806690166,9.333197654600564,8.819782314431238,1.6376830453853644,9.966701711655219,12.999598615554344,6.653465330065681,18.152979969031804,11.604384757040583,34.26235575231019,64.01972047838258,80.41022442502609,65.52687890080962,68.38010710050747,1.5147086530019358,0.24107336946932453,9.290657773817355,14.272786335033318,0.03229985065850551,0.6403068168563475,0.8950092546226295,0.5238939013158156,0.7458106088829863,0.2694016571697181,0.8016050223610891,0.999755237507162,0.9468917420446743,14.320148073962072,10.477878026316311,8.949727306595836,5.388033143394361,9.619260268333068,12.996818087593105,6.628242194312721,19.427605332912147,15.00729341172743,33.9452083558679,68.38010710050747,60.810089382273645,48.73275815132513,4.360386622124906,0.20994603963598912,0.033413949990634656,-1.7913460524664906,-0.6861436512316565,0.02341153607206678,-0.11187350424045917,-0.018071483295505897,0.057234018585787416,0.010828749347049804,0.18751750490044988,-0.028953453610179203,-0.00021388676624911618,-0.0036033051075657907,-0.28914373272809435,1.1446803717157472,0.12994499216459765,3.750350098008997,-0.34744144332215043,-0.0027805279612387324,-0.025223135752960424,1.274625363880343,3.402908654686847,-0.3171473964422944,4.360386622124892
axisflip_case_0000076,7,4,67.47356759192235,36.54209230871041,65.87568458987212,1.3356096035434328,0.21256887044494396,11.187241035657369,19.88407447719252,0.024787641101816846,0.7860078918227271,0.9104491363497053,0.46360311949232463,0.6634071162040253,0.21604759275444227,0.8378584373116673,0.9999571391969181,0.9572649587990358,14.567186181595284,9.272062389846493,7.960885394448303,4.320951855088845,10.054301247740007,12.999442809559936,6.7008547115932515,17.232947784294794,14.375253102828852,34.26748370274847,65.87568458987212,79.83952370627966,61.93123855359719,62.953811707293625,1.41538203315562,0.22526504694017382,11.625589392283434,39.41499102044536,0.024999594077783276,0.725004576477585,0.9036029920721849,0.4512031574705392,0.46442078559174726,0.21763811330509428,0.824253095611872,0.9995715955283632,0.951545871759122,14.457647873154958,9.024063149410784,5.573049427100967,4.352762266101886,9.891037147342464,12.99443074186872,6.660821102313855,14.597112576511751,14.24379941344435,34.112899717337534,62.95381170729363,12.365956114357317,25.38914624488678,-2.921872882578498,0.07977242961218711,0.01269617649522986,0.4383483566260651,19.530916543252843,0.00021195297596643056,-0.06100331534514214,-0.006846144277520394,-0.012399962021785449,-0.198986330612278,0.0015905205506520081,-0.013605341699795326,-0.00038554366855492184,-0.005719087039913862,-0.1095383084403263,-0.24799924043570876,-2.3878359673473355,0.03181041101304061,-0.16326410039754258,-0.005012067691215094,-0.04003360927939692,-2.6358352077830425,-0.13145368938450197,-0.15458398541093743,-2.9218728825784908
axisflip_case_0000077,8,4,58.60904284214138,35.509449656257644,63.64514271258166,1.4702567996874056,0.2339986372847212,9.127328607141829,16.377545474156463,0.0025206972093379503,0.7423341126933527,0.8988636999776409,0.5296416132151448,0.7132710610162581,0.02181202970832328,0.8283215927056636,0.999868977272602,0.9624060150375939,14.381819199642255,10.592832264302896,8.559252732195098,0.43624059416646555,9.939859112467964,12.998296704543826,6.736842105263158,19.152084996497994,10.37609970663443,34.11695800944924,63.64514271258166,78.73335878707522,59.951417530339945,63.503727844249646,1.5470957323605485,0.24622793324155726,10.585708638873838,16.785499196137344,0.008219093277503314,0.7284960761349125,0.8921932972153069,0.4815095151063625,0.707194926769419,0.07563950707144006,0.8250866708882827,0.9995876828785265,0.9576622279907738,14.275092755444911,9.63019030212725,8.486339121233028,1.5127901414288012,9.901040050659393,12.994639877420845,6.703635595935418,18.116529423360276,11.413830192088195,33.97336822880117,63.503727844249646,20.12431594493384,24.4419678740823,-0.14141486833201355,0.0768389326731429,0.012229295956836056,1.458380031732009,0.4079537219808813,0.005698396068165364,-0.013838036558440181,-0.006670402762333993,-0.04813209810878233,-0.006076134246839171,0.05382747736311678,-0.0032349218173809424,-0.00028129439407553747,-0.004743787046820103,-0.1067264441973439,-0.9626419621756455,-0.07291361096207005,1.0765495472623356,-0.038819061808570865,-0.003656827122981099,-0.03320650932774072,-1.0355555731377173,1.037730485453766,-0.14358978064807104,-0.14141486833201355
axisflip_case_0000080,6,1,4.007174246720354,2.7953244692031176,78.74646275923381,1.0442652542671342,0.16619997711572937,10.38618570458522,12.148482876031176,0.25259735277375095,0.8857638591871314,0.9348464356364992,0.48768774140950727,0.7807038043956533,0.779842212917693,0.8564066073644915,0.9999917144721492,0.8275862104637337,14.957542970183987,9.753754828190145,9.368445652747841,15.596844258353858,10.276879288373898,12.99989228813794,5.793103473246137,19.122200480937984,25.873723546727756,33.750538731568064,78.74646275923381,5.180672148525514,2.832529642302416,79.445114279846,1.0581099348226226,0.1684034264616636,9.960779299452156,10.626558922933947,0.26131647710815403,0.8873542467763923,0.9337142977027936,0.5012771762232303,0.8069620691442704,0.7861841889150998,0.8566711269882646,0.9999812605383176,0.8275862104637337,14.939428763244697,10.025543524464606,9.683544829731245,15.723683778301996,10.280053523859175,12.99975638699813,5.793103473246137,19.70908835419585,26.00373730216117,33.73228862348896,79.44511427984598,1.1734979018051597,0.037205173099298605,0.6986515206121879,0.013844680555488376,0.002203449345934222,-0.4254064051330637,-1.5219239530972288,0.008719124334403083,0.0015903875892608887,-0.0011321379337055903,0.013589434813723045,0.026258264748617033,0.0063419759974068235,0.00026451962377316285,-1.045393383158899e-05,0.0,-0.018114206939289446,0.2717886962744611,0.31509917698340395,0.12683951994813825,0.003174235485277066,-0.00013590113981010177,0.0,0.5868878732578651,0.13001375543341354,-0.018250108079101324,0.6986515206121737
axisflip_case_0000086,5,2,2.097740648094121,2.561148557474729,73.1644091316931,1.1159160701278545,0.17760355863653018,11.442983311354737,19.461992822711107,0.11179298409214837,0.8062348139867342,0.9289537771928995,0.4563044673448094,0.6691319235890032,0.5909960178228145,0.8419579850897267,0.9999875282220969,0.8888888888888888,14.863260435086392,9.126089346896189,8.029583083068038,11.81992035645629,10.10349582107672,12.99983786688726,6.222222222222222,17.155672429964227,21.92341617753301,34.08532052419587,73.1644091316931,19.89596752052478,18.652330314797982,73.09137407290362,1.5371145024063027,0.24463937115620213,9.76139326998923,11.268582756654629,0.08283543726857964,0.6693306853016557,0.8930617789907392,0.5078480890409653,0.7957589491132836,0.5095768920027041,0.809929637374026,0.9999094478923762,0.8838285896756861,14.288988463851828,10.156961780819307,9.549107389359403,10.191537840054082,9.719155648488313,12.998822822600891,6.1868001277298035,19.706069170178708,19.910693488542393,33.47461141418252,73.09137407290362,17.79822687243066,16.091181757323255,-0.07303505878948613,0.4211984322784481,0.06703581251967194,-1.6815900413655083,-8.193410066056478,-0.028957546823568728,-0.1369041286850785,-0.03589199820216027,0.05154362169615595,0.1266270255242804,-0.08141912582011046,-0.03202834771570073,-7.808032972067558e-05,-0.005060299213202724,-0.5742719712345643,1.0308724339231183,1.5195243062913644,-1.6283825164022083,-0.38434017258840747,-0.0010150442863690046,-0.03542209449241884,2.550396740214481,-2.0127226889906176,-0.610709110013353,-0.07303505878948613
axisflip_case_0000089,8,2,36.33688008073871,28.673654792669147,69.26413625038033,1.4284254645173826,0.2273409735162782,10.614480308305922,14.949530591982132,0.0446415782764257,0.7653447036967147,0.9024785297962107,0.48062863698351727,0.7351287495593003,0.3448630179898688,0.8334684059377139,0.9999020911554362,0.927536231884058,14.439656476739371,9.612572739670345,8.821544994711603,6.897260359797376,10.001620871252566,12.99872718502067,6.492753623188407,18.43411773438195,16.89888123104994,33.93113728494845,69.26413625038033,79.79924809644953,61.07713334545046,69.03399955901962,1.776075238674125,0.2826711535381048,7.983443265913627,9.83392872905023,0.026386115977124768,0.6720039778139818,0.8721502310417033,0.5726765554777753,0.8210402844271325,0.2279175260668779,0.8106648935296701,0.9996221892246815,0.9274519480081161,13.954403696667253,11.453531109555506,9.85248341312559,4.558350521337558,9.727978722356042,12.99508845992086,6.492163636056814,21.306014522681096,14.2863292436936,33.44165579264493,69.03399955901962,43.46236801571082,32.403478552781316,-0.23013669136071258,0.34764977415674236,0.0553301800218266,-2.631037042392294,-5.115601862931902,-0.018255462299300935,-0.0933407258827329,-0.030328298754507377,0.09204791849425803,0.0859115348678322,-0.11694549192299089,-0.02280351240804379,-0.00027990193075466685,-8.42838759418374e-05,-0.48525278007211803,1.8409583698851613,1.030938418413987,-2.338909838459818,-0.27364214889652416,-0.003638725099810003,-0.0005899871315930838,2.8718967882991464,-2.6125519873563405,-0.48948149230351845,-0.23013669136071258
axisflip_case_0000093,5,3,14.456985348352607,15.342009413315566,70.58460762787766,1.4590658666377958,0.23221754497206534,8.494607132341812,13.58285219457391,0.04375410159680645,0.6910230908562994,0.8998319934022617,0.5528270228563876,0.7569164965078737,0.3398897866111242,0.815751900332669,0.9999538719999079,0.9230769208579882,14.397311894436188,11.056540457127753,9.082997958094484,6.797795732222483,9.789022803992028,12.999400335998804,6.461538446005918,20.139538415222237,16.586818536214512,33.85825067644091,70.58460762787766,77.8002526413022,57.84833940570997,73.96557444308634,1.861135617241361,0.2962089332483483,7.067425929162408,9.407183912358363,0.072644278452131,0.5096411644925527,0.8646677684775829,0.6109281653595395,0.8287294538119359,0.4735005524330523,0.7544461097161356,0.9998419889286856,0.9208947390262009,13.834684295641326,12.218563307190792,9.944753445743231,9.470011048661046,9.053353316593627,12.997945856072914,6.446263173183407,22.163316752934023,18.523364365254672,33.27889332489765,73.96557444308634,63.34326729294959,42.506329992394406,3.38096681520868,0.4020697506035651,0.06399138827628295,-1.427181203179404,-4.175668282215547,0.028890176855324558,-0.18138192636374673,-0.035164224924678855,0.058101142503151904,0.07181295730406212,0.1336107658219281,-0.06130579061653341,-0.00011188307122234065,-0.002182181831787311,-0.5626275987948617,1.162022850063039,0.8617554876487468,2.672215316438563,-0.7356694873984004,-0.0014544799258899843,-0.015275272822511177,2.0237783377117857,1.9365458290401598,-0.5793573515432584,3.38096681520868
axisflip_case_0000095,7,3,61.4782648678742,28.61947527275559,66.32848002521261,1.3059479259282945,0.20784806783209644,13.88389200067327,18.25597226133654,0.038505888707525804,0.695341835211406,0.912979792758213,0.3949415001750659,0.6859014019596609,0.3090985583966826,0.8168729572140236,0.999997560056065,0.943820225547595,14.607676684131407,7.898830003501319,8.23081682351593,6.181971167933652,9.802475486568284,12.999968280728845,6.606741578833166,16.129646827017247,15.984446654501935,34.21438654369342,66.3284800252126,78.77124430377984,59.40902871381798,68.60691660211424,1.4160208228188162,0.2253667134726675,12.455393033661727,20.55830620774847,0.0606478345577081,0.6454657465379084,0.9035479536223282,0.42912079246948215,0.6544142163801467,0.42442432948135655,0.8031320161560302,0.9996636182177505,0.9418664396964769,14.456767257957251,8.582415849389642,7.852970596561761,8.488486589627131,9.637584193872364,12.995627036830756,6.593065077875339,16.4353864459514,18.126070783499493,34.045459372663345,68.60691660211424,17.292979435905636,30.78955344106239,2.278436576901626,0.1100728968905218,0.017518645640571068,-1.428498967011544,2.3023339464119275,0.022141945850182296,-0.049876088673497576,-0.009431839135884745,0.03417929229441624,-0.03148718557951413,0.11532577108467396,-0.013740941057993394,-0.00033394183831447766,-0.0019537858511181616,-0.15090942617415593,0.6835858458883237,-0.37784622695416914,2.3065154216934793,-0.16489129269591984,-0.004341243898089431,-0.013676500957826576,0.3057396189341546,2.1416241289975577,-0.16892717103007726,2.2784365769016404
axisflip_case_0000096,8,3,5.549826472647687,7.753506169898385,61.29475315202828,1.1327428772542825,0.18028162816715512,13.412938063493593,23.661493460479996,0.0067703583537742865,0.7891626946154627,0.9275584233893487,0.40571089673451655,0.6153361575721843,0.06201138127693676,0.8385103897017807,0.9999806861704907,0.9504950471522401,14.840934774229579,8.11421793469033,7.3840338908662115,1.2402276255387352,10.06212467642137,12.99974892021638,6.653465330065681,15.498251825556542,11.302352301960104,34.494149024511636,61.294753152028285,78.76219582874921,59.4241770087214,69.65264860615332,1.3647237359508162,0.21720252853141095,10.470982453744158,13.250718405291837,0.043527905526190076,0.7239203312292759,0.9079570186793299,0.485047062322136,0.762340721082274,0.3386117564354828,0.8239927836608147,0.9997876530676992,0.9455597693335014,14.527312298869278,9.70094124644272,9.148088652987289,6.7722351287096565,9.887913403929776,12.99723948988009,6.618918385334511,18.849029899430008,16.660148532639433,34.14347017408388,69.65264860615332,73.21236935610153,51.670670838823014,8.357895454125043,0.23198085869653373,0.036920900364255826,-2.941955609749435,-10.410775055188159,0.03675754717241579,-0.06524236338618683,-0.01960140471001881,0.07933616558761947,0.14700456351008973,0.276600375158546,-0.014517606040965969,-0.00019303310279150665,-0.004935277818738704,-0.31362247536030097,1.5867233117523902,1.7640547621210771,5.532007503170921,-0.1742112724915934,-0.0025094303362891424,-0.03454694473117037,3.3507780738734656,5.3577962306793285,-0.35067885042775515,8.357895454125035
axisflip_case_0000103,8,4,49.36019343318895,34.56206388753033,66.03506784140293,1.441720554886697,0.22945695286740803,8.712419886443225,10.474819798049062,0.007530495045240939,0.7226724827161503,0.9013310303073859,0.5446770656314571,0.8096362810566355,0.0691788201428735,0.8236923337764911,0.9999898582874974,0.9624060150375939,14.421296484918175,10.893541312629143,9.715635372679627,1.3835764028574702,9.884308005317893,12.999868157737467,6.736842105263158,20.609176685308768,11.267884408175362,34.1580067479188,66.03506784140293,80.855754425377,64.17490001868096,63.760417127031666,1.454447347291028,0.2314824847882617,9.217826200856539,15.518815930642084,0.0027743476549559076,0.7354641630464722,0.9002313527610946,0.5264452015941193,0.7263046267263853,0.024179532914635454,0.8267291760809329,0.9999210260193618,0.9584059743913624,14.403701644177513,10.528904031882387,8.715655520716624,0.4835906582927091,9.920750112971195,12.998973338251703,6.708841820739538,19.24455955259901,10.404340771263904,34.111516803168755,63.76041712703167,31.495560992188054,29.61283613115063,-2.274650714371269,0.012726792404331055,0.002025531920853668,0.5054063144133139,5.043996132593023,-0.004756147390285032,0.012791680330321964,-0.0010996775462913666,-0.018231864037337786,-0.08333165433025025,-0.04499928722823805,0.003036842304441789,-6.883226813558796e-05,-0.004000040646231495,-0.017594840740661866,-0.3646372807467557,-0.999979851963003,-0.8999857445647611,0.03644210765330236,-0.0008948194857634206,-0.028000284523620245,-1.364617132709757,-0.8635436369114586,-0.046489944750042866,-2.274650714371262
axisflip_case_0000115,8,2,50.802352015451866,19.41450325435351,64.56567676377254,1.1772582125850573,0.18736646382844122,10.125288309309255,10.964600038753424,0.0032483117240932574,0.8431770264959288,0.9238476155214503,0.49595351510588176,0.8010406859242253,0.028629220207988085,0.8489810420823329,0.999957373068065,0.927536231884058,14.781561848343205,9.919070302117635,9.612488231090703,0.5725844041597618,10.187772504987995,12.999445849884845,6.492753623188407,19.53155853320834,10.760356909147758,34.27376132141646,64.56567676377256,74.94436552939398,51.87174516413433,68.78117657146686,1.636547871857947,0.26046468341271395,9.602758906843267,16.519085960923167,0.04075159352789873,0.7286329355578923,0.8843873242984472,0.5131707136187544,0.7111545382713766,0.3225702621319923,0.8251192004785846,0.9995701847808454,0.9266375143608907,14.150197188775156,10.263414272375089,8.53385445925652,6.451405242639846,9.901430405743014,12.99441240215099,6.486462600526235,18.79726873163161,16.35283564838286,33.63107219145238,68.78117657146686,24.14201351394211,32.45724190978082,4.215499807694314,0.45928965927288967,0.07309821958427273,-0.5225294024659881,5.554485922169743,0.03750328180380547,-0.11454409093803652,-0.0394602912230031,0.017217198512872678,-0.08988614765284864,0.2939410419240042,-0.02386184160374838,-0.00038718828721961973,-0.0008987175231672806,-0.6313646595680495,0.34434397025745334,-1.0786337718341823,5.878820838480085,-0.28634209924498144,-0.005033447733854501,-0.006291022662171741,-0.734289801576729,5.592478739235103,-0.6426891299640758,4.2154998076943
axisflip_case_0000122,8,3,65.09292674162246,31.775535024089102,62.49880052711032,1.1619364992379546,0.18492793741261276,11.265198452386025,18.828849312007087,0.00359143637629412,0.7823988093286433,0.9251279223142084,0.4613589483769873,0.6778588760038562,0.03186627915755146,0.8371067709340824,0.9999381635439439,0.9504950471522401,14.802046757027334,9.227178967539746,8.134306512046274,0.6373255831510293,10.045281251208989,12.999196126071272,6.653465330065681,17.361485479586023,10.682606834360017,34.45470821316429,62.498800527110326,79.74477838832799,62.25387410166523,67.51750858216755,1.4538319747932238,0.23138454521339336,10.636930071231932,15.5458080258174,0.03206325768383876,0.7066876765419586,0.9002845519783105,0.47994305124496756,0.7258898895564176,0.26781290223688214,0.819760504310185,0.9994841193432757,0.9452483432879676,14.404552831652968,9.598861024899351,8.710678674677013,5.356258044737643,9.837126051722219,12.993293551462585,6.616738403015774,18.309539699576362,15.193384096459862,34.01458478613133,67.51750858216755,14.651851646705524,30.47833907757613,5.018708055057232,0.2918954755552692,0.04645660780078059,-0.6282683811540934,-3.283041286189686,0.02847182130754464,-0.07571113278668462,-0.024843370335897896,0.018584102867980234,0.04803101355256145,0.23594662307933068,-0.017346266623897377,-0.00045404420066819107,-0.005246703864272506,-0.39749392537436634,0.3716820573596049,0.5763721626307383,4.718932461586614,-0.20815519948676986,-0.005902574608686706,-0.03672692704990688,0.9480542199903397,4.510777262099845,-0.44012342703295815,5.018708055057225
