trajectory_id,case_id,nfp,n_base_coils,initial_total,initial_volume_qs,initial_coil,best_total,best_volume_qs,best_coil,delta_volume_qs,delta_coil
axisflip_case_0000004,4,8,1,7.081282127184123,5.032427071193142,72.11734127961603,64.54180576363876,26.438331466275127,73.57073321225755,21.405904395081983,1.453391932641523
axisflip_case_0000010,10,7,2,25.212721884948692,21.95101931818441,70.24748813113682,77.76678909647954,54.79932247945203,71.09733291879512,32.84830316126762,0.8498447876582986
axisflip_case_0000011,11,8,2,31.28242113309612,17.529112104228876,69.98185924018789,74.734511624834,52.79258894783858,69.17913407616128,35.26347684360971,-0.8027251640266115
axisflip_case_0000014,14,4,3,2.3913122249732512,7.17931012447241,74.51449465349758,12.09261738961974,17.688847480517733,73.58245837846181,10.509537356045323,-0.9320362750357702
axisflip_case_0000016,16,6,3,7.132665535288184,8.539566158342874,66.24729898756631,79.32446459479563,62.67767042064508,73.20683090998064,54.13810426230221,6.959531922414328
axisflip_case_0000017,17,7,3,61.847069479558094,26.079022395259948,63.10847490792828,78.65174060906409,57.82452780122879,68.7261730084063,31.745505405968842,5.617698100478023
axisflip_case_0000018,18,8,3,52.08279295450676,34.53820660121124,62.07695786788317,81.82583733832878,66.97866845952791,66.2580235271784,32.44046185831667,4.181065659295221
axisflip_case_0000021,21,4,4,3.778445982971144,12.340356610928941,70.52583315154793,78.78056021528228,61.8255325228178,72.7839978204443,49.48517591188886,2.25816466889637
axisflip_case_0000022,22,5,4,34.84456104674652,23.65152938088473,70.67162449915202,78.80194760593324,64.78752906184138,70.54476399956036,41.13599968095666,-0.12686049959165757
axisflip_case_0000023,23,6,4,64.58514543669116,42.48180169359248,67.41766550360641,80.32747301555956,64.24643718350576,71.29180633972864,21.76463548991328,3.8741408361222227
axisflip_case_0000024,24,7,4,69.1031052282417,43.79738709174438,67.71415053435351,80.58557918969339,65.4613069422422,61.227693554246,21.66391985049782,-6.486456980107505
axisflip_case_0000025,25,8,4,68.70515095487461,41.00031932324206,66.62726179065295,78.94635809057165,61.07475889933222,62.997488401384636,20.074439576090157,-3.6297733892683155
axisflip_case_0000027,27,5,1,1.0667077404783842,1.666765440021128,78.7497323498506,1.709200413703779,1.219253749733814,78.68999439059284,-0.44751169028731397,-0.0597379592577596
axisflip_case_0000028,28,6,1,4.374483161189709,4.32031020268351,75.01958781455271,12.32055117407637,10.845860368007127,71.95880419623397,6.525550165323617,-3.0607836183187374
axisflip_case_0000030,30,8,1,6.746954942854221,3.9319389112412284,78.82996658389978,21.518741994820786,14.111126677736841,76.5678798861655,10.179187766495613,-2.2620866977342757
axisflip_case_0000033,33,4,2,2.4100757953364114,3.5074116335579575,78.34340479990726,4.172314952562888,2.874106123848217,78.43891583719638,-0.6333055097097406,0.09551103728911414
axisflip_case_0000034,34,5,2,5.810274203316808,4.551892391147785,76.31950244358958,14.071513283767576,14.339344029983447,73.42230658206648,9.787451638835662,-2.8971958615231017
axisflip_case_0000035,35,6,2,37.74062780634582,19.44777708634127,76.70861046329088,70.99381549823319,42.89723146627149,65.26354119184758,23.449454379930224,-11.445069271443302
axisflip_case_0000036,36,7,2,38.69557490696186,19.65239958894447,71.1580909467885,76.99285946371909,57.59328817886973,68.77116652806536,37.94088858992526,-2.38692441872314
axisflip_case_0000041,41,5,3,5.726131390600449,11.438980820173379,68.93945600375795,78.67668102170425,59.268053405796714,67.11459857973051,47.82907258562334,-1.8248574240274422
axisflip_case_0000042,42,6,3,22.207762239605056,15.12934520784969,71.46081994817467,79.44507573225808,60.383396384717,70.84097581843535,45.254051176867314,-0.6198441297393202
axisflip_case_0000043,43,7,3,17.867316765404315,15.151484441383351,64.7142105423721,79.30479384110008,65.0200308021413,64.88593242616348,49.86854636075795,0.17172188379137765
axisflip_case_0000044,44,8,3,45.32548447855552,25.67437569575478,64.09678963135909,81.35924412086506,65.89266210921758,64.85443818186772,40.218286413462806,0.7576485505086339
axisflip_case_0000048,48,5,4,15.04985342743403,20.046786980685308,71.68775418511284,80.3210017221688,64.47110767036594,70.36935895752202,44.42432068968063,-1.3183952275908126
axisflip_case_0000049,49,6,4,66.40570217965467,30.815228398650067,66.31483782292878,79.65111587238934,65.40485699856443,66.40852715352104,34.58962859991436,0.09368933059225526
axisflip_case_0000050,50,7,4,66.14575998680404,33.432455260005355,59.65756519871797,79.9008223512616,64.54073644190399,62.79774197655874,31.108281181898633,3.1401767778407716
axisflip_case_0000051,51,8,4,75.83358908624656,52.48010257736655,64.63942576891219,81.3521216133793,66.85928258487563,62.615938494170905,14.379180007509078,-2.023487274741285
axisflip_case_0000052,52,4,1,1.1560879085023767,2.4521986300537275,79.72118277208887,4.468513082524996,2.1245488363100655,79.39973633674772,-0.327649793743662,-0.32144643534114437
axisflip_case_0000055,55,7,1,6.716597896444428,4.24492353464928,74.67530495494998,13.5002374326502,11.236087058265204,77.66262143886937,6.991163523615923,2.987316483919386
axisflip_case_0000056,56,8,1,4.699970713336399,2.013211120678935,76.33520596880506,66.53134334146446,28.1280659138538,71.99697500886471,26.114854793174864,-4.338230959940347
axisflip_case_0000061,61,6,2,19.845623761113508,14.954275981172716,74.12293195175951,76.77361065761586,51.884949568386006,74.10161612103967,36.93067358721329,-0.021315830719842666
axisflip_case_0000062,62,7,2,37.984850453574346,21.299058098067057,67.18289700733337,77.02347110190821,53.15205846333394,73.8064107350196,31.85300036526688,6.62351372768623
axisflip_case_0000063,63,8,2,61.814361770745265,25.483143736585284,62.577558983079406,78.95490694982013,58.97169994274245,66.06530412002265,33.48855620615716,3.4877451369432393
axisflip_case_0000066,66,4,3,4.943364326375447,12.216845010505114,73.14451704641719,11.981651795921165,16.410743066490866,72.53024556699496,4.193898055985752,-0.6142714794222286
axisflip_case_0000067,67,5,3,7.320863051996663,13.241252631149317,73.46354927866591,74.35965698672214,49.55940033356763,67.72306558399985,36.318147702418315,-5.740483694666054
axisflip_case_0000068,68,6,3,36.98240697865828,24.487135735073362,69.4809376574993,79.26732397168188,62.583193665268546,68.04724800964397,38.09605793019519,-1.4336896478553314
axisflip_case_0000069,69,7,3,66.2682229289455,35.79530297140906,61.38804218958976,79.10399300207004,58.74483820022226,68.66239317415635,22.949535228813204,7.274350984566588
axisflip_case_0000070,70,8,3,59.58347709851161,24.493592558631416,61.92893732097692,81.1515759604094,64.56426549307281,65.28512083199314,40.07067293444139,3.3561835110162193
axisflip_case_0000075,75,6,4,19.600135042752445,16.794120749484495,64.01972047838257,80.41022442502609,65.52687890080962,68.38010710050747,48.73275815132513,4.360386622124906
axisflip_case_0000076,76,7,4,67.47356759192235,36.54209230871041,65.87568458987212,79.83952370627966,61.93123855359719,62.953811707293625,25.38914624488678,-2.921872882578498
axisflip_case_0000077,77,8,4,58.60904284214138,35.509449656257644,63.64514271258166,78.73335878707522,59.951417530339945,63.503727844249646,24.4419678740823,-0.14141486833201355
axisflip_case_0000080,80,6,1,4.007174246720354,2.7953244692031176,78.74646275923381,5.180672148525514,2.832529642302416,79.445114279846,0.037205173099298605,0.6986515206121879
axisflip_case_0000086,86,5,2,2.097740648094121,2.561148557474729,73.1644091316931,19.89596752052478,18.652330314797982,73.09137407290362,16.091181757323255,-0.07303505878948613
axisflip_case_0000089,89,8,2,36.33688008073871,28.673654792669147,69.26413625038033,79.79924809644953,61.07713334545046,69.03399955901962,32.403478552781316,-0.23013669136071258
axisflip_case_0000093,93,5,3,14.456985348352607,15.342009413315566,70.58460762787766,77.8002526413022,57.84833940570997,73.96557444308634,42.506329992394406,3.38096681520868
axisflip_case_0000095,95,7,3,61.4782648678742,28.61947527275559,66.32848002521261,78.77124430377984,59.40902871381798,68.60691660211424,30.78955344106239,2.278436576901626
axisflip_case_0000096,96,8,3,5.549826472647687,7.753506169898385,61.29475315202828,78.76219582874921,59.4241770087214,69.65264860615332,51.670670838823014,8.357895454125043
axisflip_case_0000103,103,8,4,49.36019343318895,34.56206388753033,66.03506784140293,80.855754425377,64.17490001868096,63.760417127031666,29.61283613115063,-2.274650714371269
axisflip_case_0000115,115,8,2,50.802352015451866,19.41450325435351,64.56567676377254,74.94436552939398,51.87174516413433,68.78117657146686,32.45724190978082,4.215499807694314
axisflip_case_0000122,122,8,3,65.09292674162246,31.775535024089102,62.49880052711032,79.74477838832799,62.25387410166523,67.51750858216755,30.47833907757613,5.018708055057232
