pair,case_id,reference_score,candidate_score,score_delta,reference_axis_R,reference_axis_Z,reference_axis_residual,reference_axis_topology_trace,reference_axis_topology_det,reference_axis_ellipse_aspect,reference_psi_angle_p95,reference_psi_angle_l2,reference_surface_effective_level,reference_surface_drift_relative_p95,reference_alpha_normal_B_relative_l2,reference_iota_min,reference_qs_target_global_error_per_helicity,candidate_axis_R,candidate_axis_Z,candidate_axis_residual,candidate_axis_topology_trace,candidate_axis_topology_det,candidate_axis_ellipse_aspect,candidate_psi_angle_p95,candidate_psi_angle_l2,candidate_surface_effective_level,candidate_surface_drift_relative_p95,candidate_alpha_normal_B_relative_l2,candidate_iota_min,candidate_qs_target_global_error_per_helicity
Exact hint,1117971,87.1485367400505,87.15470591639081,0.006169176340307558,0.8365405977844214,1.0605106605777101e-09,6.678231899352741e-09,-1.7154194031822865,0.9999991282157445,3.206498941241948,4.629899980607004e-05,1.033797805449777e-05,0.19981423977843904,0.04651244363958987,2.525006333350183e-05,1.612310528755188,0.004191132269881087,0.8365405977844214,1.0605106605777101e-09,4.2196774994488815e-09,-1.7154289909496296,1.0000073726023133,3.206519910902926,4.629899980607004e-05,1.033797805449777e-05,0.19981423977843904,0.04651244363958987,2.5250063333501838e-05,1.612310528755188,0.00419113226988108
Exact hint,1188492,67.02908189254677,67.03692352774569,0.007841635198914787,1.1952007382394754,-2.154828737281738e-08,1.610014284478014e-08,-0.27621332848084745,0.9999953010779258,6.153360251997541,6.240581294590966e-05,1.0338565925129435e-05,0.06494863090417077,0.016788252850312917,3.892396241463206e-05,0.9543293714523315,0.01667203813913565,1.1952007382394754,-2.154828737281738e-08,1.196756603937062e-08,-0.2762006436413681,0.9999876180523587,6.1534099132687174,6.240581294590966e-05,1.0338565925129435e-05,0.06494863090417077,0.016788252850312917,3.8923962414632045e-05,0.9543293714523315,0.016672038139135585
Exact hint,1328106,89.34419951749771,89.35077886336252,0.006579345864807351,0.8191581716636991,2.180651279377687e-10,6.504529238718588e-09,-0.9009629443451823,0.9999999348990699,2.2522965144050815,0.00011179875610541934,3.3679071208617555e-05,0.23446628813058476,0.043697222191171406,5.5497487145323796e-05,1.2192219495773315,0.001137199454308352,0.8191581716636991,2.180651279377687e-10,3.907808209957884e-09,-0.9009544466857464,0.9999801497176312,2.2523088803636613,0.00011179875610541934,3.3679071208617555e-05,0.23446628813058476,0.043697222191171406,5.549748714532378e-05,1.2192219495773315,0.0011371994543083559
Exact hint,1410262,88.87969965475628,88.87951365955578,-0.0001859952004963361,1.3786836294125837,1.331141633096676e-09,4.326547574859513e-09,-1.8894060503167607,1.000000740609781,1.2628568565611293,6.22891614794615e-05,9.039635390145884e-06,0.1718227776146416,0.03663172175907423,3.504797895142251e-05,1.6285444498062134,0.0006419527382399135,1.3786836294125837,1.331141633096676e-09,4.39852701275739e-09,-1.889405667475507,0.9999996859397138,1.262852676827668,6.22891614794615e-05,9.039635390145884e-06,0.1718227776146416,0.03663172175907423,3.50479789514225e-05,1.6285444498062134,0.0006419527382399164
Exact hint,1410481,81.35303158186105,81.34891417609629,-0.004117405764759496,1.2494262223547945,-6.152898482818166e-09,7.167398071234375e-08,-1.7887802237162869,1.0000012521067028,1.5440443160282968,0.00019831732393909315,4.3114623469535264e-05,0.07602997508862355,0.005576983435666511,0.00011262006486051639,1.6052186489105225,0.003025742589360971,1.2494262223547945,-6.152898482818166e-09,7.45246892793678e-08,-1.788778080326042,0.9999982431855214,1.544065345876982,0.00019831732393909315,4.3114623469535264e-05,0.07602997508862355,0.005576983435666511,0.00011262006486051639,1.6052186489105225,0.003025742589360973
Exact hint,1413822,81.99919178499945,81.99869504308039,-0.0004967419190649025,1.2297890937828366,-8.376479383200444e-10,3.740956571007946e-09,-1.9750130645526485,0.9999986416273826,1.4079347805539009,0.00012678509958214486,2.141876870201999e-05,0.08610697716661403,0.026049350518250143,6.0332117127677956e-05,1.479024887084961,0.003766987535771659,1.2297890937828366,-8.376479383200444e-10,3.943846928320751e-09,-1.9750143860945149,0.9999997265894727,1.4078470571547812,0.00012678509958214486,2.141876870201999e-05,0.08610697716661403,0.026049350518250143,6.0332117127677977e-05,1.479024887084961,0.00376698753577166
Exact hint,1551144,68.66151163730623,68.65383105389564,-0.0076805834105897475,0.7830899037069707,-7.618816384576044e-10,2.282334211117762e-09,-1.3388286637362223,0.9999993704911212,3.6518306578884494,4.668538116955908e-05,6.608227526402764e-06,0.06890904499295568,0.025057329391040387,3.630489345260535e-05,0.9185236096382141,0.0006138108738517722,0.7830899037069707,-7.618816384576044e-10,5.597487570787648e-09,-1.338838816411184,1.0000099781274825,3.6518276385275166,4.668538116955908e-05,6.608227526402764e-06,0.06890904499295568,0.025057329391040387,3.630489345260535e-05,0.9185236096382141,0.0006138108738517735
Exact hint,1566917,78.72818981686981,78.71362282171587,-0.014566995153941775,1.1303640791873362,-1.7309347682564508e-08,1.0905409053809423e-08,-1.2602290667159695,0.999983976507592,9.456356205277103,8.827301820977703e-05,1.2792703149077135e-05,0.02753889161206076,0.05093571621770349,6.323448738823753e-05,1.091160535812378,0.0013768054514104156,1.1303640791873362,-1.7309347682564508e-08,1.7997114956983782e-08,-1.260217281526896,0.9999962484977769,9.456185352358485,8.827301820977703e-05,1.2792703149077135e-05,0.02753889161206076,0.05093571621770349,6.323448738823753e-05,1.091160535812378,0.0013768054514104128
Exact hint,1571207,92.24377211569322,92.2404401803068,-0.0033319353864129653,0.8552462977159475,3.3222849537713337e-10,1.7588017091840725e-09,0.16490582161853773,1.0000002761798583,1.5867206157961649,1.86029211228403e-05,5.5141036586793295e-06,0.3151103985879571,0.001030944834008416,1.1200846088670774e-05,1.165291428565979,0.0013725910963900143,0.8552462977159475,3.3222849537713337e-10,2.8744889328909773e-09,0.16489933067714038,1.000003761224576,1.586720254977445,1.86029211228403e-05,5.5141036586793295e-06,0.3151103985879571,0.001030944834008416,1.1200846088670772e-05,1.165291428565979,0.001372591096390023
Exact hint,1626606,84.70540886264624,84.7277018125781,0.0222929499318667,1.4540923176118412,-9.747414419049573e-10,1.4744588478026359e-08,-1.8509663113449646,1.0000033550665006,1.437244572143798,0.0004398292960848056,0.00011070005913942846,0.23960698515869014,0.04175444742374355,0.00010952412021561346,1.285912036895752,0.007089785321314878,1.4540923176118412,-9.747414419049573e-10,4.82814519556948e-09,-1.8509623304753369,1.000004034172862,1.4372288072782953,0.0004398292960848056,0.00011070005913942846,0.23960698515869014,0.04175444742374355,0.00010952412021561343,1.285912036895752,0.007089785321314896
Exact hint,1633910,85.12623216370018,85.099349396066,-0.026882767634177185,1.2840322883684068,3.0836855975158595e-09,4.085551611998067e-09,-0.29498887152481656,0.9999973131985201,4.448872906499931,0.0001121821581955115,3.40134562198255e-05,0.12590645985809204,0.010307958170047342,5.4177274942849514e-05,1.0281846523284912,0.00221308270770926,1.2840322883684068,3.0836855975158595e-09,1.6060159802812302e-08,-0.29499293144679667,1.0000014723709476,4.448864292582281,0.0001121821581955115,3.40134562198255e-05,0.12590645985809204,0.010307958170047342,5.4177274942849514e-05,1.0281846523284912,0.00221308270770927
Exact hint,1636749,77.18735649629211,77.16451896043543,-0.022837535856680802,0.7647694995080201,-2.6788972240139472e-09,1.561950733377135e-08,-1.9159165842291097,1.000003629630227,1.6800733716676726,0.00011363376786216795,3.719796376992628e-05,0.3340292237175321,0.03797166652456428,5.3764794409401226e-05,2.167121410369873,0.028927096318256046,0.7647694995080201,-2.6788972240139472e-09,2.771217121220905e-08,-1.9159120320732157,0.9999985285700417,1.6800806995800237,0.00011363376786216795,3.719796376992628e-05,0.3340292237175321,0.03797166652456428,5.3764794409401226e-05,2.167121410369873,0.028927096318255997
Exact hint,1645833,74.09431394482004,74.09525255562846,0.0009386108084186162,0.8808695269617853,4.860481602616352e-11,9.371503648167084e-10,-0.8757394076026312,0.9999994758314419,2.6335494061369396,0.00010389820145808189,1.2268852488971925e-05,0.218951772688122,0.10441693655096612,6.983059697060239e-05,1.4450082778930664,0.03219772472592989,0.8808695269617853,4.860481602616352e-11,6.83057530832372e-10,-0.8757434962747161,1.0000077409595076,2.6335360334829447,0.00010389820145808189,1.2268852488971925e-05,0.218951772688122,0.10441693655096612,6.983059697060243e-05,1.4450082778930664,0.03219772472592987
Exact hint,1673278,79.91405832808266,79.92047097389992,0.006412645817263751,0.8392276246853938,-1.0607395188160098e-09,1.9542745049614863e-09,-0.29700019484948237,1.0000001278493307,1.7472030563820664,4.899819608281593e-05,8.112765915600365e-06,0.10185931629351454,0.016256491134795416,3.331939208290283e-05,0.9910935759544373,0.0075207911876994556,0.8392276246853938,-1.0607395188160098e-09,1.615080172558964e-10,-0.2969944959212939,1.0000088179259528,1.7471956588366644,4.899819608281593e-05,8.112765915600365e-06,0.10185931629351454,0.016256491134795416,3.331939208290283e-05,0.9910935759544373,0.007520791187699449
Exact hint,1673401,80.34153179473587,80.35222974356796,0.010697948832088855,0.8512080814579438,-3.6750085200882227e-11,8.605784994718005e-09,-0.6352940066743266,0.9999999339976,2.113228102434772,5.2513803508327647e-05,7.927395619031406e-06,0.10699871529571264,0.03918818330909933,3.6174096976281914e-05,1.0683729648590088,0.009526871463979163,0.8512080814579438,-3.6750085200882227e-11,4.213002989225953e-09,-0.6352971253158534,1.0000021904760679,2.1132274472787995,5.2513803508327647e-05,7.927395619031406e-06,0.10699871529571264,0.03918818330909933,3.6174096976281914e-05,1.0683729648590088,0.0095268714639792
Exact hint,1681132,89.01180267128575,89.00903026489237,-0.002772406393376059,0.852717270714652,1.309867114652577e-09,3.4987523007469615e-09,-0.319924575451844,0.9999997751653091,1.6310895313069067,2.0344956330803397e-05,3.3446132532152135e-06,0.3377243955871264,0.028936267729152813,1.2834724279171068e-05,1.3531681299209595,0.005644070864579324,0.852717270714652,1.309867114652577e-09,4.538314857660258e-09,-0.3199180660708466,0.9999942779080941,1.6310895769134999,2.0344956330803397e-05,3.3446132532152135e-06,0.3377243955871264,0.028936267729152813,1.2834724279171068e-05,1.3531681299209595,0.0056440708645793085
Exact hint,1681431,70.73612819826903,70.73681821728984,0.0006900190208085633,1.2107709749716224,-3.5729067615739186e-10,4.145813081692361e-09,-0.8615592185163554,0.9999996870688395,3.10202679195139,6.711179887606888e-05,1.0325961171001335e-05,0.2661154585281488,0.03926687355188694,4.2560280435158804e-05,1.5073978900909424,0.055203664380791426,1.2107709749716224,-3.5729067615739186e-10,3.8862332422443686e-09,-0.8615673029546811,1.0000017068127631,3.102042898520848,6.711179887606888e-05,1.0325961171001335e-05,0.2661154585281488,0.03926687355188694,4.2560280435158804e-05,1.5073978900909424,0.055203664380791245
Exact hint,1681811,78.66367800481159,78.66588438845568,0.0022063836440935347,1.2269465524344891,-4.214683319398816e-09,4.696018080492145e-09,-1.1454732269961987,1.0000012693993572,3.6163342189575256,0.0005889190797642635,7.165889717254087e-05,0.19184691107171603,0.03479193775328383,0.0003964062635128969,1.498766541481018,0.008231206672698952,1.2269465524344891,-4.214683319398816e-09,3.858640512286427e-09,-1.1454654024275999,1.0000026537554425,3.616310589232897,0.0005889190797642635,7.165889717254087e-05,0.19184691107171603,0.03479193775328383,0.0003964062635128968,1.498766541481018,0.008231206672698985
Exact hint,1734167,88.3112949057082,88.28145646533353,-0.02983844037466099,1.557226556482858,-1.700302952655579e-10,7.927374514368059e-10,-1.7765531019149676,1.0000014394139511,1.030978860306041,0.00015091835474771367,3.940185283032393e-05,0.215658689680116,0.06745504055502911,7.245229147244978e-05,1.7190293073654175,0.0010176715043841362,1.557226556482858,-1.700302952655579e-10,1.2662142738924086e-08,-1.7765609295232008,1.000011239576811,1.030989461861098,0.00015091835474771367,3.940185283032393e-05,0.215658689680116,0.06745504055502911,7.245229147244976e-05,1.7190293073654175,0.0010176715043841368
Exact hint,1738437,89.77797162605461,89.78550744069244,0.007535814637833482,0.8215904655711128,-3.1860025661526598e-09,4.630955181565293e-08,-0.6116068159468317,0.9999999341369663,2.07701142933748,7.188453779605806e-05,2.5181104987954245e-05,0.1940766654428711,0.004530761817297858,3.8778679495641395e-05,1.121563196182251,0.0007390367778835282,0.8215904655711128,-3.1860025661526598e-09,4.1643239378227076e-08,-0.6116123076809168,0.9999859824460253,2.0770241757488983,7.188453779605806e-05,2.5181104987954245e-05,0.1940766654428711,0.004530761817297858,3.8778679495641395e-05,1.121563196182251,0.000739036777883533
Exact hint,1747896,93.30853625930516,93.30417998413697,-0.004356275168191814,1.20648583699454,2.7088420025736804e-10,5.504250757998242e-10,-0.755973646038154,1.0000002664685457,1.7839188354761057,2.582100289206384e-05,8.050251330960017e-06,0.4734425772441532,0.03605446464758796,1.3491017257630736e-05,1.5487638711929321,0.0015486089833555146,1.20648583699454,2.7088420025736804e-10,1.8101007462233287e-09,-0.755977667666337,0.9999886689826883,1.7839235710618648,2.582100289206384e-05,8.050251330960017e-06,0.4734425772441532,0.03605446464758796,1.349101725763074e-05,1.5487638711929321,0.001548608983355516
Exact hint,1748858,83.3932220771292,83.39847255029957,0.005250473170377745,1.1569717136814968,-2.1341441943586885e-09,3.04605804296861e-09,0.3735593491569906,1.0000002079038297,2.6298756118000357,2.879157878580779e-05,1.0999564529309507e-05,0.2748810012098496,0.03598631656986244,1.3056541281875875e-05,1.0703798532485962,0.014073814318915145,1.1569717136814968,-2.1341441943586885e-09,1.3172139899171093e-09,0.37356292580036565,0.9999959127490605,2.629865753151459,2.879157878580779e-05,1.0999564529309507e-05,0.2748810012098496,0.03598631656986244,1.3056541281875877e-05,1.0703798532485962,0.0140738143189151
Exact hint,1777210,92.9514883170931,92.94728125141269,-0.004207065680404298,1.3342574397108735,-8.489112185744876e-09,3.824426756687346e-08,-1.3424354234173763,1.0000007847533317,2.205009262427267,5.118989659548937e-05,1.6256854725681997e-05,0.38739611656633,0.02915265200454278,2.562537177718036e-05,1.4512479305267334,0.0006237774501927072,1.3342574397108735,-8.489112185744876e-09,4.078601530025246e-08,-1.3424372308303107,1.0000025424077117,2.205021542346953,5.118989659548937e-05,1.6256854725681997e-05,0.38739611656633,0.02915265200454278,2.5625371777180364e-05,1.4512479305267334,0.0006237774501927085
Exact hint,1779987,75.4889316106133,75.50379551090924,0.01486390029593565,1.2132771150864072,4.988166418783688e-09,2.195237998777619e-08,-0.30199525472999444,0.9999980333601363,5.83121439939498,4.450410606838942e-05,7.91605876250582e-06,0.08488679723315672,0.06941541372055296,3.086977398514135e-05,0.9699207544326782,0.006513043092248335,1.2132771150864072,4.988166418783688e-09,1.3951065946325004e-08,-0.3019970014662111,0.9999946629943254,5.831201772920109,4.450410606838942e-05,7.91605876250582e-06,0.08488679723315672,0.06941541372055296,3.086977398514135e-05,0.9699207544326782,0.006513043092248339
Exact hint,1781239,88.02583509011046,88.02772601516838,0.0018909250579213221,0.8062579952129305,1.6190734620422415e-09,6.191064365822888e-09,-1.6921570308983669,1.0000011401225917,2.484057068905213,4.147315311021653e-05,1.2251793981133312e-05,0.31739828683595056,0.0005503844580190568,2.0546728985335404e-05,1.6280373334884644,0.006095128415720933,0.8062579952129305,1.6190734620422415e-09,5.4238025209467685e-09,-1.6921593115460332,0.9999929493640549,2.484091313457797,4.147315311021653e-05,1.2251793981133312e-05,0.31739828683595056,0.0005503844580190568,2.0546728985335404e-05,1.6280373334884644,0.006095128415720925
Exact hint,1784946,83.3229329566821,83.33327857897972,0.010345622297620594,1.1795261692715455,-4.2263015187588775e-09,9.436231851850757e-09,-0.30572909744016374,1.0000002733913245,1.8150385206647364,2.184982733144278e-05,5.303009048020506e-06,0.42935765951295013,0.00024751293847138646,1.2443926592944085e-05,1.3547831773757935,0.017518730158563603,1.1795261692715455,-4.2263015187588775e-09,5.0744553395847555e-09,-0.30572691343803504,1.0000057024150786,1.8150339978038248,2.184982733144278e-05,5.303009048020506e-06,0.42935765951295013,0.00024751293847138646,1.2443926592944085e-05,1.3547831773757935,0.01751873015856366
Exact hint,1785460,76.66321061088095,76.68032095358984,0.017110342708889448,1.2424603439799664,-7.956861742021477e-11,1.1793637643423607e-08,-1.0711416799234548,0.9999997122247207,2.8801160494131444,7.597544561410012e-05,1.8215899652720818e-05,0.29702948407570445,0.028321620745955952,4.306225749668926e-05,1.6363914012908936,0.03076857336072175,1.2424603439799664,-7.956861742021477e-11,4.449177041456171e-09,-1.0711387014579015,1.0000159530787145,2.8800912437174584,7.597544561410012e-05,1.8215899652720818e-05,0.29702948407570445,0.028321620745955952,4.3062257496689256e-05,1.6363914012908936,0.03076857336072187
Exact hint,1813769,93.06623178700004,93.06406292343915,-0.002168863560882528,1.4130630810321232,2.512803767359474e-09,6.624447066885598e-09,-1.772346292486093,1.000002534677213,1.8943328219719748,5.010839226009046e-05,1.4802914769654995e-05,0.41877736824059,0.009889915381429767,2.48142723210505e-05,1.686018466949463,0.0009350315248030396,1.4130630810321232,2.512803767359474e-09,7.544941158160164e-09,-1.772351911007577,1.0000166516406415,1.8942822875829386,5.010839226009046e-05,1.4802914769654995e-05,0.41877736824059,0.009889915381429767,2.48142723210505e-05,1.686018466949463,0.0009350315248030421
Exact hint,1815557,73.72928417834183,73.73360113342302,0.004316955081193896,0.8493381922582517,1.8884871948652134e-10,3.1429998290681404e-09,-0.23308047049806285,1.0000003736663465,1.8093184133283893,3.880566716203171e-05,8.10433761042588e-06,0.104841043312727,0.02797355849247171,2.7486884506473528e-05,0.9712892770767212,0.0137957807470123,0.8493381922582517,1.8884871948652134e-10,1.6144273575355684e-09,-0.2330831617299743,0.9999899721577675,1.8093211428679277,3.880566716203171e-05,8.10433761042588e-06,0.104841043312727,0.02797355849247171,2.748688450647353e-05,0.9712892770767212,0.013795780747012258
Exact hint,1820578,76.40414114334644,76.4002943216701,-0.003846821676333434,0.8447951279566112,-1.2634748126956626e-09,2.3283934464029343e-09,-0.28821146907748973,0.9999999250067673,1.4268168594974737,1.8501999392033462e-05,3.6202545503361403e-06,0.6596147888613275,0.010291705526298116,1.0763129471023206e-05,1.3612043857574463,0.04684296341138034,0.8447951279566112,-1.2634748126956626e-09,3.6863712954699983e-09,-0.28821519853897565,1.0000051258350127,1.426818058798127,1.8501999392033462e-05,3.6202545503361403e-06,0.6596147888613275,0.010291705526298116,1.0763129471023209e-05,1.3612043857574463,0.04684296341138039
Exact hint,1849717,86.59771902615114,86.59983488155855,0.0021158554074105496,1.1959815886485528,7.578504646664437e-10,1.906410168723694e-09,-1.9430172860588089,0.9999994284840223,1.370534797007137,0.0001623595143217619,4.133712618646387e-05,0.16,0.014352872738780073,6.619526691777224e-05,1.7922277450561523,0.002739470698680511,1.1959815886485528,7.578504646664437e-10,1.2511794514798284e-09,-1.9430182536631035,1.0000010103721257,1.3705297795627622,0.0001623595143217619,4.133712618646387e-05,0.16,0.014352872738780073,6.619526691777224e-05,1.7922277450561523,0.00273947069868051
Exact hint,1852892,82.98369046826535,83.01527247208973,0.03158200382438281,0.846610916274793,-8.130285956389595e-11,1.6097371616688436e-08,-1.9219289387432745,1.000000367856461,3.9842509330302054,7.157414584864741e-05,1.365403877921111e-05,0.11760837226709346,0.056035047239168405,3.679253418307986e-05,1.7272382974624634,0.005275796239148173,0.846610916274793,-8.130285956389595e-11,2.427084199353765e-09,-1.9219533513307316,1.0000242843888036,3.9842608724450135,7.157414584864741e-05,1.365403877921111e-05,0.11760837226709346,0.056035047239168405,3.679253418307986e-05,1.7272382974624634,0.005275796239148183
Exact hint,1854509,92.73745795443645,92.73971132014152,0.0022533657050729516,0.8579433950122474,-5.16487408819045e-10,3.586485009852153e-09,-0.3803858147266118,0.9999994938843961,1.994696491672993,3.963244472844756e-05,1.2222087308814068e-05,0.43257923893928124,0.0010428901149379982,1.9829345522855562e-05,1.3727766275405884,0.001221228807458129,0.8579433950122474,-5.16487408819045e-10,2.779856159475001e-09,-0.3803857276558582,0.9999948957631823,1.9947026443939566,3.963244472844756e-05,1.2222087308814068e-05,0.43257923893928124,0.0010428901149379982,1.982934552285557e-05,1.3727766275405884,0.0012212288074581307
Exact hint,1873795,82.49147954820299,82.53566615527471,0.044186607071722506,0.7288677877172698,1.5981570646397304e-09,2.119454148582783e-08,-1.3312390794415474,0.9999902611058689,4.553220576014242,0.00012000432697914168,1.8071274388433497e-05,0.10796733456815555,0.019489903105414003,6.702277047669935e-05,1.829248309135437,0.0015630037736719467,0.7288677877172698,1.5981570646397304e-09,1.5533695359349787e-09,-1.3312400472450152,1.0000095280895778,4.553127137538779,0.00012000432697914168,1.8071274388433497e-05,0.10796733456815555,0.019489903105414003,6.702277047669938e-05,1.829248309135437,0.0015630037736719493
Exact hint,1887411,79.85882982328748,79.86674304916899,0.007913225881509334,0.8702091613752039,6.51087799477945e-10,4.254564517034633e-09,-1.4262522452444362,0.9999995985097933,5.2769557342635025,0.00017110946487495368,1.3731668443881206e-05,0.08601853899145324,0.03879578600332291,0.0001567392141546475,1.1886118650436401,0.0015030235402735217,0.8702091613752039,6.51087799477945e-10,1.5071882534375636e-09,-1.4262519388912331,1.0000109278708038,5.2768961781227635,0.00017110946487495368,1.3731668443881206e-05,0.08601853899145324,0.03879578600332291,0.00015673921415464747,1.1886118650436401,0.0015030235402735247
Exact hint,1894899,93.82772818645145,93.830226501348,0.0024983148965418422,1.1985090453011968,1.9568345263132943e-08,2.4125732202981008e-08,-0.5433599113783318,1.0000000023950868,1.9935432346541282,2.1773573788310695e-05,3.6874334782461623e-06,0.43852818480778993,0.00533850625589578,1.3376609502039046e-05,1.4530785083770752,0.00048440325961568345,1.1985090453011968,1.9568345263132943e-08,2.2774140295145806e-08,-0.5433550733060646,0.9999933296872608,1.9935539448001502,2.1773573788310695e-05,3.6874334782461623e-06,0.43852818480778993,0.00533850625589578,1.337660950203904e-05,1.4530785083770752,0.00048440325961568757
Exact hint,1911785,71.11182513840743,71.1125161186896,0.0006909802821724043,0.7792052128500635,-9.772146023070494e-09,1.9987063334882e-08,-1.682474624882769,1.0000134966313665,4.38090903984019,0.00046059311520212754,9.673966837657068e-05,0.10930764662026195,0.05747521395889589,0.00021848407939565733,1.648647427558899,0.02446319189768366,0.7792052128500635,-9.772146023070494e-09,1.962728510727704e-08,-1.6824932840835984,1.0000309871519888,4.380892636440084,0.00046059311520212754,9.673966837657068e-05,0.10930764662026195,0.05747521395889589,0.00021848407939565728,1.648647427558899,0.024463191897683714
Exact hint,1929456,79.13585661036264,79.12773421740627,-0.008122392956366298,0.8906577368470892,5.767428900149555e-10,6.658631091055338e-09,0.5192770726326776,1.0000003667075652,1.7339193748882282,1.7614906341204898e-05,2.724956505699147e-06,0.25824021970371436,0.028110464412612772,1.149520610834386e-05,1.003759503364563,0.024901731236430122,0.8906577368470892,5.767428900149555e-10,1.0197155823427176e-08,0.5192801534593778,1.0000024536336045,1.7339212753513595,1.7614906341204898e-05,2.724956505699147e-06,0.25824021970371436,0.028110464412612772,1.149520610834386e-05,1.003759503364563,0.024901731236430004
Exact hint,1952292,91.56134765301552,91.5774536468912,0.016105993875683566,1.323281556795835,1.450213878929278e-09,8.023681890861442e-09,-1.1123512395953115,1.0000002243792459,2.7104460784957625,7.580646314946187e-05,2.301404528632037e-05,0.31349547297090746,0.017131211625478277,3.755335733525176e-05,1.3405604362487793,0.000824848408151549,1.323281556795835,1.450213878929278e-09,1.8388452137118864e-09,-1.1123449735839959,0.9999888182212209,2.7104475627449727,7.580646314946187e-05,2.301404528632037e-05,0.31349547297090746,0.017131211625478277,3.755335733525176e-05,1.3405604362487793,0.0008248484081515497
Exact hint,1955554,83.77876557779463,83.79171221977937,0.012946641984740381,0.7899377198187714,1.3780422277801505e-09,9.828458986235158e-09,-1.5924392430961904,1.000000819695152,2.1809360748976747,4.2945834659158286e-05,1.3213187288243701e-05,0.3838072220111239,0.02420893690262121,1.931393874588779e-05,1.5746891498565674,0.015291602362344022,0.7899377198187714,1.3780422277801505e-09,4.404354509618355e-09,-1.592436718216148,0.9999982897490544,2.180931717706571,4.2945834659158286e-05,1.3213187288243701e-05,0.3838072220111239,0.02420893690262121,1.931393874588779e-05,1.5746891498565674,0.01529160236234402
Exact hint,1957251,82.25232309819211,82.26699487785667,0.014671779664567453,1.4011377463187502,9.65998930742958e-10,9.298627780316129e-09,-1.8311505930951633,1.0000020414529147,1.2403163695191315,0.00010272868837973727,2.8908817347349736e-05,0.27972102025287754,0.026260169459869556,4.777573683149179e-05,2.246840715408325,0.01559827431265777,1.4011377463187502,9.65998930742958e-10,3.32455920587344e-09,-1.8311549055541496,1.0000065553089006,1.2403070949338764,0.00010272868837973727,2.8908817347349736e-05,0.27972102025287754,0.026260169459869556,4.77757368314918e-05,2.246840715408325,0.01559827431265778
Exact hint,1957924,78.62743895775957,78.6736725528819,0.04623359512233094,1.2368959886014053,-4.915857628616581e-09,2.7425071865000444e-08,-0.37621614230710754,0.9999955997561407,5.631210975809098,5.251661353230977e-05,7.76212534711897e-06,0.09125210018209133,0.061801132765500116,3.447826927326304e-05,0.995944082736969,0.010459967301636564,1.2368959886014053,-4.915857628616581e-09,4.754034104998101e-09,-0.3762220797756968,1.000025906294274,5.631138333383583,5.251661353230977e-05,7.76212534711897e-06,0.09125210018209133,0.061801132765500116,3.447826927326305e-05,0.995944082736969,0.010459967301636557
Exact hint,1960650,88.31651636182558,88.31465437349019,-0.001861988335392084,1.281396187831077,-2.141976541367727e-09,8.03170702206874e-09,-1.4188998107669701,1.0000004538000535,2.258532729897833,6.30230752488153e-05,1.6164107985185894e-05,0.4073054998623431,0.028955865865827327,3.3799662001937046e-05,1.8537479639053345,0.006385500651522862,1.281396187831077,-2.141976541367727e-09,8.843846675864407e-09,-1.4189053779328902,1.0000054429432441,2.2585396246591634,6.30230752488153e-05,1.6164107985185894e-05,0.4073054998623431,0.028955865865827327,3.379966200193704e-05,1.8537479639053345,0.006385500651522878
Exact hint,1962427,79.97382886846762,79.98301210680705,0.00918323833943191,1.1596571628180135,-1.4461848916143337e-09,8.513568180693036e-09,0.5804671481938954,1.000000365814865,2.1321018019959994,1.0950162577460875e-05,2.339718969878695e-06,0.30397414469765693,0.01443099611558862,8.71392752915014e-06,0.9960231781005859,0.02131357452315553,1.1596571628180135,-1.4461848916143337e-09,4.6883232958380565e-09,0.5804693853002476,1.0000032468978124,2.1320903075645377,1.0950162577460875e-05,2.339718969878695e-06,0.30397414469765693,0.01443099611558862,8.713927529150139e-06,0.9960231781005859,0.02131357452315559
Exact hint,1963588,80.84284535281888,80.81358484460986,-0.029260508209020486,1.272925065099492,2.0589139342359495e-09,2.338721232902106e-09,-1.2728719936826494,0.9999996158013804,3.087552843735679,5.773918006055374e-05,1.0318300149034276e-05,0.27431179126661104,0.038235302622975614,4.025390717060724e-05,1.729109525680542,0.01758432181538255,1.272925065099492,2.0589139342359495e-09,1.4818912774787085e-08,-1.2728752208750267,1.0000016524698552,3.0875480487957185,5.773918006055374e-05,1.0318300149034276e-05,0.27431179126661104,0.038235302622975614,4.025390717060725e-05,1.729109525680542,0.017584321815382532
Exact hint,1985999,93.42013468176333,93.42909931617169,0.008964634408357597,0.8657847157341775,4.069418401123797e-09,2.2470947931873e-08,-1.3322056771033588,1.0000004955963808,1.6013254359376723,3.4931556218241694e-05,7.408837884652674e-06,0.5797087427709255,0.0029171216530026038,2.081054460713444e-05,2.563722848892212,0.0018175549195250283,0.8657847157341775,4.069418401123797e-09,1.7783117073561e-08,-1.3322070189927244,0.9999997718998627,1.6013292747073853,3.4931556218241694e-05,7.408837884652674e-06,0.5797087427709255,0.0029171216530026038,2.081054460713444e-05,2.563722848892212,0.0018175549195250408
Exact hint,2021486,79.82845892380848,79.82265555171166,-0.0058033720968211355,0.8496399696456511,1.4603498241604735e-10,7.576930699957338e-10,-1.2939240136383185,1.0000005058731143,1.0991247612270654,6.385162453096717e-05,2.0774238500818434e-05,0.36,0.01356382495108968,3.303919684851635e-05,2.4908599853515625,0.024455002112816416,0.8496399696456511,1.4603498241604735e-10,2.555248100987461e-09,-1.2939327685689535,1.0000102708951015,1.0991195717391922,6.385162453096717e-05,2.0774238500818434e-05,0.36,0.01356382495108968,3.303919684851635e-05,2.4908599853515625,0.02445500211281646
Exact hint,2425297,90.18228535292903,90.21754689940906,0.03526154648002944,1.1460713870147714,6.413770692221721e-09,1.707938981985254e-08,-0.12668030973406835,1.0000002642214871,2.951725988082094,5.00091395889521e-05,1.3654146371870492e-05,0.2566504656798182,0.04147080884119982,2.6936450425077205e-05,1.223950982093811,0.0020368833057926054,1.1460713870147714,6.413770692221721e-09,1.8585565510102458e-09,-0.12669731305810608,1.0000137145976888,2.9517136521900413,5.00091395889521e-05,1.3654146371870492e-05,0.2566504656798182,0.04147080884119982,2.6936450425077215e-05,1.223950982093811,0.002036883305792609
Exact hint,2426393,78.68819979072954,78.6818076709382,-0.0063921197913430206,1.1815092287256361,-6.814427184961937e-10,7.478382521905879e-09,-1.4699957288371073,1.0000035244917957,6.138986484801098,0.0003810361559945382,4.368196283187041e-05,0.10240888264163585,0.05963022350252162,0.0002907922383453485,1.5028355121612549,0.0030598845762906616,1.1815092287256361,-6.814427184961937e-10,1.0297326438227192e-08,-1.4699825200432064,1.0000118801285274,6.138883520148238,0.0003810361559945382,4.368196283187041e-05,0.10240888264163585,0.05963022350252162,0.00029079223834534856,1.5028355121612549,0.003059884576290667
Exact hint,2428769,83.88723393178077,83.90888817292226,0.021654241141490616,1.127279433716972,-1.2008340578670595e-09,1.7075717419154968e-08,-0.8821207224486878,0.9999987016689761,3.8683534297993054,0.0001585083903376122,1.6921302413761997e-05,0.16983243739014253,0.03139672176711622,0.00011374653743084933,1.3700268268585205,0.003398121825304691,1.127279433716972,-1.2008340578670595e-09,6.982286388808346e-09,-0.8821160323947486,1.0000112227320617,3.8683205459263705,0.0001585083903376122,1.6921302413761997e-05,0.16983243739014253,0.03139672176711622,0.00011374653743084933,1.3700268268585205,0.0033981218253046944
Exact hint,2429760,61.24669146981617,61.25609261722119,0.009401147405021959,1.0659780514273365,2.698412281353059e-09,1.155272019445243e-08,-1.5855522823581314,1.0000044058033226,9.529789301111473,0.00011105494223800024,1.0139852410533269e-05,0.023131362747362667,0.1111046027748657,9.799334784014739e-05,1.4170570373535156,0.017974852975024415,1.0659780514273365,2.698412281353059e-09,6.762890210992108e-09,-1.585584849524838,1.0000077107365952,9.530097874405135,0.00011105494223800024,1.0139852410533269e-05,0.023131362747362667,0.1111046027748657,9.79933478401473e-05,1.4170570373535156,0.017974852975024457
Exact hint,2442111,87.05590626875592,87.05478336720641,-0.00112290154950756,1.4514414404816522,2.250685398562718e-09,7.007679602855842e-09,-1.9034835472578178,1.0000005510226115,1.1492473478797163,0.0002275152842087322,5.2832436270397824e-05,0.19434474075337055,0.04909741443424271,9.324575147237358e-05,1.6290550231933594,0.0017463526776317656,1.4514414404816522,2.250685398562718e-09,7.485430170636429e-09,-1.9034936013109576,1.0000146574719366,1.1492382431722405,0.0002275152842087322,5.2832436270397824e-05,0.19434474075337055,0.04909741443424271,9.324575147237359e-05,1.6290550231933594,0.0017463526776317713
Exact hint,2452803,92.05189536202941,92.05004971158137,-0.0018456504480468539,0.8011600067370173,1.0135700523662902e-10,1.3541857676675612e-09,-0.8945521823896869,0.9999999831311556,2.0830859842868987,4.026632806885805e-05,9.462308153358818e-06,0.3168927092435538,0.009069723104986514,2.3693082689680364e-05,1.254692554473877,0.0008707582706768301,0.8011600067370173,1.0135700523662902e-10,1.9327185631098386e-09,-0.8945440797377271,1.0000081365083848,2.083071422746468,4.026632806885805e-05,9.462308153358818e-06,0.3168927092435538,0.009069723104986514,2.3693082689680364e-05,1.254692554473877,0.0008707582706768315
Exact hint,2453768,92.34350050526868,92.35981321503391,0.016312709765230693,0.769926300484378,1.908976646548176e-10,6.070450204683078e-09,-1.6539976949751458,1.0000008635035031,2.1834419828035734,6.393452156215473e-05,2.3287232071908364e-05,0.39533091726228425,0.03241179493455651,2.647887178612613e-05,1.6134132146835327,0.0010810525932329054,0.769926300484378,1.908976646548176e-10,4.5176358234745185e-10,-1.6539941507407256,1.000009879725352,2.183410586324374,6.393452156215473e-05,2.3287232071908364e-05,0.39533091726228425,0.03241179493455651,2.6478871786126127e-05,1.6134132146835327,0.0010810525932329063
Exact hint,2459461,92.41613859683603,92.4217948313616,0.005656234525559967,0.8508262400119401,1.1340568600126221e-09,2.232563776619852e-09,-0.3376127998874916,0.9999998624553993,1.802940561637979,3.0280628501315555e-05,1.0114947107065987e-05,0.40947403862784093,0.00017399628092959983,1.5363301130552665e-05,1.3669078350067139,0.001718277817358291,0.8508262400119401,1.1340568600126221e-09,5.482912541306008e-10,-0.33762099498555775,0.9999995888212461,1.802943800064488,3.0280628501315555e-05,1.0114947107065987e-05,0.40947403862784093,0.00017399628092959983,1.5363301130552665e-05,1.3669078350067139,0.0017182778173582959
Exact hint,2459513,93.50588558663637,93.50840084338626,0.0025152567498878398,0.8467545603738948,3.060036622811786e-10,2.3457612414617168e-09,-0.5525720499282236,1.000000011657849,1.8544327228112285,2.5452470036885322e-05,6.261902380753273e-06,0.46002046507840477,0.009230873664612288,1.3726807700453497e-05,1.4573554992675781,0.000974020502314463,0.8467545603738948,3.060036622811786e-10,1.5327415898857455e-09,-0.5525716253540813,1.000007350870482,1.8544331810041872,2.5452470036885322e-05,6.261902380753273e-06,0.46002046507840477,0.009230873664612288,1.3726807700453497e-05,1.4573554992675781,0.0009740205023144619
Exact hint,2459580,93.47642702661867,93.4687088802397,-0.007718146378962842,1.2050034890357508,-6.565893834863535e-10,1.424913653128597e-09,-0.7452943267852957,1.000000203467303,1.7835481698747053,3.346813843822894e-05,1.0689779378568961e-05,0.46989007591729504,0.03737387867203575,1.5503510744838567e-05,1.5440555810928345,0.0012549732724840158,1.2050034890357508,-6.565893834863535e-10,4.077806726106804e-09,-0.7453055775164051,0.9999926994350519,1.7835637461317853,3.346813843822894e-05,1.0689779378568961e-05,0.46989007591729504,0.03737387867203575,1.5503510744838563e-05,1.5440555810928345,0.0012549732724840097
Exact hint,2461313,93.80675386371867,93.80763279731184,0.0008789335931709275,0.845367771110992,6.556388348042927e-10,2.9337585302635545e-09,-0.5412278775646308,1.0000000566433476,1.8114431145870737,2.2698584584179433e-05,5.776119214015868e-06,0.4543916625419577,0.026674289882818943,1.3191525514535062e-05,1.4536012411117554,0.0005860278762414589,0.845367771110992,6.556388348042927e-10,2.6283385217331085e-09,-0.5412282048482219,1.0000010036847664,1.811438110782438,2.2698584584179433e-05,5.776119214015868e-06,0.4543916625419577,0.026674289882818943,1.3191525514535059e-05,1.4536012411117554,0.0005860278762414588
Exact hint,2461422,93.91788621044248,93.89956269623656,-0.01832351420591749,1.206751332245072,7.801347517953096e-10,9.976178318309618e-10,-0.736166641119093,1.0000002012547435,1.8293230350111458,2.668491282626358e-05,7.916173775521977e-06,0.47945243584725467,0.03472466182558337,1.3894648635082068e-05,1.5404813289642334,0.0008539843990459399,1.206751332245072,7.801347517953096e-10,7.782647388416701e-09,-0.7361638438374192,1.0000028052507894,1.829322053468724,2.668491282626358e-05,7.916173775521977e-06,0.47945243584725467,0.03472466182558337,1.3894648635082074e-05,1.5404813289642334,0.0008539843990459392
Exact hint,2464076,84.04149248164374,84.02789357779935,-0.01359890384439666,1.136622420432017,7.230797809129413e-10,6.7228284397248765e-09,-0.6539484669942741,0.9999980091219509,3.3224182694138604,8.886127746804146e-05,1.027251943968081e-05,0.21632050909031522,0.0017978077114600354,6.575161328476878e-05,1.3516343832015991,0.006963740682673106,1.136622420432017,7.230797809129413e-10,1.2817319234950608e-08,-0.653942342411707,0.9999960957372929,3.322409247399237,8.886127746804146e-05,1.027251943968081e-05,0.21632050909031522,0.0017978077114600354,6.575161328476874e-05,1.3516343832015991,0.006963740682673095
Exact hint,2464177,93.6075447799845,93.60713318988581,-0.0004115900986789711,0.8445148965134205,-8.748754910596049e-10,4.0167151384168136e-09,-0.5516989140799153,1.0000000601165109,1.8246271089581663,2.1675846383559984e-05,3.6575431707701535e-06,0.4549873351354773,0.026703558422989892,1.2737568301942616e-05,1.457745909690857,0.0008590129781868867,0.8445148965134205,-8.748754910596049e-10,4.171428099003504e-09,-0.5516965253365359,0.9999933867394627,1.8246293927887518,2.1675846383559984e-05,3.6575431707701535e-06,0.4549873351354773,0.026703558422989892,1.2737568301942616e-05,1.457745909690857,0.0008590129781868865
Exact hint,2464204,93.79275942472405,93.79783820612813,0.005078781404080246,1.196539854058209,1.471803569258023e-09,5.4441741320230044e-09,-0.5324081093213257,0.9999998239045672,2.0015717844771985,2.2699291303848794e-05,3.919873492032575e-06,0.43843122277610874,0.006047851294338464,1.4177234162016576e-05,1.4478142261505127,0.0004438444134112285,1.196539854058209,1.471803569258023e-09,3.501670987640645e-09,-0.5324019929616954,1.00001286778223,2.001559932524333,2.2699291303848794e-05,3.919873492032575e-06,0.43843122277610874,0.006047851294338464,1.417723416201657e-05,1.4478142261505127,0.00044384441341122885
Exact hint,2496228,85.55051628542218,85.54951309236881,-0.0010031930533642708,1.1812609976743969,-2.1423735735028443e-09,2.595589189401545e-09,0.42165535727496084,1.00000063735182,2.5659252535519994,1.6477697165567584e-05,5.209571365351106e-06,0.2640873465232404,0.04126031036756354,9.948096750866135e-06,1.0638041496276855,0.009887025935043748,1.1812609976743969,-2.1423735735028443e-09,2.9454064315199573e-09,0.4216441161673372,1.0000054382442602,2.565912736602361,1.6477697165567584e-05,5.209571365351106e-06,0.2640873465232404,0.04126031036756354,9.948096750866132e-06,1.0638041496276855,0.009887025935043824
Exact hint,2527841,80.31198045795472,80.29147553734546,-0.02050492060925535,1.2638860757258534,3.1400556966339373e-09,4.9504173997796365e-08,-1.2125936980258025,1.0000013036067297,1.9807274975543365,3.8640113474649574e-05,1.0972436175495611e-05,0.2823100192583098,0.03068017408123456,1.9692206981598585e-05,1.3851410150527954,0.022435664442989098,1.2638860757258534,3.1400556966339373e-09,6.290432983106399e-08,-1.21258834017104,1.0000043944078147,1.9807123823751625,3.8640113474649574e-05,1.0972436175495611e-05,0.2823100192583098,0.03068017408123456,1.969220698159859e-05,1.3851410150527954,0.022435664442989202
Exact hint,2532462,89.2697378649339,89.26126702110946,-0.008470843824440522,0.8541091642212981,5.199159962722812e-10,2.340077022655957e-09,-0.5642587163572093,0.9999996549938002,1.8398399064129962,2.0516665879433252e-05,3.1862258506535444e-06,0.4118774717433612,0.00012665783865941976,1.2671167280421522e-05,1.4570635557174683,0.005968650494567405,0.8541091642212981,5.199159962722812e-10,5.479469810344467e-09,-0.5642599153287263,1.0000059523961646,1.8398381113316309,2.0516665879433252e-05,3.1862258506535444e-06,0.4118774717433612,0.00012665783865941976,1.2671167280421519e-05,1.4570635557174683,0.005968650494567372
Exact hint,2535274,79.25914557948354,79.25366632336303,-0.005479256120509035,0.8505278954318749,-5.028472149770568e-10,3.1677989178072583e-09,-0.6395605506834955,0.9999998498937763,1.757751040053255,3.3177864807671056e-05,5.437610501932264e-06,0.3038160975710016,0.0006155364183453923,2.2464445456200884e-05,1.4542498588562012,0.02463104598569402,0.8505278954318749,-5.028472149770568e-10,5.238120070531782e-09,-0.6395550661173712,0.9999971948528181,1.7577461057915995,3.3177864807671056e-05,5.437610501932264e-06,0.3038160975710016,0.0006155364183453923,2.2464445456200884e-05,1.4542498588562012,0.024631045985693965
Exact hint,2549199,20.33028738988746,20.335971619723693,0.005684229836234067,1.0591362092217629,-9.989466013009176e-10,9.83682170860975e-09,-0.38721000063880073,1.0000003924119796,6.349673444283609,0.00035284120325236904,3.6669763858090615e-05,0.010148526724546698,0.057179424977767075,7.346174103379029e-05,1.1395903825759888,0.01993921245764697,1.0591362092217629,-9.989466013009176e-10,2.653270390173598e-09,-0.3872197889721367,1.0000077498045497,6.349677343870837,0.00035284120325236904,3.6669763858090615e-05,0.010148526724546698,0.057179424977767075,7.346174103379027e-05,1.1395903825759888,0.019939212457647036
Exact hint,2551349,78.02578978042212,78.01249586801505,-0.013293912407064568,1.1557746159689355,1.90824848874605e-09,4.035766625937524e-09,-0.8626340467014768,0.9999982403529825,4.339450775592208,0.00011217898352714499,1.7880993415531736e-05,0.16338429475770397,0.044845993472979365,6.664568194758519e-05,1.4101403951644897,0.017417429983820953,1.1557746159689355,1.90824848874605e-09,9.548054156610242e-09,-0.8626317196802398,0.9999978856614976,4.339449892287446,0.00011217898352714499,1.7880993415531736e-05,0.16338429475770397,0.044845993472979365,6.664568194758518e-05,1.4101403951644897,0.017417429983820964
Exact hint,2557786,79.54427201849313,79.54777063162317,0.0034986131300343004,0.8744115405903529,6.970634940900807e-10,1.7099385529431313e-08,-1.7783277097617214,1.000003293130253,1.845406998257992,0.0003926029702876003,9.431452767781973e-05,0.3057392088801079,0.025972337032999778,0.00012524928214984523,3.0041894912719727,0.018632487766960956,0.8744115405903529,6.970634940900807e-10,1.53510598753727e-08,-1.778326593064879,1.0000036798245941,1.8454035573969094,0.0003926029702876003,9.431452767781973e-05,0.3057392088801079,0.025972337032999778,0.00012524928214984523,3.0041894912719727,0.018632487766960942
Hint offset by 1e-3,1117971,87.13744638129344,87.15486733817741,0.017420956883967165,0.8365405988128821,5.915292515928282e-10,9.025453877299021e-09,-1.7154194050310754,0.9999991360512135,3.2064989791477068,4.627655243860754e-05,1.0338256257870199e-05,0.19981420398190264,0.046512745451233226,2.5233006266482918e-05,1.612309217453003,0.004191133719003235,0.8365405988128821,5.915292515928282e-10,2.1551453685760472e-09,-1.7154291352411613,1.0000053213538262,3.2065354424798835,4.627655243860754e-05,1.0338256257870199e-05,0.19981420398190264,0.046512745451233226,2.523300626648291e-05,1.612309217453003,0.004191133719003225
Hint offset by 1e-3,1188492,67.03260892070448,67.02033526198244,-0.01227365872203734,1.1952007338603667,1.4768133988762493e-09,1.1964652557421206e-08,-0.27621332530241505,0.9999953221171395,6.153360250086711,6.245125703096257e-05,1.0336210823132784e-05,0.0649480335434827,0.016789798017103726,3.8989996016576753e-05,0.9543280601501465,0.01667203203283471,1.1952007338603667,1.4768133988762493e-09,1.8538530204986685e-08,-0.2762113267330978,1.0000034341247355,6.153350174252471,6.245125703096257e-05,1.0336210823132784e-05,0.0649480335434827,0.016789798017103726,3.898999601657677e-05,0.9543280601501465,0.016672032032834704
Hint offset by 1e-3,1328106,89.32855245884443,89.35476585967761,0.026213400833185574,0.8191581693872283,6.374387505645849e-10,1.063838251867731e-08,-0.9009629427538488,0.9999999285582684,2.25229651400989,0.00011179926591621372,3.367921225089006e-05,0.23446323545670592,0.043697994389326145,5.550070322248844e-05,1.2192223072052002,0.0011372071875733014,0.8191581693872283,6.374387505645849e-10,6.027260856686434e-10,-0.9009503747258679,0.999976401424924,2.252304897767092,0.00011179926591621372,3.367921225089006e-05,0.23446323545670592,0.043697994389326145,5.5500703222488434e-05,1.2192223072052002,0.001137207187573304
Hint offset by 1e-3,1410262,88.86265914372122,88.86167334974957,-0.0009857939716511055,1.3786836308238057,8.173799121023343e-10,6.329723099037388e-09,-1.889406038828183,1.0000007334355443,1.262856872647952,6.226625685888253e-05,9.03935870803604e-06,0.17182262735490994,0.03662858822744204,3.504631083865609e-05,1.6285501718521118,0.0006419323227184307,1.3786836308238057,8.173799121023343e-10,6.739697234116004e-09,-1.8894040479251286,0.9999974130139184,1.2628508943292571,6.226625685888253e-05,9.03935870803604e-06,0.17182262735490994,0.03662858822744204,3.5046310838656074e-05,1.6285501718521118,0.0006419323227184316
Hint offset by 1e-3,1410481,81.47748530662393,81.47146846434931,-0.006016842274618739,1.2494262573066621,-1.2512967718658977e-09,3.0069437938038104e-09,-1.788780051174542,1.0000010648183755,1.5440443269171906,0.00019848263296128846,4.311022256946046e-05,0.07603073542800985,0.00557760088872131,0.00011266160996387791,1.6052016019821167,0.0030257819868297012,1.2494262573066621,-1.2512967718658977e-09,5.279137599309744e-09,-1.7887864901478445,1.0000060277672527,1.5440029029183793,0.00019848263296128846,4.311022256946046e-05,0.07603073542800985,0.00557760088872131,0.00011266160996387795,1.6052016019821167,0.003025781986829696
Hint offset by 1e-3,1413822,81.98218881429013,81.98618662655781,0.003997812267684253,1.2297890892586893,1.0665189872852623e-10,1.225045059580307e-08,-1.9750130939343342,0.9999986645242316,1.4079347513323919,0.00012680946580934221,2.1419277491982588e-05,0.08610696299219313,0.026049761529071833,6.034492525062929e-05,1.4790220260620117,0.0037669937891804447,1.2297890892586893,1.0665189872852623e-10,1.0411923399636383e-08,-1.975018538814129,1.0000034504401403,1.4078736900189572,0.00012680946580934221,2.1419277491982588e-05,0.08610696299219313,0.026049761529071833,6.034492525062928e-05,1.4790220260620117,0.003766993789180461
Hint offset by 1e-3,1551144,68.66739133344382,68.65930046405131,-0.008090869392503919,0.7830899051944519,-2.7598155846587447e-11,1.038095464375723e-09,-1.3388286585607907,0.9999993709892032,3.6518306531923757,4.681938440873799e-05,6.608023107729468e-06,0.06890878333808712,0.025059228947406597,3.6301672784382e-05,0.9185225963592529,0.0006138100673929632,0.7830899051944519,-2.7598155846587447e-11,4.226252716390942e-09,-1.33883886002268,1.0000101348571828,3.651828180917042,4.681938440873799e-05,6.608023107729468e-06,0.06890878333808712,0.025059228947406597,3.6301672784382e-05,0.9185225963592529,0.0006138100673929622
Hint offset by 1e-3,1566917,78.69591301549573,78.6842545030614,-0.011658512434337354,1.1303640788999314,-3.7219643056062186e-09,2.718131540250393e-08,-1.2602294498560935,0.9999839795126368,9.456358089667955,8.823650492785062e-05,1.2791304610470985e-05,0.027538198154906077,0.05094127011477552,6.327084112771087e-05,1.0911613702774048,0.001376804100833158,1.1303640788999314,-3.7219643056062186e-09,3.3842168193013974e-08,-1.2602245802233245,0.9999795272262013,9.456365828042065,8.823650492785062e-05,1.2791304610470985e-05,0.027538198154906077,0.05094127011477552,6.327084112771088e-05,1.0911613702774048,0.0013768041008331623
Hint offset by 1e-3,1571207,92.23754758154048,92.23832009772299,0.000772516182507843,0.855246297533581,-1.1621659123811921e-09,2.0412355871451324e-09,0.1649058166089014,1.000000282140309,1.5867206104192055,1.8612221226599543e-05,5.514562332188918e-06,0.3151103976972086,0.0010310962474979952,1.1389753813086708e-05,1.1652904748916626,0.0013725954425597886,0.855246297533581,-1.1621659123811921e-09,1.7917131539242945e-09,0.1648980901875764,1.0000039353174452,1.5867207711633853,1.8612221226599543e-05,5.514562332188918e-06,0.3151103976972086,0.0010310962474979952,1.1389753813086705e-05,1.1652904748916626,0.001372595442559793
Hint offset by 1e-3,1626606,84.70458339721525,84.72124662518456,0.016663227969317518,1.4540923177738188,-2.1019031160860177e-09,1.5155173049814853e-08,-1.850966313146644,1.0000033535107102,1.4372445804871818,0.0004398408578536567,0.00011069990259098033,0.23960064144819476,0.0417527473610416,0.0001095264797223175,1.2859222888946533,0.0070897609026047545,1.4540923177738188,-2.1019031160860177e-09,7.469611665277661e-09,-1.8509620680786278,1.0000032649731692,1.4372239240976787,0.0004398408578536567,0.00011069990259098033,0.23960064144819476,0.0417527473610416,0.00010952647972231752,1.2859222888946533,0.007089760902604761
Hint offset by 1e-3,1633910,85.11657447923683,85.1187368304202,0.0021623511833723796,1.2840322880223212,-3.800575172845479e-09,5.405803016388524e-09,-0.29498879766875713,0.9999973098229892,4.4488728947782015,0.00011212124386894311,3.401268504253989e-05,0.12590733987677297,0.010305693636483666,5.418877539359605e-05,1.028185248374939,0.0022130821022399486,1.2840322880223212,-3.800575172845479e-09,4.5591970541601465e-09,-0.29498543863700377,1.000014614850197,4.44883509670377,0.00011212124386894311,3.401268504253989e-05,0.12590733987677297,0.010305693636483666,5.418877539359605e-05,1.028185248374939,0.00221308210223995
Hint offset by 1e-3,1636749,77.22096417043323,77.21977842243848,-0.001185747994753683,0.7647694887806804,4.197422068158164e-10,5.507310088203197e-09,-1.9159165038361303,1.0000035753867644,1.6800736802212897,0.00011364813573055004,3.719864374952889e-05,0.33402919336385717,0.037971724772474694,5.3776581562231066e-05,2.167121648788452,0.02892709993434269,0.7647694887806804,4.197422068158164e-10,5.983884163969039e-09,-1.915910787362051,0.9999980078986501,1.6800849330236627,0.00011364813573055004,3.719864374952889e-05,0.33402919336385717,0.037971724772474694,5.377658156223109e-05,2.167121648788452,0.028927099934342837
Hint offset by 1e-3,1645833,74.08560722597505,74.09003557793363,0.004428351958580379,0.880869527561936,1.7926737675548134e-09,3.845819227522685e-09,-0.8757393891330192,0.9999994714878561,2.6335494135385162,0.00010390597040102715,1.2268598152197935e-05,0.21895170498276006,0.1043285710840971,6.982383458340783e-05,1.445009708404541,0.03219772327165196,0.880869527561936,1.7926737675548134e-09,2.2777908779973143e-09,-0.8757448783317564,1.000000351415187,2.6335455243254606,0.00010390597040102715,1.2268598152197935e-05,0.21895170498276006,0.1043285710840971,6.982383458340785e-05,1.445009708404541,0.032197723271652004
Hint offset by 1e-3,1673278,79.91158520793296,79.91519033452087,0.0036051265879137873,0.8392276239364216,1.557073502141108e-10,2.6861421121116623e-09,-0.29700019125555993,1.000000123418444,1.7472030596773511,4.896679175993031e-05,8.112281919158546e-06,0.10185935147028732,0.016255805604452042,3.3329536513383286e-05,0.9910929203033447,0.007520791692895955,0.8392276239364216,1.557073502141108e-10,1.487509238073158e-09,-0.2969932044846557,1.0000079560551849,1.7471935865152546,4.896679175993031e-05,8.112281919158546e-06,0.10185935147028732,0.016255805604452042,3.3329536513383286e-05,0.9910929203033447,0.007520791692895965
Hint offset by 1e-3,1673401,80.34879074333983,80.34734196992193,-0.0014487734179056133,0.8512080840230594,7.128259632731199e-10,6.2850138211671176e-09,-0.6352939987174917,0.9999999365051505,2.1132281088003766,5.2483645734604993e-05,7.928295520560474e-06,0.1069986850718051,0.03918819003439831,3.623902433104075e-05,1.0683752298355103,0.009526871905167204,0.8512080840230594,7.128259632731199e-10,6.886531985825124e-09,-0.6352939845971686,1.0000042742015578,2.113224634225539,5.2483645734604993e-05,7.928295520560474e-06,0.1069986850718051,0.03918819003439831,3.623902433104075e-05,1.0683752298355103,0.009526871905167222
Hint offset by 1e-3,1681132,89.01812694328044,89.0178058293726,-0.0003211139078302949,0.8527172705296668,-2.0101590259599689e-10,1.554012979812258e-09,-0.31992458462320655,0.9999997810126449,1.6310895265067986,2.0321932117875006e-05,3.3439785684504613e-06,0.33772441277674503,0.02893628916876866,1.28138678471285e-05,1.353169560432434,0.0056440745026442385,0.8527172705296668,-2.0101590259599689e-10,1.654169152416213e-09,-0.3199171768670511,0.9999986485753983,1.6310888916756734,2.0321932117875006e-05,3.3439785684504613e-06,0.33772441277674503,0.02893628916876866,1.2813867847128505e-05,1.353169560432434,0.005644074502644243
Hint offset by 1e-3,1681431,70.71410807200542,70.71228434979919,-0.0018237222062253977,1.2107709747108808,-2.9932254165603227e-09,8.415250124460283e-09,-0.861559196604319,0.9999996861591527,3.102026778728933,6.71397316374568e-05,1.0326290708584557e-05,0.2661154397534087,0.039266858827118244,4.256270570955486e-05,1.507396936416626,0.05520367206606577,1.2107709747108808,-2.9932254165603227e-09,9.217645670913386e-09,-0.8615674182563859,0.9999940912827585,3.1020454989751096,6.71397316374568e-05,1.0326290708584557e-05,0.2661154397534087,0.039266858827118244,4.256270570955486e-05,1.507396936416626,0.05520367206606568
Hint offset by 1e-3,1681811,78.67720551418213,78.6761438614579,-0.0010616527242319762,1.2269465528714778,-4.0959566725849616e-09,3.948106729918605e-09,-1.145473238972329,1.0000012699035747,3.616334238354152,0.0005890449441209091,7.165789449397139e-05,0.1918466619021792,0.034791030761272164,0.0003964011891050558,1.4987614154815674,0.008231208595557541,1.2269465528714778,-4.0959566725849616e-09,4.349335223826746e-09,-1.1454675402421641,0.9999985060777961,3.6163241007629163,0.0005890449441209091,7.165789449397139e-05,0.1918466619021792,0.034791030761272164,0.0003964011891050557,1.4987614154815674,0.00823120859555754
Hint offset by 1e-3,1734167,88.29647643822192,88.30078264450027,0.004306206278357649,1.5572265611368317,-1.147924486326581e-09,8.578655357139252e-09,-1.7765530675904189,1.000001416648196,1.030978881923028,0.00015089323625255146,3.940191983201779e-05,0.21565819005123726,0.0674828228405473,7.244562940777136e-05,1.7190274000167847,0.0010176719256179973,1.5572265611368317,-1.147924486326581e-09,6.734252598484032e-09,-1.7765636193588907,1.0000121656337482,1.0309893302074489,0.00015089323625255146,3.940191983201779e-05,0.21565819005123726,0.0674828228405473,7.244562940777139e-05,1.7190274000167847,0.0010176719256179986
Hint offset by 1e-3,1738437,89.85784243078595,89.86206747154418,0.004225040758228715,0.821590500563731,1.0661175752771089e-10,2.2190685906093364e-09,-0.6116067453882885,0.9999999964313419,2.07701148157818,7.191441466522783e-05,2.5178038771792382e-05,0.1940766803257204,0.004530135987176251,3.875141138493196e-05,1.1215722560882568,0.0007390199608178483,0.821590500563731,1.0661175752771089e-10,9.170784093265133e-10,-0.6116114865349097,0.9999958880659989,2.077021987283929,7.191441466522783e-05,2.5178038771792382e-05,0.1940766803257204,0.004530135987176251,3.875141138493197e-05,1.1215722560882568,0.0007390199608178485
Hint offset by 1e-3,1747896,93.29831877835272,93.3025280879047,0.0042093095519817325,1.2064858389371105,-9.798289148379985e-10,3.905376960029129e-09,-0.7559736418759841,1.0000002552619627,1.7839188332523075,2.5806475857224826e-05,8.050245216397868e-06,0.4734425704991285,0.03605451475241812,1.3485839621313409e-05,1.5487645864486694,0.0015486085367032256,1.2064858389371105,-9.798289148379985e-10,2.4043671819310745e-09,-0.7559806967025431,0.9999891047298678,1.7839240036436204,2.5806475857224826e-05,8.050245216397868e-06,0.4734425704991285,0.03605451475241812,1.3485839621313407e-05,1.5487645864486694,0.0015486085367032209
Hint offset by 1e-3,1748858,83.38876197665516,83.39239948241305,0.0036375057578936776,1.1569717127989454,-1.2943657110130999e-09,4.661818385752588e-09,0.37355935419498476,1.0000002113394735,2.629875615296619,2.8780141422899706e-05,1.1000026832975867e-05,0.2748810206722363,0.03598622850615911,1.3061336011899048e-05,1.0703797340393066,0.014073813313234443,1.1569717127989454,-1.2943657110130999e-09,3.3021004550571008e-09,0.37356775384396523,1.0000003888642666,2.6298595395975424,2.8780141422899706e-05,1.1000026832975867e-05,0.2748810206722363,0.03598622850615911,1.3061336011899043e-05,1.0703797340393066,0.014073813313234474
Hint offset by 1e-3,1777210,93.01150997551754,93.00181267049335,-0.009697305024189973,1.3342574518434271,-1.4799926221614309e-09,2.5372424810559814e-09,-1.3424354214563006,1.0000007356311928,2.205009300871738,5.1171059936185066e-05,1.625511236430341e-05,0.3873962935039263,0.02915221800145861,2.5630569990396553e-05,1.4512453079223633,0.0006237806842368807,1.3342574518434271,-1.4799926221614309e-09,6.2099146151210485e-09,-1.342435777459022,1.0000012591396557,2.205022426291507,5.1171059936185066e-05,1.625511236430341e-05,0.3873962935039263,0.02915221800145861,2.5630569990396553e-05,1.4512453079223633,0.0006237806842368816
Hint offset by 1e-3,1779987,75.43096445176778,75.44065086575085,0.009686413983075681,1.213277121521887,5.61089652466166e-09,6.041613570964468e-08,-0.3019957184839063,0.9999980146261964,5.831214611796181,4.442907973871826e-05,7.918097209157683e-06,0.0848868179915555,0.06941581647954503,3.0830822377354875e-05,0.9699274301528931,0.006513040191213554,1.213277121521887,5.61089652466166e-09,5.370818696334178e-08,-0.30197921468410716,1.0000453612406068,5.831045170746864,4.442907973871826e-05,7.918097209157683e-06,0.0848868179915555,0.06941581647954503,3.0830822377354875e-05,0.9699274301528931,0.006513040191213531
Hint offset by 1e-3,1781239,88.03487314977582,88.02924128003855,-0.0056318697372717,0.8062579933560344,5.816862446247007e-10,3.1983226141512e-09,-1.692157024522375,1.0000011349998479,2.484057109950075,4.1474033344828305e-05,1.225237274836314e-05,0.3173983563820266,0.00055024750891657,2.0493169096084596e-05,1.628036379814148,0.006095123294779034,0.8062579933560344,5.816862446247007e-10,5.329213866857403e-09,-1.6921602299223186,0.9999939012699216,2.484090444997944,4.1474033344828305e-05,1.225237274836314e-05,0.3173983563820266,0.00055024750891657,2.0493169096084596e-05,1.628036379814148,0.006095123294779053
Hint offset by 1e-3,1784946,83.33344696811224,83.34436327449237,0.010916306380124752,1.1795261707111249,-2.765285439353303e-09,5.1551898598144225e-09,-0.3057290937257453,1.000000270643648,1.8150385110782639,2.1832760159698165e-05,5.303253896665887e-06,0.42935765787776614,0.00024750901379324815,1.243152224804332e-05,1.354785680770874,0.017518720485994108,1.1795261707111249,-2.765285439353303e-09,1.3016262128104808e-09,-0.3057218167632054,1.000004233230825,1.8150325405830248,2.1832760159698165e-05,5.303253896665887e-06,0.42935765787776614,0.00024750901379324815,1.243152224804332e-05,1.354785680770874,0.017518720485994076
Hint offset by 1e-3,1785460,76.66431040189082,76.67512399038495,0.0108135884941305,1.242460345686924,4.667398716265287e-10,6.27939196761313e-09,-1.0711416986628506,0.9999997057230845,2.880116070361434,7.593150656837625e-05,1.8215543476071476e-05,0.29702955279716164,0.028321610097880288,4.306019947636763e-05,1.6363898515701294,0.03076857391673521,1.242460345686924,4.667398716265287e-10,2.217461831371115e-09,-1.0711384251012208,1.0000044756408104,2.8800998184162405,7.593150656837625e-05,1.8215543476071476e-05,0.29702955279716164,0.028321610097880288,4.306019947636763e-05,1.6363898515701294,0.030768573916735258
Hint offset by 1e-3,1813769,93.0778387391475,93.08155853147854,0.0037197923310401393,1.4130630808596911,1.7289920155222486e-09,6.4330005019728925e-09,-1.7723462933775138,1.000002535068992,1.8943328206807077,5.008797131001945e-05,1.4803626710340931e-05,0.4187747426447727,0.009885758460075042,2.48139737695879e-05,1.686018466949463,0.0009350319164506211,1.4130630808596911,1.7289920155222486e-09,4.9423243684450925e-09,-1.77235155600464,1.0000162417685334,1.8942859847803566,5.008797131001945e-05,1.4803626710340931e-05,0.4187747426447727,0.009885758460075042,2.4813973769587894e-05,1.686018466949463,0.0009350319164506211
Hint offset by 1e-3,1815557,73.73199004556426,73.73268710835669,0.0006970627924260953,0.8493381905824967,1.6425027641091665e-09,3.006131104324649e-09,-0.23308046749959788,1.0000003674606361,1.809318416413738,3.882563142500456e-05,8.103213603526692e-06,0.10484111095638261,0.027973344225012103,2.753263784450701e-05,0.9712904095649719,0.013795778213511106,0.8493381905824967,1.6425027641091665e-09,2.749075816187336e-09,-0.23308064149972818,1.0000012674091017,1.8093146714746158,3.882563142500456e-05,8.103213603526692e-06,0.10484111095638261,0.027973344225012103,2.753263784450701e-05,0.9712904095649719,0.013795778213511026
Hint offset by 1e-3,1820578,76.40136355053004,76.3995236146184,-0.001839935911633006,0.8447951289441408,-1.3545377565815704e-09,3.225444375925483e-09,-0.2882114673185078,0.9999999276432328,1.4268168599943767,1.849922321320465e-05,3.6202369174371415e-06,0.659614802514918,0.010291593911219558,1.0770146876668497e-05,1.3612040281295776,0.046842960629093926,0.8447951289441408,-1.3545377565815704e-09,3.898382154943716e-09,-0.2882156545971114,1.0000024527921807,1.4268194345673317,1.849922321320465e-05,3.6202369174371415e-06,0.659614802514918,0.010291593911219558,1.0770146876668499e-05,1.3612040281295776,0.04684296062909421
Hint offset by 1e-3,1849717,86.5769143267402,86.58672538312936,0.009811056389168016,1.195981593218429,2.3363852129103295e-10,1.0297894407515667e-08,-1.943017256845252,0.9999993973651568,1.3705347919859314,0.00016252828314209769,4.133768745031921e-05,0.16,0.014353261629481766,6.616169900078284e-05,1.7922260761260986,0.0027394754673742,1.195981593218429,2.3363852129103295e-10,6.05210356642705e-09,-1.9430146212493389,0.9999964492491685,1.3705429941925593,0.00016252828314209769,4.133768745031921e-05,0.16,0.014353261629481766,6.616169900078284e-05,1.7922260761260986,0.002739475467374205
Hint offset by 1e-3,1852892,82.99166578616303,83.0216862960408,0.030020509877772383,0.8466109147112996,7.255796271737775e-10,1.228159866463692e-08,-1.9219289393694674,1.0000003577248855,3.9842506195848135,7.159038469566883e-05,1.3653911308864735e-05,0.1176083828217598,0.056035305239212484,3.6783870621273286e-05,1.7272382974624634,0.005275805512313932,0.8466109147112996,7.255796271737775e-10,5.344068049853501e-10,-1.9219543813204818,1.0000253439602003,3.9842376129056207,7.159038469566883e-05,1.3653911308864735e-05,0.1176083828217598,0.056035305239212484,3.678387062127329e-05,1.7272382974624634,0.005275805512313947
Hint offset by 1e-3,1854509,92.73851584417534,92.74224906828516,0.003733224109822686,0.8579433954909016,1.2286685807584828e-09,2.8421705516275296e-09,-0.3803857988669565,0.9999994870379605,1.994696501770884,3.953123499326957e-05,1.2220670268866963e-05,0.4325793616726906,0.0010428472372732147,1.9877127066504365e-05,1.3727778196334839,0.0012212271021683375,0.8579433954909016,1.2286685807584828e-09,1.6030671489667295e-09,-0.3803819909383933,0.9999918232386888,1.9947020192206601,3.953123499326957e-05,1.2220670268866963e-05,0.4325793616726906,0.0010428472372732147,1.9877127066504372e-05,1.3727778196334839,0.0012212271021683377
Hint offset by 1e-3,1873795,82.49597572641862,82.51902504440127,0.02304931798265386,0.7288677832408023,2.907837194990326e-09,1.8600880944097325e-08,-1.33123902227087,0.9999902547415886,4.5532207427882705,0.00011995359477512667,1.807112751120902e-05,0.10796323066858667,0.019494554135073484,6.70265476773407e-05,1.8292511701583862,0.0015629964679568613,0.7288677832408023,2.907837194990326e-09,7.659513933349572e-09,-1.331238258329025,1.0000071708165201,4.553143934060125,0.00011995359477512667,1.807112751120902e-05,0.10796323066858667,0.019494554135073484,6.702654767734067e-05,1.8292511701583862,0.001562996467956863
Hint offset by 1e-3,1887411,79.8424625767387,79.85307223235596,0.010609655617258795,0.870209157900364,9.260208372328928e-10,1.1153862816182422e-08,-1.4262522420518908,0.99999959410635,5.276955734236068,0.00017111888074817594,1.3732143202460786e-05,0.08601819573586653,0.03879965504912174,0.0001567470333436069,1.1886141300201416,0.0015030196800475187,0.870209157900364,9.260208372328928e-10,6.493415938802169e-09,-1.426256540034465,1.0000137253448087,5.2769010750231296,0.00017111888074817594,1.3732143202460786e-05,0.08601819573586653,0.03879965504912174,0.0001567470333436068,1.1886141300201416,0.0015030196800475187
Hint offset by 1e-3,1894899,93.8670494597424,93.86658940809124,-0.0004600516511601427,1.1985090447836928,2.2290428930716825e-09,4.907041185060138e-09,-0.5433598641831674,0.999999977827831,1.9935432636665968,2.1743479518844792e-05,3.6847201112929165e-06,0.43852819454702496,0.0053382060914824005,1.3412161956618072e-05,1.453084111213684,0.00048438734400454,1.1985090447836928,2.2290428930716825e-09,5.086747255944065e-09,-0.5433518170981921,0.9999938162982477,1.9935494711133337,2.1743479518844792e-05,3.6847201112929165e-06,0.43852819454702496,0.0053382060914824005,1.3412161956618074e-05,1.453084111213684,0.0004843873440045414
Hint offset by 1e-3,1911785,71.1402205353936,71.12589991948278,-0.014320615910818901,0.7792051952035872,4.204291163208319e-10,5.412454409571806e-09,-1.6824747341651785,1.0000134799304015,4.380910028211931,0.00046047691439640297,9.673702650072378e-05,0.10931053307887892,0.0574811305723602,0.0002184774767160877,1.6486461162567139,0.024463229471319507,0.7792051952035872,4.204291163208319e-10,1.164231419373528e-08,-1.6824849183887207,1.0000203051491006,4.380931466594888,0.00046047691439640297,9.673702650072378e-05,0.10931053307887892,0.0574811305723602,0.00021847747671608763,1.6486461162567139,0.024463229471319573
Hint offset by 1e-3,1929456,79.14547884005471,79.15524290454462,0.009764064489914404,0.8906577461043574,-8.128537745493649e-10,3.474910665514758e-09,0.5192770951488788,1.0000003865878178,1.7339194087093774,1.7639049204365312e-05,2.7237137165081237e-06,0.2582402082618891,0.028110526007784818,1.144143632399536e-05,1.0037604570388794,0.024901737709929084,0.8906577461043574,-8.128537745493649e-10,4.1373534818834565e-10,0.5192832348276617,0.9999990740112992,1.733918038048128,1.7639049204365312e-05,2.7237137165081237e-06,0.2582402082618891,0.028110526007784818,1.1441436323995361e-05,1.0037604570388794,0.024901737709929168
Hint offset by 1e-3,1952292,91.55339917169533,91.56305571206333,0.0096565403679989,1.3232815574633392,9.854788478453763e-10,6.634284493312982e-09,-1.112351240251039,1.0000002214498802,2.710446080596661,7.580130542405255e-05,2.301359228141696e-05,0.31349539225998363,0.017130972123667543,3.7540106246495485e-05,1.3405579328536987,0.0008248485193497826,1.3232815574633392,9.854788478453763e-10,2.9069865574673253e-09,-1.1123444578265367,0.9999920724392344,2.710439889955928,7.580130542405255e-05,2.301359228141696e-05,0.31349539225998363,0.017130972123667543,3.754010624649549e-05,1.3405579328536987,0.0008248485193497831
Hint offset by 1e-3,1955554,83.7979022662455,83.8092072055425,0.01130493929700549,0.7899377158225704,-1.6370720570237401e-09,6.197382314671643e-09,-1.5924392395190106,1.000000811836745,2.1809361308153368,4.294041573376385e-05,1.3212143109560626e-05,0.38380707464564523,0.02420934186061875,1.9331673241419192e-05,1.5746920108795166,0.015291603357133424,0.7899377158225704,-1.6370720570237401e-09,1.988805416559393e-09,-1.5924418296857334,0.9999981086226929,2.180941519237192,4.294041573376385e-05,1.3212143109560626e-05,0.38380707464564523,0.02420934186061875,1.9331673241419192e-05,1.5746920108795166,0.01529160335713341
Hint offset by 1e-3,1957251,82.23693954917829,82.259031732078,0.022092182899712043,1.4011377453214238,7.48143436544926e-10,1.1174371054425313e-08,-1.8311505994557353,1.0000020486782366,1.2403163704148863,0.00010276048468255426,2.890893295199544e-05,0.2797210218511025,0.026260158644616012,4.77663988485297e-05,2.2468435764312744,0.015598270227355465,1.4011377453214238,7.48143436544926e-10,2.1821386588206463e-09,-1.831154703626527,1.0000068703590868,1.2403110924999825,0.00010276048468255426,2.890893295199544e-05,0.2797210218511025,0.026260158644616012,4.7766398848529694e-05,2.2468435764312744,0.015598270227355378
Hint offset by 1e-3,1957924,78.61753072807187,78.6687995828867,0.05126885481483612,1.2368959896656855,-2.3923520184326733e-09,3.62205320067156e-08,-0.37621623995467,0.9999955976564885,5.631211024756315,5.2499246207576035e-05,7.760808799684712e-06,0.09125245563231252,0.06180122322270164,3.446477899940249e-05,0.9959537386894226,0.010459969691237435,1.2368959896656855,-2.3923520184326733e-09,9.002641279755396e-09,-0.3762284716139446,1.0000205784521665,5.63115076697443,5.2499246207576035e-05,7.760808799684712e-06,0.09125245563231252,0.06180122322270164,3.446477899940249e-05,0.9959537386894226,0.01045996969123743
Hint offset by 1e-3,1960650,88.31603902428988,88.32113972060222,0.005100696312339892,1.2813961844562598,1.4521234113610494e-09,3.5775423580287664e-09,-1.4188998262494388,1.0000004738716604,2.258532731841741,6.29744176676234e-05,1.6164548532320287e-05,0.4073054997005409,0.028955951050474823,3.382490942715896e-05,1.8537499904632568,0.006385494336132764,1.2813961844562598,1.4521234113610494e-09,1.8199243839616954e-09,-1.4189081651018087,1.0000109389752327,2.25853074938159,6.29744176676234e-05,1.6164548532320287e-05,0.4073054997005409,0.028955951050474823,3.3824909427158966e-05,1.8537499904632568,0.0063854943361327625
Hint offset by 1e-3,1962427,79.98288080475719,79.98977345487361,0.006892650116427035,1.1596571650633427,-1.142363282084065e-09,3.531717516756476e-09,0.5804671593475589,1.0000003610235682,2.132101778061968,1.0939383321595541e-05,2.33927333396698e-06,0.30397415684721185,0.014431007094536904,8.820178869935878e-06,0.9960227608680725,0.021313577462989817,1.1596571650633427,-1.142363282084065e-09,1.2151766648860185e-09,0.5804657943162445,0.999999998459725,2.1320951917969766,1.0939383321595541e-05,2.33927333396698e-06,0.30397415684721185,0.014431007094536904,8.820178869935882e-06,0.9960227608680725,0.021313577462989813
Hint offset by 1e-3,1963588,80.82401128566707,80.84313700859727,0.019125722930198208,1.2729250675322656,3.602495615693536e-09,9.946335898536828e-09,-1.272872027352527,0.9999996063629755,3.0875529070175243,5.770557293580197e-05,1.0318456403115596e-05,0.2743117096785779,0.0382350457831808,4.025299783726447e-05,1.729117512702942,0.01758431604845971,1.2729250675322656,3.602495615693536e-09,2.2746697761002647e-09,-1.2728765544323672,1.000002568989172,3.0875453053821595,5.770557293580197e-05,1.0318456403115596e-05,0.2743117096785779,0.0382350457831808,4.0252997837264456e-05,1.729117512702942,0.017584316048459683
Hint offset by 1e-3,1985999,93.47234532432691,93.48501457458991,0.01266925026300214,0.8657847037701986,-7.717444538778929e-10,4.042301799786407e-09,-1.3322056538729095,1.0000004450160658,1.6013254808903665,3.49490524321944e-05,7.409209568738514e-06,0.5797086782019811,0.002917476469152095,2.0693929820533536e-05,2.563727378845215,0.00181755593941714,0.8657847037701986,-7.717444538778929e-10,1.195732294939338e-10,-1.3322062526142822,1.0000010150616008,1.6013239949464095,3.49490524321944e-05,7.409209568738514e-06,0.5797086782019811,0.002917476469152095,2.0693929820533536e-05,2.563727378845215,0.0018175559394171458
Hint offset by 1e-3,2021486,79.82154984282698,79.83018980120809,0.008639958381110091,0.8496399690820278,1.7051436731144684e-09,3.0421189522482644e-09,-1.2939240027468906,1.0000004997216627,1.0991247607815857,6.38499360921638e-05,2.0773715894903673e-05,0.36,0.013560967528348424,3.302478841020499e-05,2.490860939025879,0.02445500407056413,0.8496399690820278,1.7051436731144684e-09,3.9538380404549667e-10,-1.2939314252998426,1.000007171230222,1.0991210125492608,6.38499360921638e-05,2.0773715894903673e-05,0.36,0.013560967528348424,3.3024788410205e-05,2.490860939025879,0.024455004070564217
Hint offset by 1e-3,2425297,90.1789603205734,90.21586428236769,0.03690396179429456,1.1460713869975097,7.935361865002126e-09,1.8605284946400197e-08,-0.12668032027349885,1.0000002654867495,2.9517259852712376,5.000510334224263e-05,1.365450013316333e-05,0.25665043706872503,0.04147072059886301,2.6952142160095404e-05,1.223949909210205,0.00203688228175752,1.1460713869975097,7.935361865002126e-09,2.3013478261539457e-09,-0.12669491947078843,1.0000087128891069,2.9517194152071524,5.000510334224263e-05,1.365450013316333e-05,0.25665043706872503,0.04147072059886301,2.69521421600954e-05,1.223949909210205,0.0020368822817575178
Hint offset by 1e-3,2426393,78.65099495525925,78.68542686253362,0.03443190727436729,1.1815092324572196,2.550956460092369e-10,2.5749372011000166e-08,-1.469995989129901,1.0000035224420372,6.138987826827545,0.00038094934598968515,4.36809417290027e-05,0.10240535290737235,0.05962307445106819,0.0002908429186970796,1.5028278827667236,0.0030598737070747935,1.1815092324572196,2.550956460092369e-10,8.53305840578063e-09,-1.4699745605623755,0.999994833473635,6.138904290292334,0.00038094934598968515,4.36809417290027e-05,0.10240535290737235,0.05962307445106819,0.0002908429186970797,1.5028278827667236,0.0030598737070747957
Hint offset by 1e-3,2428769,83.88518176184388,83.90080560958506,0.015623847741181862,1.1272794350119186,-3.395910474794608e-09,1.5135192323781565e-08,-0.8821207340151443,0.9999986989854844,3.8683534418775047,0.00015830806102369748,1.692057518099893e-05,0.16983245796471924,0.03139637141738397,0.00011375237899401462,1.3700292110443115,0.0033981099581998015,1.1272794350119186,-3.395910474794608e-09,7.89354807577291e-09,-0.8821150575106576,1.0000089526955154,3.8683213462349806,0.00015830806102369748,1.692057518099893e-05,0.16983245796471924,0.03139637141738397,0.00011375237899401459,1.3700292110443115,0.003398109958199805
Hint offset by 1e-3,2429760,61.26491352392443,61.24861048475589,-0.016303039168533928,1.065978049964023,-1.3466015761436057e-10,2.2539550665483226e-09,-1.5855520504987306,1.000004409194453,9.529786881287318,0.00011106388815139714,1.0141869680690227e-05,0.023130168641485777,0.11108236617739242,9.792230479773798e-05,1.417053461074829,0.017974846045761404,1.065978049964023,-1.3466015761436057e-10,9.752849403456604e-09,-1.5855653684110733,1.0000248349292726,9.529668824316671,0.00011106388815139714,1.0141869680690227e-05,0.023130168641485777,0.11108236617739242,9.792230479773804e-05,1.417053461074829,0.017974846045761404
Hint offset by 1e-3,2442111,87.07477485948567,87.0625827654619,-0.012192094023774303,1.4514414389041408,8.345275057043017e-11,2.120415571035021e-09,-1.903483551320316,1.0000005615767082,1.1492473837481998,0.0002275163865063651,5.283100091122244e-05,0.19434444716032637,0.04909869501598191,9.324271582044095e-05,1.6290562152862549,0.0017463493722314574,1.4514414389041408,8.345275057043017e-11,6.732365352903008e-09,-1.903497421858884,1.0000167146603485,1.1492375244457773,0.0002275163865063651,5.283100091122244e-05,0.19434444716032637,0.04909869501598191,9.324271582044093e-05,1.6290562152862549,0.0017463493722314493
Hint offset by 1e-3,2452803,92.02990401345743,92.02937522041553,-0.0005287930418944597,0.8011600076581625,-1.297500963891759e-09,5.276843725923448e-09,-0.8945521917499559,0.9999999904506985,2.083085983332678,4.027903305394343e-05,9.461447556507576e-06,0.31689272302954924,0.00906945744369205,2.3669818853990013e-05,1.2546899318695068,0.0008707534856182804,0.8011600076581625,-1.297500963891759e-09,5.488585900222188e-09,-0.8945457348336907,1.000006508043732,2.0830753268452344,4.027903305394343e-05,9.461447556507576e-06,0.31689272302954924,0.00906945744369205,2.3669818853990016e-05,1.2546899318695068,0.0008707534856182848
Hint offset by 1e-3,2453768,92.35765611195077,92.36679818435837,0.00914207240759879,0.7699263009246926,-2.5428650320247656e-10,4.844886923876211e-09,-1.6539976970583647,1.0000008669021936,2.183441990298472,6.394302619030834e-05,2.328728472447008e-05,0.39533089845283975,0.03241172320983883,2.6481187711094677e-05,1.613413691520691,0.0010810535912366684,0.7699263009246926,-2.5428650320247656e-10,1.6038075606268531e-09,-1.653994913610417,1.0000104745988985,2.1834076377739833,6.394302619030834e-05,2.328728472447008e-05,0.39533089845283975,0.03241172320983883,2.6481187711094674e-05,1.613413691520691,0.0010810535912366714
Hint offset by 1e-3,2459461,92.40404580206275,92.40821800061387,0.00417219855111739,0.8508262386586675,7.72564327626517e-10,2.6218992229637443e-09,-0.33761280486581347,0.9999998599631471,1.8029405581022053,3.0294273282129777e-05,1.0115042117697463e-05,0.4094739834317614,0.00017395033268380067,1.5354778825088083e-05,1.3669081926345825,0.0017182773497136233,0.8508262386586675,7.72564327626517e-10,1.2760798098964713e-09,-0.33761940870585816,1.0000025728736954,1.8029426800739259,3.0294273282129777e-05,1.0115042117697463e-05,0.4094739834317614,0.00017395033268380067,1.535477882508809e-05,1.3669081926345825,0.0017182773497136255
Hint offset by 1e-3,2459513,93.51271203513004,93.51101425467948,-0.001697780450555797,0.846754560114047,-1.8662272361959475e-09,3.4594212303548976e-09,-0.5525720637641577,1.000000021178897,1.8544327189798078,2.5414664544898827e-05,6.261999625227054e-06,0.46003155301305637,0.009237649206800804,1.3761699562319286e-05,1.457353115081787,0.0009740293638611865,0.846754560114047,-1.8662272361959475e-09,4.087820696084579e-09,-0.552572119784275,1.000005833331094,1.854435773651689,2.5414664544898827e-05,6.261999625227054e-06,0.46003155301305637,0.009237649206800804,1.3761699562319288e-05,1.457353115081787,0.0009740293638611848
Hint offset by 1e-3,2459580,93.47147181551111,93.46734797203943,-0.004123843471674604,1.2050034892892676,-1.996386396788095e-09,2.997665270420973e-09,-0.7452943254674815,1.0000002000119754,1.783548172098926,3.3483961009521416e-05,1.0689801512879966e-05,0.46988980145381687,0.037374285191481345,1.550996114532578e-05,1.5440551042556763,0.0012549744101853005,1.2050034892892676,-1.996386396788095e-09,4.520092340334881e-09,-0.7453035613371495,0.9999975563541457,1.7835593400082521,3.3483961009521416e-05,1.0689801512879966e-05,0.46988980145381687,0.037374285191481345,1.550996114532578e-05,1.5440551042556763,0.0012549744101853068
Hint offset by 1e-3,2461313,93.80459736513117,93.80370491784191,-0.0008924472892601898,0.8453677718941587,1.4877497330472033e-09,3.7296093874981044e-09,-0.5412278716804257,1.0000000554407624,1.8114431165119433,2.2705320392196044e-05,5.776040966092606e-06,0.4543915935166931,0.026674158077090435,1.318922780935354e-05,1.4536000490188599,0.0005860330037696212,0.8453677718941587,1.4877497330472033e-09,4.062652525616239e-09,-0.5412300387303589,1.0000011979735846,1.811440936206671,2.2705320392196044e-05,5.776040966092606e-06,0.4543915935166931,0.026674158077090435,1.318922780935354e-05,1.4536000490188599,0.0005860330037696266
Hint offset by 1e-3,2461422,93.90210742905975,93.91467017669572,0.012562747635968208,1.2067513346754444,2.14472794659038e-09,6.6913262318956716e-09,-0.7361666406571976,1.0000001925815916,1.8293230264285052,2.666062822283991e-05,7.915681809891085e-06,0.479450382353256,0.03472356472569934,1.3897406165680232e-05,1.5404807329177856,0.0008539842246362654,1.2067513346754444,2.14472794659038e-09,1.969505436285252e-09,-0.7361596110033624,1.0000044117987428,1.82931915889941,2.666062822283991e-05,7.915681809891085e-06,0.479450382353256,0.03472356472569934,1.3897406165680232e-05,1.5404807329177856,0.0008539842246362619
Hint offset by 1e-3,2464076,84.05597052553486,84.05965154150637,0.0036810159715088275,1.136622417728153,-2.4030253065205075e-11,3.34794199211903e-09,-0.6539483918537703,0.9999980141895868,3.322418237318602,8.898015167156596e-05,1.0273444110583983e-05,0.2163204073592136,0.0017980805289182457,6.575191705593373e-05,1.3516287803649902,0.006963739781412852,1.136622417728153,-2.4030253065205075e-11,2.0758043630138634e-09,-0.6539433276992708,0.9999963720110501,3.3224067584279338,8.898015167156596e-05,1.0273444110583983e-05,0.2163204073592136,0.0017980805289182457,6.57519170559337e-05,1.3516287803649902,0.006963739781412873
Hint offset by 1e-3,2464177,93.62725787195745,93.63234061041146,0.005082738454007085,0.844514895610115,-1.080448447195853e-09,5.097986279902732e-09,-0.5516989162228536,1.000000058060497,1.8246271078819905,2.1686608535354572e-05,3.6575086024325524e-06,0.4549868942452582,0.026703630943838652,1.271749482730292e-05,1.4577473402023315,0.0008590106900436786,0.844514895610115,-1.080448447195853e-09,3.1830961665713554e-09,-0.5516959450134906,0.9999920838137417,1.8246293821949384,2.1686608535354572e-05,3.6575086024325524e-06,0.4549868942452582,0.026703630943838652,1.2717494827302922e-05,1.4577473402023315,0.000859010690043677
Hint offset by 1e-3,2464204,93.79178347582312,93.80800611468315,0.016222638860028837,1.1965398530897342,-3.373467149875108e-09,1.1874741546332313e-08,-0.532408092446361,0.9999998205016144,2.0015717948856904,2.2708812532907016e-05,3.920511265548078e-06,0.43843129256395846,0.006047761376938879,1.4080131880543382e-05,1.4478178024291992,0.0004438251096353524,1.1965398530897342,-3.373467149875108e-09,4.859214727343381e-09,-0.5323992785790919,1.0000096154395077,2.0015610421826833,2.2708812532907016e-05,3.920511265548078e-06,0.43843129256395846,0.006047761376938879,1.4080131880543386e-05,1.4478178024291992,0.00044382510963535354
Hint offset by 1e-3,2496228,85.54016431036226,85.53840664958909,-0.0017576607731655258,1.181260996694358,-4.365321409746047e-09,6.777851020626018e-09,0.4216553574678405,1.0000006370863224,2.565925265612846,1.6475673579473476e-05,5.210868405422516e-06,0.2640873097821501,0.04126089968686796,9.92905010200527e-06,1.0638034343719482,0.009887026016412706,1.181260996694358,-4.365321409746047e-09,7.520390796527234e-09,0.4216457851597307,1.0000015704102156,2.5659132333690042,1.6475673579473476e-05,5.210868405422516e-06,0.2640873097821501,0.04126089968686796,9.929050102005277e-06,1.0638034343719482,0.009887026016412738
Hint offset by 1e-3,2527841,80.38892905343032,80.39544067934304,0.006511625912722252,1.263886103012551,-2.0674486041219224e-09,8.268312788658487e-09,-1.2125936086278968,1.000001185423561,1.980727478820597,3.872544899208801e-05,1.09667989375788e-05,0.282309979229495,0.030680263336693787,1.9599635265054096e-05,1.3851417303085327,0.022435668909427522,1.263886103012551,-2.0674486041219224e-09,5.546568368237079e-09,-1.2125880567264324,1.0000072576100487,1.9807081530434565,3.872544899208801e-05,1.09667989375788e-05,0.282309979229495,0.030680263336693787,1.9599635265054096e-05,1.3851417303085327,0.022435668909427595
Hint offset by 1e-3,2532462,89.2709675990643,89.26343336192997,-0.007534237134336763,0.8541091660151693,1.4140311342355268e-09,2.7064347335993485e-09,-0.5642587067730233,0.9999996569897414,1.8398399103375844,2.051582584691924e-05,3.1865976817742572e-06,0.4118774654094296,0.00012649239874418643,1.2587213897339646e-05,1.4570658206939697,0.0059686462775462145,0.8541091660151693,1.4140311342355268e-09,5.533962660545975e-09,-0.564259021036069,1.000002519287083,1.839838952126571,2.051582584691924e-05,3.1865976817742572e-06,0.4118774654094296,0.00012649239874418643,1.2587213897339646e-05,1.4570658206939697,0.005968646277546211
Hint offset by 1e-3,2535274,79.26448561879992,79.27248633595052,0.008000717150594028,0.8505278943758355,2.626270569109142e-09,5.16473686291797e-09,-0.6395605238603947,0.999999834846594,1.757751050529823,3.3177607492679626e-05,5.43683137877357e-06,0.303816111245072,0.0006158125301948245,2.2499677863464622e-05,1.4542474746704102,0.02463104663054149,0.8505278943758355,2.626270569109142e-09,2.2326035854539522e-09,-0.6395582547589322,0.9999960822344265,1.757750068777834,3.3177607492679626e-05,5.43683137877357e-06,0.303816111245072,0.0006158125301948245,2.2499677863464622e-05,1.4542474746704102,0.024631046630541574
Hint offset by 1e-3,2549199,20.327688664358703,20.336178994142237,0.008490329783533923,1.0591362095173176,2.576214201472813e-09,1.5821176630709977e-08,-0.3872100023741219,1.0000003928054255,6.349673352834331,0.00035269830040282125,3.667017695923152e-05,0.010149096859419348,0.05717906984152034,7.349012174092255e-05,1.1395658254623413,0.019939199758466194,1.0591362095173176,2.576214201472813e-09,4.035085763914415e-09,-0.3872175915208531,1.0000038826677258,6.349689382815573,0.00035269830040282125,3.667017695923152e-05,0.010149096859419348,0.05717906984152034,7.349012174092256e-05,1.1395658254623413,0.019939199758466156
Hint offset by 1e-3,2551349,78.02241576557176,78.02945600517936,0.007040239607590593,1.155774617047425,1.4564238027381095e-09,7.802006151058598e-09,-0.8626340756958402,0.9999982371520504,4.3394508070133355,0.00011216635259012882,1.788043876932781e-05,0.1633841516789376,0.04484337354838616,6.666350694304254e-05,1.4101420640945435,0.017417422416441966,1.155774617047425,1.4564238027381095e-09,4.9082375118821455e-09,-0.862629261873483,1.0000013022313186,4.339440099221352,0.00011216635259012882,1.788043876932781e-05,0.1633841516789376,0.04484337354838616,6.666350694304254e-05,1.4101420640945435,0.017417422416441973
Hint offset by 1e-3,2557786,79.56240587225969,79.56452701957804,0.0021211473183484486,0.8744115376156594,-2.283266589942427e-09,1.3896526301272387e-08,-1.7783276727868214,1.0000032787164705,1.8454071211285057,0.00039251888047168716,9.431145079766584e-05,0.3057397224452219,0.02597208568419904,0.0001252366762836792,3.0041913986206055,0.018632483634001905,0.8744115376156594,-2.283266589942427e-09,1.2876284509695292e-08,-1.778323555408807,0.9999981189310482,1.8454162709767157,0.00039251888047168716,9.431145079766584e-05,0.3057397224452219,0.02597208568419904,0.0001252366762836792,3.0041913986206055,0.018632483634001926
