case_id,variant,grid,baseline_score,candidate_score,score_delta,baseline_psi_angle_mean,baseline_psi_angle_p95,baseline_psi_angle_l2,candidate_psi_angle_mean,candidate_psi_angle_p95,candidate_psi_angle_l2,ratio_psi_angle_mean,ratio_psi_angle_p95,ratio_psi_angle_l2
1117971,psi_grid72,72,87.15304319068294,87.14294889179546,-0.01009429888748059,1.4081917121237076e-05,4.627568169832643e-05,1.0327868882761614e-05,1.4228217918515252e-05,4.683474783143473e-05,1.0637522929205375e-05,1.0103892670308037,1.0120812079388237,1.0299823758375368
1188492,psi_grid72,72,67.03251845353984,66.96685301306889,-0.06566544047095135,1.7049886802766503e-05,6.15371176972923e-05,1.0320474990681844e-05,1.7726276536808107e-05,6.451995464937685e-05,1.1158856387076251e-05,1.0396712155257155,1.0484721589782193,1.0812347684725137
1328106,psi_grid72,72,89.37849001887294,89.34477680146479,-0.03371321740814892,3.3921136738992575e-05,0.00011113602642025706,3.327016448273409e-05,3.393507717153166e-05,0.00011240096827632268,3.3571562133434325e-05,1.0004109659604379,1.011381924447094,1.009059097103552
1410262,psi_grid72,72,88.87144242028842,88.87194064977623,0.0004982294878175253,1.600469524547169e-05,6.178381287369072e-05,9.006379050368995e-06,1.6147376691876273e-05,6.194413861039381e-05,9.166549162566924e-06,1.008914974275749,1.00259494727253,1.0177840740770694
1410481,psi_grid72,72,81.35976174324477,81.33200339042227,-0.027758352822502275,6.17775721341398e-05,0.00019908059121092556,4.3208095756661244e-05,6.190715040576174e-05,0.0001991115081926543,4.321965316350846e-05,1.0020974969903411,1.000155298824163,1.0002674824392241
1413822,psi_grid72,72,81.75643999584423,81.99122988123027,0.23478988538603573,3.798039041607672e-05,0.00012675469934662832,2.139272283740662e-05,3.814612070360131e-05,0.00012676603692758,2.1501525854160193e-05,1.0043635751425672,1.0000894450541882,1.0050859826297251
1551144,psi_grid72,72,68.67207563856931,68.63304653070952,-0.03902910785978975,1.26194989685801e-05,4.6544460652403795e-05,6.553226369004841e-06,1.2896726396629599e-05,4.759139867792086e-05,6.776696779856147e-06,1.0219681802534109,1.0224932894450243,1.03410082275019
1566917,psi_grid72,72,78.72651138787836,78.68451486488419,-0.04199652299416812,2.4656312681116983e-05,8.701788848496467e-05,1.2747763877525588e-05,2.493518351026738e-05,8.799261749534802e-05,1.3758049783106236e-05,1.011310321732088,1.011201478539114,1.079252009629845
1571207,psi_grid72,72,92.24262498681705,92.19688900643528,-0.04573598038176385,6.196935165392273e-06,1.8772978703307998e-05,5.494737719972709e-06,6.968394809649289e-06,1.990363860115754e-05,6.683213588607521e-06,1.124490514047226,1.0602280498858876,1.2162934664405993
1626606,psi_grid72,72,84.72382849960721,84.6830483531833,-0.04078014642391281,0.00014645797223666334,0.000441743438938521,0.00011021224426714017,0.0001445374527926922,0.00044511683809520783,0.00011039518709368721,0.9868868903847191,1.00763655746601,1.0016599138123312
1633910,psi_grid72,72,85.11970185205104,85.12553769313422,0.005835841083182913,3.334602296643486e-05,0.00011316347458356014,3.4085033605507045e-05,3.346157695834524e-05,0.00011270828858557965,3.4230850770478124e-05,1.0034653005555323,0.9959776244087982,1.004278040815765
1636749,psi_grid72,72,77.18544936341112,77.18913234418088,0.0036829807697529304,3.903583380099796e-05,0.00011373656667708884,3.717606029320396e-05,3.9223129712369135e-05,0.0001148840102183558,3.742760103601557e-05,1.004798050742966,1.0100886071629425,1.0067662022502581
1645833,psi_grid72,72,74.09675303388553,74.07093258648624,-0.025820447399297564,2.3099648784045723e-05,0.00010256115392642337,1.2085951083702614e-05,2.355466732824488e-05,0.00010435637735720221,1.2689097583511115e-05,1.019698071968671,1.0175039316744303,1.0499047609601713
1673278,psi_grid72,72,79.9247113227724,79.90904539564117,-0.01566592713122361,1.3269155278649256e-05,4.8433113050493285e-05,7.994885828148008e-06,1.3690849517991718e-05,4.8824980822411454e-05,8.391155202747308e-06,1.0317800365198069,1.008090906143275,1.049565357544461
1673401,psi_grid72,72,80.3486016152444,80.33255197280755,-0.016049642436854583,1.3452089284953397e-05,5.278260019069795e-05,7.805553480267234e-06,1.388753449502895e-05,5.323920076241989e-05,8.507486065531674e-06,1.0323700802790992,1.0086505888317796,1.089927330206494
1681132,psi_grid72,72,88.99933469662196,88.89842318879016,-0.10091150783179614,4.644652802641776e-06,2.0383974809614165e-05,3.3233069302827404e-06,6.719186761666448e-06,2.1104424161262984e-05,6.2540975047181774e-06,1.446649953650943,1.0353439090451102,1.8818898271867086
1681431,psi_grid72,72,70.73500482518625,70.71216196730578,-0.022842857880476686,1.532306953178805e-05,6.66608030789139e-05,1.0249005211966553e-05,1.59112604352564e-05,6.823007605037943e-05,1.0907025720236102e-05,1.038385971051566,1.023541165107294,1.0642033538534312
1681811,psi_grid72,72,78.66369171307673,78.66436204018027,0.0006703271035348735,0.0001367817775033249,0.0005858420075882817,7.136909308451013e-05,0.0001373891663342104,0.0005889085152490294,7.216876072171794e-05,1.004440568341574,1.0052343594706898,1.0112046770197975
1734167,psi_grid72,72,88.29990129309898,88.3171870883224,0.017285795223415334,4.639433034541488e-05,0.00015046728245235073,3.9168766197527227e-05,4.647115487115425e-05,0.00015115956662659525,3.9344606758282264e-05,1.001655903321966,1.004600895044833,1.0044893055826236
1738437,psi_grid72,72,89.78092604355008,89.77009879078756,-0.010827252762524608,2.3802724822757018e-05,7.166193684930426e-05,2.5012488306706482e-05,2.4018989403799066e-05,7.139902993886859e-05,2.529138712181607e-05,1.0090857068950059,0.99633128935674,1.0111503826284571
1747896,psi_grid72,72,93.30668808213852,93.26718883171523,-0.03949925042329028,8.10313973903179e-06,2.5957837239450158e-05,8.041741703209779e-06,8.7260541803908e-06,2.7350994939924553e-05,8.861799244043088e-06,1.0768732196926718,1.0536700221834008,1.1019751157272302
1748858,psi_grid72,72,83.39247053153026,83.36087481194882,-0.03159571958144625,9.991386303388598e-06,2.8821228668462418e-05,1.1016927714950655e-05,1.0651741699087425e-05,3.0150658012174744e-05,1.2412563392204889e-05,1.0660924696180416,1.0461267407786488,1.126681023363734
1777210,psi_grid72,72,92.94877329279123,92.93806563391456,-0.010707658876668802,1.5852586309032798e-05,5.1186561411945376e-05,1.6246846981654188e-05,1.5946129056110826e-05,5.167044306704353e-05,1.6525994622606697e-05,1.00590078774873,1.009453294805328,1.017181650154502
1779987,psi_grid72,72,75.49291110587484,75.47843466937066,-0.014476436504182288,1.3048768264598804e-05,4.465264772380426e-05,7.897829058606637e-06,1.3563021634117031e-05,4.522808030630484e-05,9.009874318942532e-06,1.0394101082255705,1.0128868636426642,1.1408039161247796
1781239,psi_grid72,72,88.02378360455809,88.03195832904302,0.008174724484931062,1.4133376277123236e-05,4.1328498576614125e-05,1.2187996219365392e-05,1.4171122657755408e-05,4.188877729847229e-05,1.2344882723855653e-05,1.0026707263637542,1.0135567160955419,1.0128722147321465
1784946,psi_grid72,72,83.33299990665874,83.28779531386215,-0.045204592796594056,6.878699763898807e-06,2.1950503886246542e-05,5.298574137503951e-06,7.57689808429408e-06,2.3523067252492673e-05,6.6677189190807115e-06,1.1015014965560204,1.0716413333559713,1.2583987212495127
1785460,psi_grid72,72,76.63887521477197,76.64063056936638,0.0017553545944082316,2.175551436636848e-05,7.611120574425834e-05,1.826446417060575e-05,2.1969534540591436e-05,7.721618521844881e-05,1.837521430342343e-05,1.0098375138651654,1.0145179604420316,1.006063694602983
1813769,psi_grid72,72,93.07633177679737,93.05924491056594,-0.017086866231437625,1.4450802173630773e-05,4.9946015148692094e-05,1.479571118568369e-05,1.4590388094275654e-05,5.05155234956837e-05,1.494685343055108e-05,1.0096593890752716,1.011402478161594,1.010215274073046
1815557,psi_grid72,72,73.73802597845082,73.69560184568418,-0.04242413276664081,1.163548473457641e-05,3.908707123564622e-05,8.017461224856826e-06,1.2279465558145365e-05,4.16732818928472e-05,8.812397141410838e-06,1.0553462823646083,1.0661653732409204,1.0991505782515596
1820578,psi_grid72,72,76.42326453416693,76.37470872871998,-0.04855580544695215,4.1561149334424804e-06,1.8702684939028622e-05,3.610413509949338e-06,5.414393313923629e-06,1.9960321566204635e-05,5.289139154671871e-06,1.3027535091381426,1.0672436407540389,1.464967694170325
1849717,psi_grid72,72,86.5969320606734,86.59224420820138,-0.0046878524720170844,5.368188428426534e-05,0.00016087371528339042,4.127115903809741e-05,5.35724049411208e-05,0.00016129726349445227,4.13674899340064e-05,0.9979605905306004,1.0026327993377646,1.0023340971795842
1852892,psi_grid72,72,82.98130813438507,82.98173127611588,0.0004231417308062646,2.0595316105033376e-05,7.232601937387601e-05,1.3619310334724005e-05,2.0879719565471174e-05,7.14623979411681e-05,1.4048751723770862e-05,1.013809133056632,0.9880593258113158,1.0315318014269743
1854509,psi_grid72,72,92.72322328867719,92.72153416868817,-0.0016891199890238795,1.12725897185421e-05,3.999110864897855e-05,1.2228993806750588e-05,1.1773538792268282e-05,4.011651262166068e-05,1.2684225860572316e-05,1.0444395730026594,1.0031357963537062,1.0372256345056314
1873795,psi_grid72,72,82.6826918451381,82.59661526740022,-0.08607657773787025,3.863399089513567e-05,0.0001205004738929299,1.800701904089575e-05,3.8877594284417454e-05,0.0001212824451596823,1.806813241980899e-05,1.006305416128067,1.0064893625849738,1.003393864291166
1887411,psi_grid72,72,79.82648478613278,79.80866731624566,-0.017817469887120296,3.61174116596738e-05,0.00016938408991184567,1.3577742001503169e-05,3.653642607606587e-05,0.00017105026102872008,1.3884270067009032e-05,1.011601451962847,1.0098366447388392,1.0225757762573429
1894899,psi_grid72,72,93.81491378404573,93.78633390621174,-0.028579877833990963,4.836886462534664e-06,2.201001929308776e-05,3.6889237969566207e-06,5.898583216649342e-06,2.267355805372336e-05,5.092019764629195e-06,1.2195000363019313,1.0301471230806227,1.3803537413351112
1911785,psi_grid72,72,71.10437456714473,71.09504975113849,-0.009324816006241576,0.0001338141391516158,0.00045960304300458557,9.667748407034834e-05,0.00013420071913615344,0.00045985850530887043,9.681108007232281e-05,1.0028889322682084,1.0005558324910444,1.0013818729692765
1929456,psi_grid72,72,79.13510994807059,79.08000040864933,-0.05510953942126662,4.1611551329043605e-06,1.7626997551554083e-05,2.702232274712459e-06,6.097282202281607e-06,1.9000680247496032e-05,5.782814185973761e-06,1.4652859620799306,1.0779306113774798,2.1400137360838465
1952292,psi_grid72,72,91.56170361957295,91.54470153906635,-0.017002080506600237,2.249188050305859e-05,7.554568110976353e-05,2.307440593367507e-05,2.2673331246036014e-05,7.612081963012103e-05,2.3134789524556866e-05,1.0080673887162415,1.0076131224433844,1.002616907713913
1955554,psi_grid72,72,83.78811923326997,83.78562925739526,-0.002489975874709671,1.3580318158627025e-05,4.30797474550684e-05,1.3203216117554142e-05,1.3709885239440046e-05,4.278375193943703e-05,1.3381947973809927e-05,1.0095407986248623,0.993129126025168,1.0135369939160621
1957251,psi_grid72,72,82.24994597328319,82.23269876191006,-0.017247211373131677,3.061258234382289e-05,0.00010300236009363074,2.889392517049537e-05,3.0721397136115144e-05,0.00010291734049514517,2.891929130065867e-05,1.0035545773652843,0.9991745859181451,1.000877905304095
1957924,psi_grid72,72,78.63151896984301,78.61123748681344,-0.020281483029577885,1.3954349618271185e-05,5.2609986986746764e-05,7.721055021022409e-06,1.4542582853540037e-05,5.351194602759104e-05,8.697592658369022e-06,1.0421541133309893,1.0171442551596048,1.126477228136279
1960650,psi_grid72,72,88.30223653137242,88.285971213865,-0.01626531750741833,1.8154616175242556e-05,6.308275941022869e-05,1.615328816703002e-05,1.8406100114932494e-05,6.432912473609445e-05,1.6312814440275504e-05,1.0138523413143201,1.0197576221699596,1.009875777092313
1962427,psi_grid72,72,79.97342139399143,80.6394376756645,0.6660162816730661,3.240926033953293e-06,1.0976466399438204e-05,2.334930539378541e-06,5.697749313812513e-06,1.5743467875299998e-05,7.022269376532602e-06,1.7580621261085612,1.4342929046916024,3.0074853440400977
1963588,psi_grid72,72,80.84085515226636,80.82857174154506,-0.01228341072129524,1.3001104985407359e-05,5.7302955007783196e-05,1.0307510239605675e-05,1.3579970539639978e-05,5.8468321198325576e-05,1.1194736002374104e-05,1.0445243350378561,1.0203369301004477,1.0860756615462137
1985999,psi_grid72,72,93.41585422439182,93.3921744413825,-0.023679783009328048,9.068137671625572e-06,3.533957399492773e-05,7.410015997817456e-06,1.0009056008647522e-05,3.649495217230038e-05,8.448338667620345e-06,1.103760923256173,1.0326936079517677,1.1401242143213612
2021486,psi_grid72,72,79.8373706978951,79.81579881287885,-0.021571885016243186,2.049549277838231e-05,6.40713530062908e-05,2.077293095773669e-05,2.0798105659209263e-05,6.477325628015676e-05,2.1387827093515418e-05,1.0147648502087314,1.0109550249984114,1.0296008366383038
2425297,psi_grid72,72,90.17987611056603,90.16013956958056,-0.019736540985462625,1.4910430733224375e-05,5.017948381982359e-05,1.360461254951545e-05,1.5486098428090972e-05,5.158451247426083e-05,1.432172663588482e-05,1.0386083879913581,1.0280000619273444,1.0527110995450517
2426393,psi_grid72,72,78.68505425773851,78.68364600894182,-0.0014082487966931012,9.053393627914136e-05,0.00037034979295526006,4.365417449956241e-05,9.07582637461946e-05,0.00037337700518827124,4.368189849766219e-05,1.0024778273901798,1.0081739271645196,1.0006350824043198
2428769,psi_grid72,72,83.87920026164065,83.85592825400005,-0.023272007640599668,3.743211429560736e-05,0.0001593505837416531,1.685135087237872e-05,3.7960024356073286e-05,0.00015948817356127882,1.735664009973937e-05,1.0141031323076473,1.0008634409513604,1.02998508731955
2429760,psi_grid72,72,61.35646943439228,61.26480542381915,-0.09166401057313323,2.9265912895449957e-05,0.00011110332206232648,1.0007009332154779e-05,2.9798173270233077e-05,0.00011505349429360396,1.0664007301730252e-05,1.0181870415826282,1.035554042471039,1.0656537780437947
2442111,psi_grid72,72,87.053290344009,87.06036186605893,0.007071522049926671,6.757409822541284e-05,0.0002273008234650945,5.2668583740800114e-05,6.757265486414403e-05,0.00022579227779427532,5.267801363211322e-05,0.9999786403177147,0.9933632195087456,1.0001790420520802
2452803,psi_grid72,72,92.0296137894797,92.03572053007308,0.006106740593381232,1.1129750919395727e-05,3.947694276957885e-05,9.387928032242496e-06,1.1339573438995898e-05,4.004488481738145e-05,9.660778407527121e-06,1.0188524003025543,1.014386677588424,1.0290639611155445
2453768,psi_grid72,72,92.3529632638992,92.35341634391341,0.00045308001421062727,2.6358720728846708e-05,6.391523626520681e-05,2.324428313169633e-05,2.7091317880137857e-05,6.346865369069106e-05,2.323408171346949e-05,1.0277933500198058,0.9930128933160364,0.9995611214091206
2459461,psi_grid72,72,92.41470481177672,92.37914194599367,-0.03556286578304935,1.0085587419277136e-05,3.029484863906727e-05,1.0103096410967615e-05,1.0530267943576824e-05,3.087922550904949e-05,1.0657092850325598e-05,1.0440906915793269,1.0192896448153441,1.054834321758682
2459513,psi_grid72,72,93.51899804052367,93.48615948569758,-0.03283855482608544,7.057568891106291e-06,2.5493357270335774e-05,6.267092121865477e-06,7.880914803406957e-06,2.630589896396925e-05,7.490346327236352e-06,1.1166614063573959,1.0318726829509801,1.1951868875683223
2459580,psi_grid72,72,93.47494484456269,93.4335148495791,-0.0414299949835879,1.0129432833722062e-05,3.3517413902821005e-05,1.066762558224015e-05,1.0612944761711859e-05,3.418016588377989e-05,1.1116954869808113e-05,1.0477333663124877,1.019773362672921,1.04212083411664
2461313,psi_grid72,72,93.81679594140326,93.78639384343785,-0.030402097965406938,6.716841282963084e-06,2.279064035695976e-05,5.7680387864238125e-06,7.119669768104116e-06,2.383702575353616e-05,6.667171449398396e-06,1.0599729051455755,1.0459129440940371,1.1558818683901477
2461422,psi_grid72,72,93.9174494573779,93.88426392755262,-0.033185529825274784,8.178031411188673e-06,2.6728984295610566e-05,7.91258874948585e-06,8.780837038342158e-06,2.7655797007075146e-05,8.591387180337912e-06,1.0737103585012848,1.0346744455836574,1.0857871491041626
2464076,psi_grid72,72,84.03948680799998,84.01484161385375,-0.02464519414623112,2.0565687784466157e-05,8.85150622637311e-05,1.0250235215707936e-05,2.1162524169990878e-05,8.789138753206968e-05,1.0800658867192189e-05,1.0290209786212707,0.9929540270806885,1.0536986361679543
2464177,psi_grid72,72,93.61756997627359,93.5676921933406,-0.04987778293298106,4.984981625693162e-06,2.171822662367466e-05,3.64385408243914e-06,6.286418639229437e-06,2.2755889389666554e-05,5.688121761740652e-06,1.2610715768396257,1.0477784297941137,1.5610179861903555
2464204,psi_grid72,72,93.7914173834685,93.77182648233692,-0.01959090113157913,5.121041753371662e-06,2.2608593643264836e-05,3.9284659469642865e-06,6.2108500383019185e-06,2.3295590539435565e-05,5.430854601778653e-06,1.2128098807655168,1.0303865382787925,1.3824364714107638
2496228,psi_grid72,72,85.54996307578281,85.49558210294083,-0.054380972841983066,5.279360220975833e-06,1.6452938152410365e-05,5.2136378103318236e-06,6.562834683305862e-06,1.885672687399925e-05,7.179982615209951e-06,1.243111742447609,1.146100878719752,1.377154086342829
2527841,psi_grid72,72,80.29939447011373,80.30784758955886,0.008453119445135826,1.2129357291054034e-05,3.8577312730422586e-05,1.0911592762876215e-05,1.229531127069223e-05,3.809396243518463e-05,1.1283522580877367e-05,1.0136820093312442,0.9874706074366664,1.0340857495403004
2532462,psi_grid72,72,89.26833416791635,89.20791387442459,-0.06042029349175948,4.506073897771657e-06,2.0623020518429396e-05,3.17459199152233e-06,6.1394169903694335e-06,2.236723747326861e-05,5.303382347519048e-06,1.362475878037752,1.0845762119705271,1.6705713243407658
2535274,psi_grid72,72,79.26981155802405,79.19677824107464,-0.07303331694940596,7.558342217802598e-06,3.292123122507443e-05,5.397141073710529e-06,8.75207236106176e-06,3.4190714407668246e-05,7.215257392573689e-06,1.1579354452154205,1.0385612304082634,1.336866554724538
2549199,psi_grid72,72,20.919736050497743,20.089029379841442,-0.8307066706563013,8.611168122307074e-05,0.0003554771251822522,3.599529312671426e-05,8.765584729762304e-05,0.0003593772038398578,3.827738617861611e-05,1.0179321324658865,1.0109713913535394,1.0633997629597902
2551349,psi_grid72,72,78.03102458674576,78.0102802136439,-0.020744373101862834,2.8341296237213716e-05,0.00011468099724851918,1.7923536188250396e-05,2.86630423262821e-05,0.00011546565812221857,1.825847780488478e-05,1.0113525537567303,1.006842117635226,1.0186872508369165
2557786,psi_grid72,72,79.55275328685298,79.54354950374852,-0.009203783104453578,0.00012550939446769535,0.0003916761872554962,9.538600489033584e-05,0.00012624307955789863,0.00039097099318381425,9.879077043646023e-05,1.0058456587518008,0.9981995482630096,1.0356946026834735
1117971,psi_grid64,64,87.15304319068294,87.11267855504859,-0.04036463563434722,1.4081917121237076e-05,4.627568169832643e-05,1.0327868882761614e-05,1.4660556953833156e-05,4.8851583084217774e-05,1.0826889410969903e-05,1.0410909841049574,1.0556642558543767,1.048317860526019
1188492,psi_grid64,64,67.03251845353984,66.96788564964295,-0.06463280389688464,1.7049886802766503e-05,6.15371176972923e-05,1.0320474990681844e-05,1.7794109147732928e-05,6.425278994725327e-05,1.0997141723578994e-05,1.0436496941930236,1.0441306377610933,1.065565464138821
1328106,psi_grid64,64,89.37849001887294,89.34362307589896,-0.03486694297397719,3.3921136738992575e-05,0.00011113602642025706,3.327016448273409e-05,3.400807066107179e-05,0.00011249783553689257,3.3615587074296236e-05,1.0025628245523768,1.0122535343443526,1.0103823529860037
1410262,psi_grid64,64,88.87144242028842,88.86319521259966,-0.008247207688754088,1.600469524547169e-05,6.178381287369072e-05,9.006379050368995e-06,1.6216275711537563e-05,6.319149190010738e-05,9.17969752220438e-06,1.013219899711976,1.0227839455181325,1.0192439681770094
1410481,psi_grid64,64,81.35976174324477,81.36454346848677,0.004781725241997492,6.17775721341398e-05,0.00019908059121092556,4.3208095756661244e-05,6.195917525316065e-05,0.00019880068033657024,4.3209687998056406e-05,1.002939628618401,0.998593982102159,1.0000368505338475
1413822,psi_grid64,64,81.75643999584423,81.98994944170066,0.23350944585642708,3.798039041607672e-05,0.00012675469934662832,2.139272283740662e-05,3.8057261158436434e-05,0.00012736623664112213,2.1631757112882672e-05,1.0020239587196864,1.0048245729558434,1.0111736255965549
1551144,psi_grid64,64,68.67207563856931,68.64511719316859,-0.026958445400723008,1.26194989685801e-05,4.6544460652403795e-05,6.553226369004841e-06,1.2954055564028842e-05,4.765126203495354e-05,6.995436491096272e-06,1.0265110838617062,1.0237794437197454,1.0674797568695287
1566917,psi_grid64,64,78.72651138787836,78.72789656971653,0.0013851818381738212,2.4656312681116983e-05,8.701788848496467e-05,1.2747763877525588e-05,2.5281414362240145e-05,8.527288939031665e-05,1.4662110636373485e-05,1.0253526019566541,0.9799466624043683,1.1501711811765596
1571207,psi_grid64,64,92.24262498681705,92.20866315274884,-0.03396183406820796,6.196935165392273e-06,1.8772978703307998e-05,5.494737719972709e-06,7.411377394539893e-06,1.9958407556041972e-05,7.645981654892828e-06,1.195974654685732,1.063145485405845,1.3915098489779787
1626606,psi_grid64,64,84.72382849960721,84.69107858148962,-0.032749918117588095,0.00014645797223666334,0.000441743438938521,0.00011021224426714017,0.00014566739763972685,0.00044201484024966196,0.0001103834357559099,0.9946020378074129,1.000614386739491,1.0015532892003793
1633910,psi_grid64,64,85.11970185205104,85.11209163394446,-0.007610218106577804,3.334602296643486e-05,0.00011316347458356014,3.4085033605507045e-05,3.3395299048529424e-05,0.00011239262716758939,3.425941941530294e-05,1.001477719911132,0.9931881959368298,1.0051161988517952
1636749,psi_grid64,64,77.18544936341112,77.18253603551256,-0.002913327898568241,3.903583380099796e-05,0.00011373656667708884,3.717606029320396e-05,3.908458292165641e-05,0.00011228546323010254,3.7307003938901885e-05,1.001248830008524,0.9872415399076874,1.003522257190923
1645833,psi_grid64,64,74.09675303388553,74.08467784459775,-0.012075189287784838,2.3099648784045723e-05,0.00010256115392642337,1.2085951083702614e-05,2.3660976255302456e-05,0.00010206803196456065,1.2648331058800479e-05,1.0243002599954865,0.9951919226433774,1.0465317103472487
1673278,psi_grid64,64,79.9247113227724,79.87287341680067,-0.05183790597172333,1.3269155278649256e-05,4.8433113050493285e-05,7.994885828148008e-06,1.4281394501168807e-05,4.991843161040839e-05,9.745447817550555e-06,1.0762851290276403,1.030667418762998,1.2189602237019135
1673401,psi_grid64,64,80.3486016152444,80.33247919838331,-0.01612241686109428,1.3452089284953397e-05,5.278260019069795e-05,7.805553480267234e-06,1.4022854665479829e-05,5.3523394946523425e-05,8.58360723559477e-06,1.0424294968934567,1.0140348287721535,1.0996795111704107
1681132,psi_grid64,64,88.99933469662196,88.94894755984193,-0.05038713678003148,4.644652802641776e-06,2.0383974809614165e-05,3.3233069302827404e-06,6.723132361157951e-06,2.1210558060013238e-05,6.14025873895998e-06,1.447499446532146,1.0405506412816607,1.8476351621358003
1681431,psi_grid64,64,70.73500482518625,70.71013709867009,-0.024867726516163202,1.532306953178805e-05,6.66608030789139e-05,1.0249005211966553e-05,1.64474484621131e-05,6.753449471980608e-05,1.1704381127562852e-05,1.0733781784382366,1.0131065273824842,1.1420016758208913
1681811,psi_grid64,64,78.66369171307673,78.68573324623401,0.02204153315727808,0.0001367817775033249,0.0005858420075882817,7.136909308451013e-05,0.00013709305362389284,0.0005781339362228768,7.164318389020842e-05,1.0022757133753462,0.9868427472500025,1.0038404692262761
1734167,psi_grid64,64,88.29990129309898,88.31208505922642,0.012183766127435547,4.639433034541488e-05,0.00015046728245235073,3.9168766197527227e-05,4.657149272475226e-05,0.0001504382703159809,3.9166399187891155e-05,1.0038186213276141,0.9998071864135711,0.9999395689508285
1738437,psi_grid64,64,89.78092604355008,89.7734298028788,-0.007496240671287069,2.3802724822757018e-05,7.166193684930426e-05,2.5012488306706482e-05,2.3955968419921393e-05,7.100752964965728e-05,2.5175119233593165e-05,1.0064380695195814,0.9908681340692325,1.006501989122093
1747896,psi_grid64,64,93.30668808213852,93.25120147495292,-0.05548660718559972,8.10313973903179e-06,2.5957837239450158e-05,8.041741703209779e-06,8.864812507368332e-06,2.6997100196054794e-05,8.819991965933045e-06,1.093997239695579,1.0400365772779092,1.0967763317258294
1748858,psi_grid64,64,83.39247053153026,83.37485711515946,-0.017613416370807045,9.991386303388598e-06,2.8821228668462418e-05,1.1016927714950655e-05,1.0423800436326726e-05,2.9855518542298253e-05,1.1863951149281969e-05,1.0432786922462876,1.035886390748067,1.0768838151839601
1777210,psi_grid64,64,92.94877329279123,92.9279079641667,-0.020865328624523727,1.5852586309032798e-05,5.1186561411945376e-05,1.6246846981654188e-05,1.6075491005411806e-05,5.1863243177348424e-05,1.6382896053857205e-05,1.0140610933783087,1.0132199105924926,1.0083738753960472
1779987,psi_grid64,64,75.49291110587484,75.45088769921033,-0.04202340666451221,1.3048768264598804e-05,4.465264772380426e-05,7.897829058606637e-06,1.3852626128445028e-05,4.6759737406262846e-05,9.546629482343988e-06,1.061604118300352,1.0471884600324675,1.2087662839373023
1781239,psi_grid64,64,88.02378360455809,88.01902005552283,-0.004763549035260439,1.4133376277123236e-05,4.1328498576614125e-05,1.2187996219365392e-05,1.438405429450554e-05,4.198683925706851e-05,1.2646259665412669e-05,1.0177365982810533,1.0159294603754832,1.037599572382468
1784946,psi_grid64,64,83.33299990665874,83.27982604696813,-0.05317385969061661,6.878699763898807e-06,2.1950503886246542e-05,5.298574137503951e-06,7.514190882053348e-06,2.3437124577128862e-05,6.437431494598282e-06,1.0923853547860547,1.0677260393923707,1.2149365711490872
1785460,psi_grid64,64,76.63887521477197,76.65501771001796,0.016142495245986765,2.175551436636848e-05,7.611120574425834e-05,1.826446417060575e-05,2.1896363288867266e-05,7.760211835388853e-05,1.856721122101625e-05,1.0064741711056266,1.0195886084716594,1.0165757422491337
1813769,psi_grid64,64,93.07633177679737,93.05288681779055,-0.02344495900682375,1.4450802173630773e-05,4.9946015148692094e-05,1.479571118568369e-05,1.4661503986885927e-05,5.0068863807623455e-05,1.5004778626782003e-05,1.014580630938235,1.0024596288325631,1.0141302731902881
1815557,psi_grid64,64,73.73802597845082,73.6909418749937,-0.04708410345712366,1.163548473457641e-05,3.908707123564622e-05,8.017461224856826e-06,1.2116533948955362e-05,4.053024970714952e-05,8.74129535960587e-06,1.04134328954508,1.0369221439693637,1.0902822120928897
1820578,psi_grid64,64,76.42326453416693,76.37632401513116,-0.0469405190357719,4.1561149334424804e-06,1.8702684939028622e-05,3.610413509949338e-06,4.927110888895838e-06,1.8548719140980478e-05,4.536156383413419e-06,1.1855088147946733,0.991767716851881,1.2564090985459089
1849717,psi_grid64,64,86.5969320606734,86.59968778452406,0.002755723850668801,5.368188428426534e-05,0.00016087371528339042,4.127115903809741e-05,5.383785614881756e-05,0.00016124595526812997,4.125047995322703e-05,1.0029054841615894,1.0023138645370613,0.9994989458655307
1852892,psi_grid64,64,82.98130813438507,82.97212637702991,-0.009181757355165132,2.0595316105033376e-05,7.232601937387601e-05,1.3619310334724005e-05,2.1197686821651514e-05,7.347921684344978e-05,1.4029406439639495e-05,1.0292479471325484,1.0159444343758575,1.0301113709017924
1854509,psi_grid64,64,92.72322328867719,92.72009168295503,-0.0031316057221602023,1.12725897185421e-05,3.999110864897855e-05,1.2228993806750588e-05,1.1895793176053451e-05,4.090508251859427e-05,1.2742247304787628e-05,1.0552848522896432,1.0228544269086939,1.0419702148964796
1873795,psi_grid64,64,82.6826918451381,82.60478132881758,-0.07791051632051449,3.863399089513567e-05,0.0001205004738929299,1.800701904089575e-05,3.9594233152380534e-05,0.00012108769479749851,1.8088257476364187e-05,1.0248548554005525,1.0048731833626678,1.004511487175303
1887411,psi_grid64,64,79.82648478613278,79.81256284932682,-0.013921936805957102,3.61174116596738e-05,0.00016938408991184567,1.3577742001503169e-05,3.640855352269714e-05,0.00017138570957201987,1.3800979854516503e-05,1.0080609835988998,1.011817046460597,1.016441456391543
1894899,psi_grid64,64,93.81491378404573,93.79392775176021,-0.02098603228552065,4.836886462534664e-06,2.201001929308776e-05,3.6889237969566207e-06,6.3004465863073655e-06,2.2563066680076856e-05,5.5638683615351996e-06,1.3025831048772964,1.0251270741576668,1.508263295144621
1911785,psi_grid64,64,71.10437456714473,71.10878559906692,0.004411031922188613,0.0001338141391516158,0.00045960304300458557,9.667748407034834e-05,0.00013396952970999828,0.0004599963575601515,9.665850753331e-05,1.0011612416996265,1.0008557701293592,0.9998037129614944
1929456,psi_grid64,64,79.13510994807059,79.0870053517004,-0.048104596370194486,4.1611551329043605e-06,1.7626997551554083e-05,2.702232274712459e-06,5.643432330732107e-06,1.8669545116307745e-05,5.111169426701519e-06,1.3562177209175956,1.0591449316143886,1.891461912631249
1952292,psi_grid64,64,91.56170361957295,91.54809309303266,-0.01361052654029038,2.249188050305859e-05,7.554568110976353e-05,2.307440593367507e-05,2.2488579104233855e-05,7.581481297142667e-05,2.322702066411377e-05,0.9998532181947043,1.0035625049335661,1.0066140264185945
1955554,psi_grid64,64,83.78811923326997,83.73830619328128,-0.0498130399886918,1.3580318158627025e-05,4.30797474550684e-05,1.3203216117554142e-05,1.4250769813116409e-05,4.391573368122055e-05,1.3979335335858415e-05,1.0493693628277385,1.0194055507642907,1.0587825883780237
1957251,psi_grid64,64,82.24994597328319,82.25017363156053,0.00022765827733906008,3.061258234382289e-05,0.00010300236009363074,2.889392517049537e-05,3.067984395718693e-05,0.00010231438099839585,2.9009906703661858e-05,1.002197188483108,0.9933207443537264,1.0040140455989317
1957924,psi_grid64,64,78.63151896984301,78.61246574444866,-0.01905322539435872,1.3954349618271185e-05,5.2609986986746764e-05,7.721055021022409e-06,1.452683096236335e-05,5.32382470970353e-05,8.98626429562666e-06,1.0410252974701584,1.0119418412030172,1.1638648178467086
1960650,psi_grid64,64,88.30223653137242,88.28776272104695,-0.014473810325469572,1.8154616175242556e-05,6.308275941022869e-05,1.615328816703002e-05,1.8252754111639752e-05,6.283861272959646e-05,1.640274203857229e-05,1.005405673986709,0.9961297399968739,1.0154429159538814
1962427,psi_grid64,64,79.97342139399143,79.85349575605824,-0.11992563793319277,3.240926033953293e-06,1.0976466399438204e-05,2.334930539378541e-06,6.374324588009071e-06,1.7953104276158752e-05,8.570137753151999e-06,1.9668219889096474,1.6355996203912786,3.6704037266277756
1963588,psi_grid64,64,80.84085515226636,80.834621688107,-0.006233464159350888,1.3001104985407359e-05,5.7302955007783196e-05,1.0307510239605675e-05,1.3340393604725147e-05,5.766517818078913e-05,1.0720190835255173e-05,1.0260969063551606,1.0063211953547027,1.0400368843742507
1985999,psi_grid64,64,93.41585422439182,93.38125012101071,-0.034604103381113305,9.068137671625572e-06,3.533957399492773e-05,7.410015997817456e-06,1.002963199720446e-05,3.657546645728097e-05,8.90110521462856e-06,1.1060299656220955,1.0349719117307592,1.201226180517058
2021486,psi_grid64,64,79.8373706978951,79.81196699608554,-0.02540370180955165,2.049549277838231e-05,6.40713530062908e-05,2.077293095773669e-05,2.0877215299782387e-05,6.438282702195691e-05,2.1474230752150956e-05,1.018624705711038,1.0048613616078237,1.0337602717614134
2425297,psi_grid64,64,90.17987611056603,90.16846435231025,-0.01141175825577534,1.4910430733224375e-05,5.017948381982359e-05,1.360461254951545e-05,1.535821768872593e-05,5.0712325874788225e-05,1.4206670244850286e-05,1.0300317920731672,1.0106187233188344,1.0442539391065775
2426393,psi_grid64,64,78.68505425773851,78.6987859893963,0.013731731657784962,9.053393627914136e-05,0.00037034979295526006,4.365417449956241e-05,9.08535213929492e-05,0.0003737023165462778,4.3917867116713264e-05,1.003530003520696,1.009052316633596,1.0060404902892734
2428769,psi_grid64,64,83.87920026164065,83.86481857367667,-0.014381687963975764,3.743211429560736e-05,0.0001593505837416531,1.685135087237872e-05,3.768914938871676e-05,0.00015840556834159937,1.7098841077914988e-05,1.0068666998363907,0.9940695830673213,1.0146866685888034
2429760,psi_grid64,64,61.35646943439228,61.2890209725889,-0.06744846180338016,2.9265912895449957e-05,0.00011110332206232648,1.0007009332154779e-05,3.099758500546045e-05,0.00010868371059902202,1.2408626510192453e-05,1.0591702748585614,0.9782219701590281,1.2399934983892478
2442111,psi_grid64,64,87.053290344009,87.06806824761023,0.014777903601228104,6.757409822541284e-05,0.0002273008234650945,5.2668583740800114e-05,6.7522425773141e-05,0.00022525605097592572,5.2673931464767875e-05,0.9992353216153994,0.9910041131483943,1.0001015353667773
2452803,psi_grid64,64,92.0296137894797,92.04035913223989,0.010745342760188237,1.1129750919395727e-05,3.947694276957885e-05,9.387928032242496e-06,1.1528473526966609e-05,3.93876217070112e-05,1.0022716100839667e-05,1.0358249353879099,0.9977373865273964,1.0676174834763341
2453768,psi_grid64,64,92.3529632638992,92.33659949996675,-0.016363763932446318,2.6358720728846708e-05,6.391523626520681e-05,2.324428313169633e-05,2.6497209960100837e-05,6.406830475673716e-05,2.353305811313389e-05,1.0052540194449788,1.0023948670219291,1.0124234840799964
2459461,psi_grid64,64,92.41470481177672,92.39038289072896,-0.024321921047757655,1.0085587419277136e-05,3.029484863906727e-05,1.0103096410967615e-05,1.0414610550359741e-05,3.0596211736223345e-05,1.0583105455152821e-05,1.0326231004109612,1.0099476680258916,1.047511082212788
2459513,psi_grid64,64,93.51899804052367,93.46781670648416,-0.051181334039512194,7.057568891106291e-06,2.5493357270335774e-05,6.267092121865477e-06,8.764017970804877e-06,2.6867945972841867e-05,8.322250690608972e-06,1.2417899288023948,1.0539194852968845,1.3279285717810307
2459580,psi_grid64,64,93.47494484456269,93.46368260664885,-0.011262237913840067,1.0129432833722062e-05,3.3517413902821005e-05,1.066762558224015e-05,1.071232316067872e-05,3.430876909046664e-05,1.1335431323314919e-05,1.0575442215299704,1.023610269871657,1.0626011604856618
2461313,psi_grid64,64,93.81679594140326,93.74368828016569,-0.07310766123757162,6.716841282963084e-06,2.279064035695976e-05,5.7680387864238125e-06,7.751388743499802e-06,2.5177456494463778e-05,7.1043817751518685e-06,1.1540229129964397,1.104727910235095,1.2316806523342727
2461422,psi_grid64,64,93.9174494573779,93.89617591525794,-0.0212735421199568,8.178031411188673e-06,2.6728984295610566e-05,7.91258874948585e-06,8.747365507217174e-06,2.7190163819033858e-05,8.5673935629087e-06,1.0696174992981287,1.0172539112718557,1.0827548144045018
2464076,psi_grid64,64,84.03948680799998,84.03159404197285,-0.007892766027126186,2.0565687784466157e-05,8.85150622637311e-05,1.0250235215707936e-05,2.0915947609429122e-05,8.854248122023604e-05,1.069456402428121e-05,1.0170312721185784,1.0003097659969242,1.0433481573078796
2464177,psi_grid64,64,93.61756997627359,93.58137294964024,-0.036197026633345786,4.984981625693162e-06,2.171822662367466e-05,3.64385408243914e-06,5.767695349396407e-06,2.239542546070521e-05,4.495791150185389e-06,1.1570143648411961,1.0311811295077078,1.233801093148048
2464204,psi_grid64,64,93.7914173834685,93.74536309290094,-0.046054290567553835,5.121041753371662e-06,2.2608593643264836e-05,3.9284659469642865e-06,6.850839514529765e-06,2.4902786463564242e-05,6.741166098946709e-06,1.3377823975012926,1.101474371051065,1.7159792626320027
2496228,psi_grid64,64,85.54996307578281,85.4830851605429,-0.06687791523991393,5.279360220975833e-06,1.6452938152410365e-05,5.2136378103318236e-06,6.657817763308371e-06,1.8633414243471555e-05,6.842032712636897e-06,1.261103142167811,1.1325280670760771,1.3123337219701177
2527841,psi_grid64,64,80.29939447011373,80.2940275075574,-0.005366962556323074,1.2129357291054034e-05,3.8577312730422586e-05,1.0911592762876215e-05,1.2247106223696697e-05,3.858935434698233e-05,1.1150994244320956e-05,1.0097077635539278,1.0003121424409185,1.0219401041302825
2532462,psi_grid64,64,89.26833416791635,89.23294772355108,-0.035386444365272496,4.506073897771657e-06,2.0623020518429396e-05,3.17459199152233e-06,5.502910371660034e-06,2.0907361712768158e-05,4.4696800456097046e-06,1.2212206227646052,1.0137875629849986,1.4079541741256436
2535274,psi_grid64,64,79.26981155802405,79.2010983833167,-0.06871317470734084,7.558342217802598e-06,3.292123122507443e-05,5.397141073710529e-06,8.854517734053873e-06,3.58764788531704e-05,7.03712926520856e-06,1.1714893926340513,1.0897672267447005,1.303862391051146
2549199,psi_grid64,64,20.919736050497743,19.9483691151616,-0.9713669353361425,8.611168122307074e-05,0.0003554771251822522,3.599529312671426e-05,8.75963900583769e-05,0.0003574906049058244,3.843373818971905e-05,1.0172416658717887,1.0056641611539419,1.067743442300101
2551349,psi_grid64,64,78.03102458674576,78.01034621622955,-0.020678370516208133,2.8341296237213716e-05,0.00011468099724851918,1.7923536188250396e-05,2.8505793414612953e-05,0.00011696797706138078,1.8461605226552006e-05,1.0058041515117166,1.0199420991073667,1.030020250058375
2557786,psi_grid64,64,79.55275328685298,79.53282052535613,-0.01993276149684675,0.00012550939446769535,0.0003916761872554962,9.538600489033584e-05,0.00012490760265681977,0.0003938724845919882,9.717892523430348e-05,0.9952052050491689,1.0056074313628347,1.0187964717258988
1117971,psi_grid56,56,87.15304319068294,87.14714703467914,-0.005896156003800002,1.4081917121237076e-05,4.627568169832643e-05,1.0327868882761614e-05,1.4350645972193523e-05,4.609647842839856e-05,1.0911369439956028e-05,1.0190832575311195,0.9961274850342324,1.0564976728324218
1188492,psi_grid56,56,67.03251845353984,66.97733549569278,-0.05518295784705174,1.7049886802766503e-05,6.15371176972923e-05,1.0320474990681844e-05,1.804968181966542e-05,6.308404093315226e-05,1.219067993612361e-05,1.0586393932384754,1.0251380515328885,1.1812130688878504
1328106,psi_grid56,56,89.37849001887294,89.32955872596084,-0.0489312929121013,3.3921136738992575e-05,0.00011113602642025706,3.327016448273409e-05,3.435292971661549e-05,0.000112383240649716,3.3730491875915247e-05,1.0127293192131313,1.0112224115764463,1.013836042001537
1410262,psi_grid56,56,88.87144242028842,88.87349332679385,0.0020509065054312714,1.600469524547169e-05,6.178381287369072e-05,9.006379050368995e-06,1.6165262815261123e-05,6.136418764727018e-05,9.27893965684323e-06,1.0100325290376813,0.9932081688244392,1.030263061875357
1410481,psi_grid56,56,81.35976174324477,81.36511513086795,0.005353387623173944,6.17775721341398e-05,0.00019908059121092556,4.3208095756661244e-05,6.351475201512258e-05,0.00020175066553168418,4.3395281072543556e-05,1.028119911821895,1.0134120272826077,1.0043321815646886
1413822,psi_grid56,56,81.75643999584423,81.99701928791615,0.24057929207191364,3.798039041607672e-05,0.00012675469934662832,2.139272283740662e-05,3.821230710882122e-05,0.000128196733831775,2.1559064826884845e-05,1.0061062219267325,1.011376576115756,1.0077756343006214
1551144,psi_grid56,56,68.67207563856931,68.67415928797487,0.0020836494055629373,1.26194989685801e-05,4.6544460652403795e-05,6.553226369004841e-06,1.2936983289692307e-05,4.671579434383025e-05,7.280025465763236e-06,1.0251582350379105,1.003681075879383,1.1109070640678578
1566917,psi_grid56,56,78.72651138787836,78.7029531017095,-0.02355828616886413,2.4656312681116983e-05,8.701788848496467e-05,1.2747763877525588e-05,2.5125062120690974e-05,8.756014976168519e-05,1.4245571172114878e-05,1.0190113357839181,1.0062316069277435,1.1174956885756204
1571207,psi_grid56,56,92.24262498681705,92.14788132767733,-0.09474365913972349,6.196935165392273e-06,1.8772978703307998e-05,5.494737719972709e-06,7.561599534521556e-06,2.0949108334279063e-05,8.431951219176715e-06,1.2202160152893737,1.1159181856733054,1.5345502640694912
1626606,psi_grid56,56,84.72382849960721,84.6780330303573,-0.04579546924991007,0.00014645797223666334,0.000441743438938521,0.00011021224426714017,0.00014941043717085854,0.0004448913379747243,0.00011045473045740106,1.0201591274896546,1.0071260798887416,1.0022001746890585
1633910,psi_grid56,56,85.11970185205104,85.11383711008287,-0.005864741968167664,3.334602296643486e-05,0.00011316347458356014,3.4085033605507045e-05,3.3570537263382714e-05,0.00011262644656531214,3.4307302008260335e-05,1.0067328657805412,0.9952544050081155,1.0065209970254327
1636749,psi_grid56,56,77.18544936341112,77.18689180886308,0.0014424454519570418,3.903583380099796e-05,0.00011373656667708884,3.717606029320396e-05,3.8941933639664554e-05,0.00011339048536048996,3.721032198037786e-05,0.9975945137533861,0.9969571675432981,1.0009216061869837
1645833,psi_grid56,56,74.09675303388553,74.07220313099364,-0.024549902891891406,2.3099648784045723e-05,0.00010256115392642337,1.2085951083702614e-05,2.467573715882383e-05,0.00010422508204078619,1.4056375472942916e-05,1.0682299713520609,1.0162237655355995,1.1630342846494999
1673278,psi_grid56,56,79.9247113227724,79.91167895258566,-0.01303237018673542,1.3269155278649256e-05,4.8433113050493285e-05,7.994885828148008e-06,1.3931978031078604e-05,4.7997972748085154e-05,9.944089764822733e-06,1.0499521437883739,0.9910156445662602,1.2438063505312436
1673401,psi_grid56,56,80.3486016152444,80.31765306743398,-0.030948547810424998,1.3452089284953397e-05,5.278260019069795e-05,7.805553480267234e-06,1.4016693438887384e-05,5.3759769075920026e-05,8.648148686861825e-06,1.0419714842783205,1.0185130872994448,1.107948169047167
1681132,psi_grid56,56,88.99933469662196,88.94189988390073,-0.05743481272122608,4.644652802641776e-06,2.0383974809614165e-05,3.3233069302827404e-06,6.755931511336836e-06,2.122606874331046e-05,7.087032392260563e-06,1.4545611477125289,1.0413115666380788,2.1325241817666276
1681431,psi_grid56,56,70.73500482518625,70.71881973869009,-0.016185086496165013,1.532306953178805e-05,6.66608030789139e-05,1.0249005211966553e-05,1.579448920600996e-05,6.878331069162924e-05,1.1087466528533833e-05,1.0307653550252407,1.031840414676713,1.0818090438268397
1681811,psi_grid56,56,78.66369171307673,78.66444974182987,0.0007580287531396834,0.0001367817775033249,0.0005858420075882817,7.136909308451013e-05,0.00013697616106456658,0.0005859175910586112,7.18608283044713e-05,1.001421121766289,1.0001290168157122,1.0068900303858268
1734167,psi_grid56,56,88.29990129309898,88.26157561638676,-0.03832567671221909,4.639433034541488e-05,0.00015046728245235073,3.9168766197527227e-05,4.681106506743131e-05,0.00015131406920353038,3.9456021916092364e-05,1.0089824493405501,1.0056277134628773,1.0073337954306887
1738437,psi_grid56,56,89.78092604355008,89.78892389357804,0.007997850027962272,2.3802724822757018e-05,7.166193684930426e-05,2.5012488306706482e-05,2.3974417293344025e-05,7.194058757599462e-05,2.5674163670655674e-05,1.007213143531486,1.0038884062996556,1.026453800031234
1747896,psi_grid56,56,93.30668808213852,93.27542937392855,-0.03125870820997534,8.10313973903179e-06,2.5957837239450158e-05,8.041741703209779e-06,8.730704502014129e-06,2.6687718357057714e-05,8.959075133289672e-06,1.0774471110203665,1.028117947996773,1.1140714864932493
1748858,psi_grid56,56,83.39247053153026,83.34467429501632,-0.047796236513946155,9.991386303388598e-06,2.8821228668462418e-05,1.1016927714950655e-05,1.1022859704827625e-05,3.1238192666602685e-05,1.2259613806856292e-05,1.1032362647302707,1.083860546888656,1.1127978801403258
1777210,psi_grid56,56,92.94877329279123,92.9412467154292,-0.007526577362028775,1.5852586309032798e-05,5.1186561411945376e-05,1.6246846981654188e-05,1.602631961850113e-05,5.1917885454208826e-05,1.6503771981495088e-05,1.0109593038057985,1.0142874227549261,1.0158138376099077
1779987,psi_grid56,56,75.49291110587484,75.47212165515745,-0.02078945071738758,1.3048768264598804e-05,4.465264772380426e-05,7.897829058606637e-06,1.3701250080442633e-05,4.5684222234429527e-05,1.0265349294759882e-05,1.0500033261847408,1.0231022025167689,1.2997684830330998
1781239,psi_grid56,56,88.02378360455809,88.03356062605711,0.009777021499019156,1.4133376277123236e-05,4.1328498576614125e-05,1.2187996219365392e-05,1.4219498915035188e-05,4.184569085040216e-05,1.2401187399078992e-05,1.0060935643559814,1.0125141800839745,1.0174918974273115
1784946,psi_grid56,56,83.33299990665874,83.29533474609624,-0.037665160562497135,6.878699763898807e-06,2.1950503886246542e-05,5.298574137503951e-06,7.90153589281004e-06,2.3115638899286206e-05,7.003169873005107e-06,1.1486961437507914,1.053080103266773,1.3217083863063879
1785460,psi_grid56,56,76.63887521477197,76.65630743590515,0.017432221133176995,2.175551436636848e-05,7.611120574425834e-05,1.826446417060575e-05,2.1884025484539733e-05,7.686832126087772e-05,1.8431680561591874e-05,1.0059070595163642,1.0099474907698003,1.0091552858832418
1813769,psi_grid56,56,93.07633177679737,93.05147988156192,-0.024851895235457278,1.4450802173630773e-05,4.9946015148692094e-05,1.479571118568369e-05,1.4733041725913104e-05,5.105868389654525e-05,1.5114624865002826e-05,1.0195310647043077,1.0222774278296411,1.0215544677316841
1815557,psi_grid56,56,73.73802597845082,73.72981462819335,-0.008211350257468553,1.163548473457641e-05,3.908707123564622e-05,8.017461224856826e-06,1.1864701454861376e-05,3.872965923259522e-05,8.890950906803197e-06,1.019699799837631,0.9908560045111526,1.1089484136497298
1820578,psi_grid56,56,76.42326453416693,76.35914107253856,-0.06412346162836968,4.1561149334424804e-06,1.8702684939028622e-05,3.610413509949338e-06,5.901280641456009e-06,1.954116115962419e-05,6.095888252396543e-06,1.4199031393407642,1.044831863624342,1.6884183032214728
1849717,psi_grid56,56,86.5969320606734,86.60010835658713,0.0031762959137324742,5.368188428426534e-05,0.00016087371528339042,4.127115903809741e-05,5.4088060238947065e-05,0.0001600881059638602,4.159421998021321e-05,1.0075663505500454,0.9951166085886293,1.0078277651911252
1852892,psi_grid56,56,82.98130813438507,82.97338998018719,-0.007918154197881222,2.0595316105033376e-05,7.232601937387601e-05,1.3619310334724005e-05,2.096804042330954e-05,7.244569456376437e-05,1.4000108042481948e-05,1.0180975284076883,1.0016546630234098,1.0279601314897022
1854509,psi_grid56,56,92.72322328867719,92.73266096580423,0.009437677127039024,1.12725897185421e-05,3.999110864897855e-05,1.2228993806750588e-05,1.2044393327146473e-05,4.007060966745373e-05,1.281499409548934e-05,1.0684672846147185,1.0019879673547687,1.0479189292266442
1873795,psi_grid56,56,82.6826918451381,82.60520778843275,-0.07748405670534453,3.863399089513567e-05,0.0001205004738929299,1.800701904089575e-05,4.268891762520604e-05,0.00012009578087741547,1.8136930769240836e-05,1.104957490440909,0.9966415649462589,1.0072145049688703
1887411,psi_grid56,56,79.82648478613278,79.83002577573272,0.003540989599940758,3.61174116596738e-05,0.00016938408991184567,1.3577742001503169e-05,3.677283283930253e-05,0.00017124159726069764,1.4299128550999808e-05,1.018146958752322,1.010966244526382,1.053130082263809
1894899,psi_grid56,56,93.81491378404573,93.79072447908858,-0.02418930495714733,4.836886462534664e-06,2.201001929308776e-05,3.6889237969566207e-06,5.892391127689226e-06,2.255263912179763e-05,4.745070875112047e-06,1.2182198555476218,1.0246533099987003,1.2863022215386375
1911785,psi_grid56,56,71.10437456714473,71.10749287609323,0.0031183089485011806,0.0001338141391516158,0.00045960304300458557,9.667748407034834e-05,0.00013360711055274003,0.00046249073192717666,9.686282631161811e-05,0.9984528645463899,1.006283006534755,1.0019171189967553
1929456,psi_grid56,56,79.13510994807059,79.03536699530036,-0.09974295277022804,4.1611551329043605e-06,1.7626997551554083e-05,2.702232274712459e-06,7.704762757118385e-06,2.3487001829931006e-05,9.23125319466979e-06,1.8515922889278806,1.3324448341947082,3.4161582929254575
1952292,psi_grid56,56,91.56170361957295,91.54952774413483,-0.0121758754381176,2.249188050305859e-05,7.554568110976353e-05,2.307440593367507e-05,2.2549714573874607e-05,7.575705523735888e-05,2.3146015063960484e-05,1.0025713310546955,1.0027979644168967,1.0031034008195594
1955554,psi_grid56,56,83.78811923326997,83.78624297674426,-0.001876256525704889,1.3580318158627025e-05,4.30797474550684e-05,1.3203216117554142e-05,1.3695762864184708e-05,4.207794672711639e-05,1.3422172240936155e-05,1.0085008837207798,0.9767454363794292,1.016583544602508
1957251,psi_grid56,56,82.24994597328319,82.2453500852973,-0.004595887985885838,3.061258234382289e-05,0.00010300236009363074,2.889392517049537e-05,3.059364152040569e-05,0.00010169832943103284,2.898035466061975e-05,0.9993812732554064,0.9873397982200358,1.0029912685664681
1957924,psi_grid56,56,78.63151896984301,78.60930456751915,-0.0222144023238684,1.3954349618271185e-05,5.2609986986746764e-05,7.721055021022409e-06,1.442727661137169e-05,5.218201860018978e-05,8.46802291386936e-06,1.033891009329541,0.9918652634020838,1.0967442779274534
1960650,psi_grid56,56,88.30223653137242,88.27895410289509,-0.023282428477330086,1.8154616175242556e-05,6.308275941022869e-05,1.615328816703002e-05,1.8432160267603244e-05,6.44332874058703e-05,1.645015412233757e-05,1.015287797311803,1.0214088287872618,1.018378051096338
1962427,psi_grid56,56,79.97342139399143,79.86496233757101,-0.10845905642041487,3.240926033953293e-06,1.0976466399438204e-05,2.334930539378541e-06,5.581610604939041e-06,1.4837458603432116e-05,6.505544479015474e-06,1.7222270877100434,1.3517518355626292,2.786183301515673
1963588,psi_grid56,56,80.84085515226636,80.83127298363485,-0.009582168631510513,1.3001104985407359e-05,5.7302955007783196e-05,1.0307510239605675e-05,1.3482198811250834e-05,5.9274488182857395e-05,1.084696511085312e-05,1.0370040720679867,1.0344054364178326,1.0523360985055963
1985999,psi_grid56,56,93.41585422439182,93.40159796645324,-0.014256257938583872,9.068137671625572e-06,3.533957399492773e-05,7.410015997817456e-06,1.0002269829784728e-05,3.639730079755054e-05,8.695813504554932e-06,1.1030125690616805,1.0299303778470739,1.1735215561094867
2021486,psi_grid56,56,79.8373706978951,79.83570348141235,-0.0016672164827440383,2.049549277838231e-05,6.40713530062908e-05,2.077293095773669e-05,2.0555284103289806e-05,6.392822891163872e-05,2.102387702020212e-05,1.0029172914042135,0.9977661764901699,1.0120804359758375
2425297,psi_grid56,56,90.17987611056603,90.1542923476419,-0.02558376292412845,1.4910430733224375e-05,5.017948381982359e-05,1.360461254951545e-05,1.5340772244154087e-05,5.104876157147394e-05,1.4249842427662482e-05,1.0288617759358754,1.0173233697415385,1.0474272880465099
2426393,psi_grid56,56,78.68505425773851,78.6928669800722,0.007812722333682132,9.053393627914136e-05,0.00037034979295526006,4.365417449956241e-05,9.060581155393013e-05,0.0003786114526071063,4.382427860217639e-05,1.000793904227992,1.0223077204550897,1.0038966285484492
2428769,psi_grid56,56,83.87920026164065,83.87618066140239,-0.0030196002382609777,3.743211429560736e-05,0.0001593505837416531,1.685135087237872e-05,3.7721612168846e-05,0.00015879044843873356,1.7301985510657187e-05,1.0077339439325395,0.9964848870348184,1.026741751548068
2429760,psi_grid56,56,61.35646943439228,61.2573276014852,-0.09914183290707967,2.9265912895449957e-05,0.00011110332206232648,1.0007009332154779e-05,3.0231371787255254e-05,0.00010983775203369632,1.119724694226822e-05,1.03298919446847,0.9886090712218288,1.1189403917401115
2442111,psi_grid56,56,87.053290344009,87.06209052397432,0.008800179965319899,6.757409822541284e-05,0.0002273008234650945,5.2668583740800114e-05,6.771543226228495e-05,0.00022601753767348542,5.27636643134701e-05,1.0020915415903981,0.9943542404640423,1.0018052616173982
2452803,psi_grid56,56,92.0296137894797,92.03628329465324,0.006669505173547918,1.1129750919395727e-05,3.947694276957885e-05,9.387928032242496e-06,1.1464927343688622e-05,4.0583002250542744e-05,9.949528253366787e-06,1.0301153571827728,1.0280178606387989,1.059821530288206
2453768,psi_grid56,56,92.3529632638992,92.351994124503,-0.0009691393962043549,2.6358720728846708e-05,6.391523626520681e-05,2.324428313169633e-05,2.640409365482667e-05,6.370345519947422e-05,2.338138957859628e-05,1.0017213629768575,0.9966865323808891,1.0058985018433624
2459461,psi_grid56,56,92.41470481177672,92.37713466920856,-0.03757014256815694,1.0085587419277136e-05,3.029484863906727e-05,1.0103096410967615e-05,1.0964614865645688e-05,3.20461292042653e-05,1.1250990958729217e-05,1.0871567921456333,1.057807866481288,1.1136180930150763
2459513,psi_grid56,56,93.51899804052367,93.49282806297079,-0.02616997755288253,7.057568891106291e-06,2.5493357270335774e-05,6.267092121865477e-06,7.79450567015727e-06,2.662621137153072e-05,7.463640994982995e-06,1.1044179363207693,1.0444372268894195,1.190925687679432
2459580,psi_grid56,56,93.47494484456269,93.4423992021905,-0.0325456423721846,1.0129432833722062e-05,3.3517413902821005e-05,1.066762558224015e-05,1.0800983943355856e-05,3.426145815868858e-05,1.1385856478140561e-05,1.0662970099765232,1.0221987369916077,1.0673280938071306
2461313,psi_grid56,56,93.81679594140326,93.75525331509681,-0.0615426263064478,6.716841282963084e-06,2.279064035695976e-05,5.7680387864238125e-06,7.426631186825681e-06,2.4251099899858475e-05,7.127505968001655e-06,1.105673168973479,1.064081549268655,1.2356896740669652
2461422,psi_grid56,56,93.9174494573779,93.88507611992486,-0.03237333745303772,8.178031411188673e-06,2.6728984295610566e-05,7.91258874948585e-06,8.81390856802637e-06,2.719102375333864e-05,8.726747179380583e-06,1.0777543060017756,1.0172860836243578,1.1028940661104922
2464076,psi_grid56,56,84.03948680799998,84.0359762704407,-0.0035105375592792143,2.0565687784466157e-05,8.85150622637311e-05,1.0250235215707936e-05,2.104739510118223e-05,8.838035848102437e-05,1.0752783290920152e-05,1.0234228644217735,0.9984781823651054,1.0490279554211681
2464177,psi_grid56,56,93.61756997627359,93.55493361166708,-0.06263636460650446,4.984981625693162e-06,2.171822662367466e-05,3.64385408243914e-06,6.7434163843013e-06,2.2591380533829993e-05,6.424281925063968e-06,1.3527464874785025,1.040203738789774,1.763045879368378
2464204,psi_grid56,56,93.7914173834685,93.77215185876419,-0.0192655247043092,5.121041753371662e-06,2.2608593643264836e-05,3.9284659469642865e-06,6.099457528094397e-06,2.3153495880720594e-05,5.066024309195804e-06,1.1910579569242044,1.02410155386282,1.2895680852498068
2496228,psi_grid56,56,85.54996307578281,85.48634067488011,-0.06362240090270177,5.279360220975833e-06,1.6452938152410365e-05,5.2136378103318236e-06,6.7513260747499126e-06,1.8239302260156865e-05,7.832454779533228e-06,1.2788151958121174,1.1085741702301843,1.5023012845295307
2527841,psi_grid56,56,80.29939447011373,80.2895469661693,-0.009847503944428126,1.2129357291054034e-05,3.8577312730422586e-05,1.0911592762876215e-05,1.2368979487759529e-05,3.899731387815603e-05,1.1366332025514185e-05,1.0197555559586184,1.010887257769052,1.0416748748345062
2532462,psi_grid56,56,89.26833416791635,89.21592222604411,-0.05241194187223641,4.506073897771657e-06,2.0623020518429396e-05,3.17459199152233e-06,6.312614515624143e-06,2.1380284700414894e-05,6.328178389302194e-06,1.4009123371780157,1.036719363262466,1.9933832146623691
2535274,psi_grid56,56,79.26981155802405,79.20157155054702,-0.06824000747702996,7.558342217802598e-06,3.292123122507443e-05,5.397141073710529e-06,8.687767339693481e-06,3.47937812715036e-05,7.199402711669804e-06,1.1494276243844428,1.056879708830663,1.333928947445545
2549199,psi_grid56,56,20.919736050497743,20.1755826311498,-0.744153419347942,8.611168122307074e-05,0.0003554771251822522,3.599529312671426e-05,8.70938869892489e-05,0.0003539811791150465,3.782000034915219e-05,1.0114061849940401,0.9957917234015023,1.0506929396578162
2551349,psi_grid56,56,78.03102458674576,78.0321254318028,0.0011008450570386685,2.8341296237213716e-05,0.00011468099724851918,1.7923536188250396e-05,2.8323233153505918e-05,0.00011299441170673947,1.8214340130838834e-05,0.9993626585193347,0.9852932431506085,1.0162246969311264
2557786,psi_grid56,56,79.55275328685298,79.56071007400352,0.007956787150547484,0.00012550939446769535,0.0003916761872554962,9.538600489033584e-05,0.00012289722313294808,0.0003837414054919852,9.460796734034883e-05,0.9791874437302014,0.9797414751733808,0.9918432735401643
1117971,psi_grid48,48,87.15304319068294,87.1485367400505,-0.004506450632433712,1.4081917121237076e-05,4.627568169832643e-05,1.0327868882761614e-05,1.4083582225674272e-05,4.629899980607004e-05,1.033797805449777e-05,1.000118244158296,1.0005038954994898,1.0009788245620574
1188492,psi_grid48,48,67.03251845353984,67.02908189254678,-0.003436560993051785,1.7049886802766503e-05,6.15371176972923e-05,1.0320474990681844e-05,1.7038438054149166e-05,6.240581294590966e-05,1.0338565925129435e-05,0.9993285146845973,1.0141166060602733,1.0017529168438395
1328106,psi_grid48,48,89.37849001887294,89.34419951749771,-0.03429050137522438,3.3921136738992575e-05,0.00011113602642025706,3.327016448273409e-05,3.427094530955196e-05,0.00011179875610541934,3.3679071208617555e-05,1.0103124070767733,1.0059632299849932,1.0122904930661125
1410262,psi_grid48,48,88.87144242028842,88.87969965475628,0.008257234467862418,1.600469524547169e-05,6.178381287369072e-05,9.006379050368995e-06,1.5985051570021362e-05,6.22891614794615e-05,9.039635390145884e-06,0.9987726304594344,1.008179304291302,1.0036925316590497
1410481,psi_grid48,48,81.35976174324477,81.35303158186105,-0.006730161383728728,6.17775721341398e-05,0.00019908059121092556,4.3208095756661244e-05,6.0928226254195145e-05,0.00019831732393909315,4.3114623469535264e-05,0.9862515497031764,0.9961660387524983,0.9978366950570469
1413822,psi_grid48,48,81.75643999584423,81.99919178499945,0.24275178915522133,3.798039041607672e-05,0.00012675469934662832,2.139272283740662e-05,3.8018861845178246e-05,0.00012678509958214486,2.141876870201999e-05,1.0010129287424399,1.0002398351751314,1.0012175104969727
1551144,psi_grid48,48,68.67207563856931,68.66151163730623,-0.010564001263077216,1.26194989685801e-05,4.6544460652403795e-05,6.553226369004841e-06,1.2585484970879555e-05,4.668538116955908e-05,6.608227526402764e-06,0.9973046475311554,1.0030276538857692,1.0083929890867291
1566917,psi_grid48,48,78.72651138787836,78.72818981686981,0.001678428991453984,2.4656312681116983e-05,8.701788848496467e-05,1.2747763877525588e-05,2.4517279568595e-05,8.827301820977703e-05,1.2792703149077135e-05,0.9943611555255599,1.014423812697193,1.003525267018067
1571207,psi_grid48,48,92.24262498681705,92.2437721156932,0.0011471288761555343,6.196935165392273e-06,1.8772978703307998e-05,5.494737719972709e-06,6.1797605741202906e-06,1.86029211228403e-05,5.5141036586793295e-06,0.9972285346201625,0.9909413640128547,1.0035244518835227
1626606,psi_grid48,48,84.72382849960721,84.70540886264624,-0.01841963696097082,0.00014645797223666334,0.000441743438938521,0.00011021224426714017,0.0001492449399770528,0.0004398292960848056,0.00011070005913942846,1.0190291296392249,0.9956668448583754,1.004426140448659
1633910,psi_grid48,48,85.11970185205104,85.12623216370017,0.006530311649129317,3.334602296643486e-05,0.00011316347458356014,3.4085033605507045e-05,3.3381768865605404e-05,0.0001121821581955115,3.40134562198255e-05,1.0010719688883596,0.9913283292894649,0.9979000347627652
1636749,psi_grid48,48,77.18544936341112,77.1873564962921,0.0019071328809729948,3.903583380099796e-05,0.00011373656667708884,3.717606029320396e-05,3.894777829913503e-05,0.00011363376786216795,3.719796376992628e-05,0.9977442392466411,0.9990961674163003,1.000589182300372
1645833,psi_grid48,48,74.09675303388553,74.09431394482002,-0.002439089065518374,2.3099648784045723e-05,0.00010256115392642337,1.2085951083702614e-05,2.3283163399644764e-05,0.00010389820145808189,1.2268852488971925e-05,1.0079444764426804,1.0130365882253793,1.0151333895034496
1673278,psi_grid48,48,79.9247113227724,79.91405832808265,-0.010652994689749562,1.3269155278649256e-05,4.8433113050493285e-05,7.994885828148008e-06,1.3329713476696576e-05,4.899819608281593e-05,8.112765915600365e-06,1.0045638321939574,1.0116672870425143,1.0147444366293925
1673401,psi_grid48,48,80.3486016152444,80.34153179473584,-0.007069820508561975,1.3452089284953397e-05,5.278260019069795e-05,7.805553480267234e-06,1.3520017320468701e-05,5.2513803508327647e-05,7.927395619031406e-06,1.0050496271676759,0.9949074755430924,1.0156096731733624
1681132,psi_grid48,48,88.99933469662196,89.01180267128575,0.012467974663792347,4.644652802641776e-06,2.0383974809614165e-05,3.3233069302827404e-06,4.6441638185580975e-06,2.0344956330803397e-05,3.3446132532152135e-06,0.9998947210686232,0.9980858257932911,1.0064111812057819
1681431,psi_grid48,48,70.73500482518625,70.73612819826903,0.0011233730827768795,1.532306953178805e-05,6.66608030789139e-05,1.0249005211966553e-05,1.5397091700135456e-05,6.711179887606888e-05,1.0325961171001335e-05,1.0048307663287597,1.0067655320116844,1.0075086271733895
1681811,psi_grid48,48,78.66369171307673,78.66367800481157,-1.370826515767476e-05,0.0001367817775033249,0.0005858420075882817,7.136909308451013e-05,0.00013739749449407702,0.0005889190797642635,7.165889717254087e-05,1.0045014548135782,1.0052523925156016,1.0040606385131947
1734167,psi_grid48,48,88.29990129309898,88.3112949057082,0.011393612609211345,4.639433034541488e-05,0.00015046728245235073,3.9168766197527227e-05,4.6789833492333415e-05,0.00015091835474771367,3.940185283032393e-05,1.0085248163724736,1.0029978098096228,1.0059508290769552
1738437,psi_grid48,48,89.78092604355008,89.77797162605462,-0.002954417495459438,2.3802724822757018e-05,7.166193684930426e-05,2.5012488306706482e-05,2.3780578461953904e-05,7.188453779605806e-05,2.5181104987954245e-05,0.9990695871599566,1.003106264727702,1.0067412997531537
1747896,psi_grid48,48,93.30668808213852,93.30853625930516,0.0018481771666358782,8.10313973903179e-06,2.5957837239450158e-05,8.041741703209779e-06,8.083227118300567e-06,2.582100289206384e-05,8.050251330960017e-06,0.9975426043024648,0.9947285921348501,1.001058182177978
1748858,psi_grid48,48,83.39247053153026,83.39322207712918,0.0007515455989164366,9.991386303388598e-06,2.8821228668462418e-05,1.1016927714950655e-05,9.965025686164169e-06,2.879157878580779e-05,1.0999564529309507e-05,0.997361665696432,0.9989712484850768,0.9984239539288631
1777210,psi_grid48,48,92.94877329279123,92.95148831709311,0.0027150243018780884,1.5852586309032798e-05,5.1186561411945376e-05,1.6246846981654188e-05,1.5824669133422566e-05,5.118989659548937e-05,1.6256854725681997e-05,0.9982389513568316,1.0000651574056156,1.0006159806908448
1779987,psi_grid48,48,75.49291110587484,75.48893161061329,-0.003979495261546617,1.3048768264598804e-05,4.465264772380426e-05,7.897829058606637e-06,1.3060710360715373e-05,4.450410606838942e-05,7.91605876250582e-06,1.000915189531641,0.9966733964728446,1.0023081917529373
1781239,psi_grid48,48,88.02378360455809,88.02583509011046,0.002051485552371446,1.4133376277123236e-05,4.1328498576614125e-05,1.2187996219365392e-05,1.4133279245790438e-05,4.147315311021653e-05,1.2251793981133312e-05,0.99999313459637,1.0035001158663979,1.005234475021132
1784946,psi_grid48,48,83.33299990665874,83.32293295668208,-0.010066949976661022,6.878699763898807e-06,2.1950503886246542e-05,5.298574137503951e-06,6.864690355503294e-06,2.184982733144278e-05,5.303009048020506e-06,0.9979633638803312,0.9954134740903673,1.0008370007480247
1785460,psi_grid48,48,76.63887521477197,76.66321061088095,0.024335396108980945,2.175551436636848e-05,7.611120574425834e-05,1.826446417060575e-05,2.1725337904648506e-05,7.597544561410012e-05,1.8215899652720818e-05,0.9986129281426404,0.9982162924784769,0.9973410379066532
1813769,psi_grid48,48,93.07633177679737,93.06623178700002,-0.010099989797353714,1.4450802173630773e-05,4.9946015148692094e-05,1.479571118568369e-05,1.444330092118257e-05,5.010839226009046e-05,1.4802914769654995e-05,0.9994809110000903,1.0032510523795535,1.0004868697341345
1815557,psi_grid48,48,73.73802597845082,73.72928417834183,-0.008741800108992948,1.163548473457641e-05,3.908707123564622e-05,8.017461224856826e-06,1.1693129677713928e-05,3.880566716203171e-05,8.10433761042588e-06,1.0049542364974464,0.9928005843180729,1.0108358971914586
1820578,psi_grid48,48,76.42326453416693,76.40414114334644,-0.01912339082049641,4.1561149334424804e-06,1.8702684939028622e-05,3.610413509949338e-06,4.1540950804954335e-06,1.8501999392033462e-05,3.6202545503361403e-06,0.9995140045500681,0.9892696932205509,1.002725737747126
1849717,psi_grid48,48,86.5969320606734,86.59771902615114,0.0007869654777437063,5.368188428426534e-05,0.00016087371528339042,4.127115903809741e-05,5.3803669744396145e-05,0.0001623595143217619,4.133712618646387e-05,1.0022686509938046,1.0092358098136427,1.001598383711627
1852892,psi_grid48,48,82.98130813438507,82.98369046826534,0.002382333880262877,2.0595316105033376e-05,7.232601937387601e-05,1.3619310334724005e-05,2.0658448814287253e-05,7.157414584864741e-05,1.365403877921111e-05,1.0030653916129235,0.9896043839860462,1.0025499414899564
1854509,psi_grid48,48,92.72322328867719,92.73745795443645,0.014234665759261134,1.12725897185421e-05,3.999110864897855e-05,1.2228993806750588e-05,1.1240566893123255e-05,3.963244472844756e-05,1.2222087308814068e-05,0.9971592308228718,0.9910314084143264,0.9994352357973468
1873795,psi_grid48,48,82.6826918451381,82.49147954820299,-0.191212296935106,3.863399089513567e-05,0.0001205004738929299,1.800701904089575e-05,3.8021681566263606e-05,0.00012000432697914168,1.8071274388433497e-05,0.9841510205214351,0.9958826144183542,1.0035683500634844
1887411,psi_grid48,48,79.82648478613278,79.85882982328748,0.032345037154698275,3.61174116596738e-05,0.00016938408991184567,1.3577742001503169e-05,3.633381842286236e-05,0.00017110946487495368,1.3731668443881206e-05,1.0059917572507053,1.0101861689843832,1.0113366745634875
1894899,psi_grid48,48,93.81491378404573,93.82772818645145,0.012814402405723513,4.836886462534664e-06,2.201001929308776e-05,3.6889237969566207e-06,4.826130378699889e-06,2.1773573788310695e-05,3.6874334782461623e-06,0.9977762380990151,0.9892573694902974,0.9995960017629836
1911785,psi_grid48,48,71.10437456714473,71.11182513840744,0.0074505712627086496,0.0001338141391516158,0.00045960304300458557,9.667748407034834e-05,0.00013404706000505747,0.00046059311520212754,9.673966837657068e-05,1.0017406296144666,1.0021541898223074,1.0006432139481112
1929456,psi_grid48,48,79.13510994807059,79.13585661036265,0.0007466622920588861,4.1611551329043605e-06,1.7626997551554083e-05,2.702232274712459e-06,4.163656721619235e-06,1.7614906341204898e-05,2.724956505699147e-06,1.0006011765086797,0.9993140516237197,1.0084094291964987
1952292,psi_grid48,48,91.56170361957295,91.56134765301552,-0.00035596655743574956,2.249188050305859e-05,7.554568110976353e-05,2.307440593367507e-05,2.2443711899162096e-05,7.580646314946187e-05,2.301404528632037e-05,0.9978584003285121,1.003451978139153,0.9973840866140519
1955554,psi_grid48,48,83.78811923326997,83.77876557779462,-0.009353655475351275,1.3580318158627025e-05,4.30797474550684e-05,1.3203216117554142e-05,1.3556281295074495e-05,4.2945834659158286e-05,1.3213187288243701e-05,0.9982300220604728,0.9968915139056982,1.0007552077161186
1957251,psi_grid48,48,82.24994597328319,82.2523230981921,0.0023771249089037383,3.061258234382289e-05,0.00010300236009363074,2.889392517049537e-05,3.06319754730146e-05,0.00010272868837973727,2.8908817347349736e-05,1.0006335019036912,0.9973430539490096,1.000515408576941
1957924,psi_grid48,48,78.63151896984301,78.62743895775954,-0.004080012083477413,1.3954349618271185e-05,5.2609986986746764e-05,7.721055021022409e-06,1.3940561095508081e-05,5.251661353230977e-05,7.76212534711897e-06,0.9990118835244711,0.9982251762491309,1.005319263492455
1960650,psi_grid48,48,88.30223653137242,88.31651636182556,0.014279830453148179,1.8154616175242556e-05,6.308275941022869e-05,1.615328816703002e-05,1.8140361696300138e-05,6.30230752488153e-05,1.6164107985185894e-05,0.9992148289556319,0.9990538752272192,1.0006698214037906
1962427,psi_grid48,48,79.97342139399143,79.97382886846758,0.0004074744761481952,3.240926033953293e-06,1.0976466399438204e-05,2.334930539378541e-06,3.2332739157433078e-06,1.0950162577460875e-05,2.339718969878695e-06,0.9976389099504838,0.9976036165902465,1.0020507807060626
1963588,psi_grid48,48,80.84085515226636,80.84284535281888,0.001990200552526744,1.3001104985407359e-05,5.7302955007783196e-05,1.0307510239605675e-05,1.3011238018048138e-05,5.773918006055374e-05,1.0318300149034276e-05,1.0007793978013524,1.0076126100776355,1.0010468007479771
1985999,psi_grid48,48,93.41585422439182,93.42013468176333,0.004280457371507396,9.068137671625572e-06,3.533957399492773e-05,7.410015997817456e-06,9.027495865930812e-06,3.4931556218241694e-05,7.408837884652674e-06,0.9955181750469086,0.9884543662935893,0.9998410107123752
2021486,psi_grid48,48,79.8373706978951,79.82845892380848,-0.008911774086612922,2.049549277838231e-05,6.40713530062908e-05,2.077293095773669e-05,2.0466609153973926e-05,6.385162453096717e-05,2.0774238500818434e-05,0.9985907328640153,0.9965705660172017,1.0000629445639813
2425297,psi_grid48,48,90.17987611056603,90.18228535292903,0.0024092423630008852,1.4910430733224375e-05,5.017948381982359e-05,1.360461254951545e-05,1.488511007055961e-05,5.00091395889521e-05,1.3654146371870492e-05,0.9983018154795258,0.9966053012525371,1.0036409579600123
2426393,psi_grid48,48,78.68505425773851,78.68819979072954,0.0031455329910272667,9.053393627914136e-05,0.00037034979295526006,4.365417449956241e-05,9.077514818932936e-05,0.0003810361559945382,4.368196283187041e-05,1.002664325888187,1.0288547833495592,1.0006365561284014
2428769,psi_grid48,48,83.87920026164065,83.88723393178077,0.00803367014012224,3.743211429560736e-05,0.0001593505837416531,1.685135087237872e-05,3.739725234488294e-05,0.0001585083903376122,1.6921302413761997e-05,0.9990686619930387,0.9947148395426884,1.0041510939931786
2429760,psi_grid48,48,61.35646943439228,61.24669146981598,-0.10977796457630262,2.9265912895449957e-05,0.00011110332206232648,1.0007009332154779e-05,2.9394330070837622e-05,0.00011105494223800024,1.0139852410533269e-05,1.004387943606831,0.9995645510554662,1.0132750029473476
2442111,psi_grid48,48,87.053290344009,87.0559062687559,0.002615924746905307,6.757409822541284e-05,0.0002273008234650945,5.2668583740800114e-05,6.761981781723709e-05,0.0002275152842087322,5.2832436270397824e-05,1.0006765845645729,1.0009435106321585,1.0031110107384713
2452803,psi_grid48,48,92.0296137894797,92.05189536202941,0.022281572549715634,1.1129750919395727e-05,3.947694276957885e-05,9.387928032242496e-06,1.1140619891076592e-05,4.026632806885805e-05,9.462308153358818e-06,1.000976569175679,1.0199961102329207,1.0079229539106889
2453768,psi_grid48,48,92.3529632638992,92.34350050526868,-0.009462758630519374,2.6358720728846708e-05,6.391523626520681e-05,2.324428313169633e-05,2.5405654082150717e-05,6.393452156215473e-05,2.3287232071908364e-05,0.9638424544005672,1.0003017323892522,1.0018477205757947
2459461,psi_grid48,48,92.41470481177672,92.41613859683602,0.0014337850593051371,1.0085587419277136e-05,3.029484863906727e-05,1.0103096410967615e-05,1.0069494752119263e-05,3.0280628501315555e-05,1.0114947107065987e-05,0.9984043897009791,0.9995306087209368,1.0011729766416468
2459513,psi_grid48,48,93.51899804052367,93.50588558663637,-0.013112453887302422,7.057568891106291e-06,2.5493357270335774e-05,6.267092121865477e-06,7.0380927565983915e-06,2.5452470036885322e-05,6.261902380753273e-06,0.9972403904505357,0.9983961612816673,0.9991719060432992
2459580,psi_grid48,48,93.47494484456269,93.47642702661868,0.0014821820559944854,1.0129432833722062e-05,3.3517413902821005e-05,1.066762558224015e-05,1.0106615986053143e-05,3.346813843822894e-05,1.0689779378568961e-05,0.9977474703625103,0.9985298548171129,1.002076731711103
2461313,psi_grid48,48,93.81679594140326,93.80675386371867,-0.01004207768458798,6.716841282963084e-06,2.279064035695976e-05,5.7680387864238125e-06,6.7034395762458645e-06,2.2698584584179433e-05,5.776119214015868e-06,0.9980047605485017,0.9959608079747432,1.0014008968890908
2461422,psi_grid48,48,93.9174494573779,93.91788621044248,0.00043675306457657825,8.178031411188673e-06,2.6728984295610566e-05,7.91258874948585e-06,8.155248773072081e-06,2.668491282626358e-05,7.916173775521977e-06,0.9972141659806513,0.9983511730614386,1.0004530787773294
2464076,psi_grid48,48,84.03948680799998,84.04149248164374,0.002005673643765249,2.0565687784466157e-05,8.85150622637311e-05,1.0250235215707936e-05,2.0558564802264286e-05,8.886127746804146e-05,1.027251943968081e-05,0.9996536472654588,1.0039113705109173,1.002174020742346
2464177,psi_grid48,48,93.61756997627359,93.6075447799845,-0.010025196289092264,4.984981625693162e-06,2.171822662367466e-05,3.64385408243914e-06,4.982373461681451e-06,2.1675846383559984e-05,3.6575431707701535e-06,0.9994767956619401,0.9980486325679796,1.0037567608420397
2464204,psi_grid48,48,93.7914173834685,93.79275942472405,0.0013420412555547045,5.121041753371662e-06,2.2608593643264836e-05,3.9284659469642865e-06,5.103800335977974e-06,2.2699291303848794e-05,3.919873492032575e-06,0.9966332206953135,1.004011645395333,0.9978127709269438
2496228,psi_grid48,48,85.54996307578281,85.55051628542216,0.0005532096393494612,5.279360220975833e-06,1.6452938152410365e-05,5.2136378103318236e-06,5.2709185309968e-06,1.6477697165567584e-05,5.209571365351106e-06,0.9984010013286284,1.0015048384019842,0.9992200369245713
2527841,psi_grid48,48,80.29939447011373,80.31198045795472,0.01258598784099263,1.2129357291054034e-05,3.8577312730422586e-05,1.0911592762876215e-05,1.2123571890023868e-05,3.8640113474649574e-05,1.0972436175495611e-05,0.9995230249310544,1.0016279191001676,1.0055760340347746
2532462,psi_grid48,48,89.26833416791635,89.26973786493392,0.001403697017565264,4.506073897771657e-06,2.0623020518429396e-05,3.17459199152233e-06,4.5006869243077e-06,2.0516665879433252e-05,3.1862258506535444e-06,0.9988045084066153,0.9948429164922228,1.0036646785357874
2535274,psi_grid48,48,79.26981155802405,79.25914557948354,-0.010665978540501442,7.558342217802598e-06,3.292123122507443e-05,5.397141073710529e-06,7.581193247528695e-06,3.3177864807671056e-05,5.437610501932264e-06,1.0030232859359391,1.0077953822820929,1.0074983083949502
2549199,psi_grid48,48,20.919736050497743,20.33028738988736,-0.5894486606103833,8.611168122307074e-05,0.0003554771251822522,3.599529312671426e-05,8.621855729666055e-05,0.00035284120325236904,3.6669763858090615e-05,1.0012411332826374,0.9925848338946375,1.0187377479883832
2551349,psi_grid48,48,78.03102458674576,78.02578978042212,-0.00523480632364226,2.8341296237213716e-05,0.00011468099724851918,1.7923536188250396e-05,2.8284224689253157e-05,0.00011217898352714499,1.7880993415531736e-05,0.9979862760163517,0.97818283951654,0.9976264297250367
2557786,psi_grid48,48,79.55275328685298,79.54427201849313,-0.008481268359844307,0.00012550939446769535,0.0003916761872554962,9.538600489033584e-05,0.0001256932884051231,0.0003926029702876003,9.431452767781973e-05,1.0014651806600428,1.0023661970328044,0.9887669347956445
