best_global_score,best_global_status,best_iteration,best_online_score,final_online_score,initial_online_score,n_base_coils,nfp,optimization_wall_s,screening_wall_s,selected_global_score,trajectory_id,trajectory_wall_s
93.52121030165958,ok,197,93.52688847974323,93.50622349379589,81.184290088714,3,5,1267.3807511366904,129.97322966903448,81.17126532151318,p107_37034_0_000001,1397.355113081634
85.69935862349425,ok,49,85.6995381982369,81.68939255674213,76.4337652069489,3,5,1222.0589928515255,114.34879981912673,76.42113555440538,p107_37034_0_000002,1336.4087287355214
89.81622023097633,ok,200,89.79403046254806,89.79403046254806,70.99194805738728,2,4,867.6345058493316,82.50172779522836,71.00600839051793,p107_37034_0_000003,950.1376295294613
83.35383790038253,ok,110,83.39187138963959,83.00946599326754,67.5274453563468,2,6,1142.1827295087278,121.36157951876521,67.54802179788777,p107_37034_0_000004,1263.5458091851324
90.92957959192735,ok,191,90.92788952973662,90.90774588646717,79.95344987197198,2,5,997.1464576162398,102.108299408108,79.84714461279785,p107_37034_0_000005,1099.255681982264
89.69273497695649,ok,196,89.68610206850141,88.65896540867512,64.54362290010386,2,5,1015.0621107593179,90.7481362875551,64.53598109862452,p107_37034_0_000006,1105.8115470707417
82.10465268961111,ok,34,82.09316314994305,81.34191613320526,71.36932974036797,2,6,1034.6390495114028,133.69752209447324,71.35019560784161,p107_37034_0_000007,1168.337640704587
87.80960472502179,ok,23,87.8400229208638,81.96226909422259,73.50678014809192,2,5,909.183258427307,87.04710392653942,73.49662781114637,p107_37034_0_000008,996.2316903378814
90.1392800317544,ok,197,90.19679921178012,90.19492246223699,75.14465296945089,2,5,993.6449736505747,100.02302656881511,75.1387312255834,p107_37034_0_000009,1093.6688085775822
92.17765780070427,ok,187,92.19105102444469,92.06019727516268,83.7019911308586,2,5,1006.028278997168,92.35695762559772,83.7111773642164,p107_37034_0_000010,1098.3860084991902
90.93035820007455,ok,200,90.94225162211856,90.94225162211856,77.91799946026524,2,4,939.3251007664949,83.43828562274575,77.89537503117403,p107_37034_0_000011,1022.7642971482128
92.64896279679097,ok,200,92.66193047278489,92.66193047278489,78.2035809266821,3,4,1076.039767794311,117.6430960316211,78.23218830061549,p107_37034_0_000012,1193.683793772012
84.83762012164,ok,30,84.8860308774941,68.5101577446078,68.84750897624845,4,3,1582.097615947947,102.90467310324311,68.92600886614885,p107_37034_0_000013,1685.0036430303007
91.33234992003126,ok,200,91.35429538275616,91.35429538275616,73.82734097461771,5,4,1429.6153679024428,149.08676419779658,73.89762380298716,p107_37034_0_000014,1578.7029729932547
91.91736953918908,ok,127,91.90771801679526,91.72737589751283,78.5194328754351,4,5,1411.1022951994091,138.21029094979167,78.50114270516434,p107_37034_0_000015,1549.3133978322148
90.893065154484,ok,199,90.95258540902157,90.93617428537556,72.18375357759172,5,4,1397.8934670388699,141.9468944221735,72.23475209927778,p107_37034_0_000016,1539.8412643000484
90.9362125072761,ok,199,90.94316837652381,90.8164016385323,84.321662191692,3,4,1087.685143435374,105.83658931590617,84.22121982459639,p107_37034_0_000017,1193.5226069074124
92.60760485653402,ok,156,92.61780151747327,92.48137016260178,82.94492003402631,3,4,1088.1229748521,95.69389036484063,82.94717159358757,p107_37034_0_000018,1183.8176607768983
91.18234253605328,ok,200,91.22893708651935,91.22893708651935,79.86433519708584,2,4,912.7341819815338,81.26950087584555,79.82783977055925,p107_37034_0_000019,994.0045337099582
88.9062004903843,ok,200,89.03931101214945,89.03931101214945,77.06548219417529,2,5,989.685200965032,91.1694436520338,75.28308476601536,p107_37034_0_000020,1080.8554762396961
92.00938751415045,ok,188,92.01497282377863,91.9927993896818,72.15877789748062,2,5,984.485427075997,99.8168622776866,72.11593453182203,p107_37034_0_000021,1084.3031932283193
90.2420351290834,ok,199,90.26294578378125,90.20153845932418,75.23754310594083,4,4,1257.0230532679707,123.35419186577201,75.26610767435577,p107_37034_0_000022,1380.3780769724399
82.27181651266879,ok,31,82.26926541777273,67.91910672498672,69.86926419886355,5,3,1166.2580008096993,129.38670804724097,69.85562108792368,p107_37034_0_000023,1295.6455959007144
80.68881307424141,ok,5,80.68146941995462,66.53067864798585,75.51824077701569,5,3,1179.8885198961943,136.73022692091763,75.51288530756905,p107_37034_0_000024,1316.619584703818
76.57835831619367,ok,1,76.59013764011777,72.6881695001191,75.79043193562867,4,3,914.7119933478534,105.7644858546555,75.802909662925,p107_37034_0_000025,1020.4773164037615
93.02998204739716,ok,178,93.03147980051841,91.58476319619186,78.09653225798378,4,4,1255.3894924949855,118.07197051122785,78.11267385282686,p107_37034_0_000026,1373.462295230478
83.56166599437162,ok,17,83.55404679189427,81.07501331227442,69.82625193259788,5,3,1047.6561906449497,132.47540996968746,69.80411393222022,p107_37034_0_000027,1180.1619581710547
92.09501859333831,ok,196,92.12024112702524,91.89887243132736,80.38668301743232,4,4,1258.0562561452389,136.91606578603387,80.41227235087098,p107_37034_0_000028,1394.9736038446426
85.35861313321689,ok,26,85.49781466319712,81.96487042519583,79.71025860974281,4,4,1117.0783980507404,155.348907597363,79.6843588659959,p107_37034_0_000029,1272.429049788043
88.70650694334643,ok,196,88.7358503318523,88.10048119387625,73.13263911794712,2,5,1082.4109633378685,108.65987640619278,73.15068672145898,p107_37034_0_000030,1191.139239858836
92.62556088091269,ok,191,92.64659199021958,92.35760065122793,76.89086376913689,3,5,1277.55074287951,120.52583090774715,76.90461814508897,p107_37034_0_000031,1398.0778214167804
92.9271956484909,ok,198,92.94660980990311,92.91002027052046,76.47558177939321,2,5,1049.3561327792704,121.22165775485337,76.50501765037335,p107_37034_0_000032,1170.5790656134486
85.17041270587771,ok,89,85.21256763120901,81.73496449897807,73.16663878104238,2,7,1242.323869470507,135.73916421458125,73.1536291343334,p107_37034_0_000033,1378.0645895041525
92.95582577934812,ok,192,92.96393719241927,92.7504850008232,74.3458664376249,4,4,1306.1718282531947,143.91738579049706,74.36271711951973,p107_37034_0_000034,1450.0905358362943
93.26170662238832,ok,195,93.27415429206529,93.13544785367787,81.32270347624313,3,5,1230.3383040893823,109.35091647319496,81.18767344300873,p107_37034_0_000035,1339.690629368648
90.7475175677195,ok,200,90.74262636275603,90.74262636275603,75.9722972690666,4,4,1314.3263960052282,137.70015669241548,75.88896622600438,p107_37034_0_000036,1452.0325476061553
90.77106547106324,ok,200,90.8370450053372,90.8370450053372,81.18805173041274,4,5,1522.4423126671463,138.98719948902726,81.095357711185,p107_37034_0_000037,1661.4795828722417
90.75804941508589,ok,144,90.8155026075867,90.41107470927986,74.76052284431378,4,3,1131.354392176494,155.785336766392,74.65632548256698,p107_37034_0_000038,1287.1537360120565
91.55314918573416,ok,194,91.55414964457026,91.51535692975597,79.83948622317078,3,5,1257.3024537395686,125.02076794020832,79.81556787123398,p107_37034_0_000039,1382.3351982478052
92.64482448772199,ok,183,92.64931758562903,92.60103144023073,73.45754670090385,3,6,1476.9567599371076,152.9318107087165,73.46923175745009,p107_37034_0_000040,1629.933827765286
86.42514350353844,ok,110,86.44174412000656,84.71416548046332,68.46156563015303,3,3,1036.3560223542154,121.0905979834497,68.43533089267103,p107_37034_0_000041,1157.4491823278368
84.62731087986926,ok,196,84.66200664926905,84.12984061494055,75.79008129492281,2,6,1122.2203461267054,109.96417832374573,75.7153488701022,p107_37034_0_000042,1232.204509491101
65.95064480410981,ok,0,65.9455256636286,24.962872860860237,65.9455256636286,2,3,2394.9236648399383,110.88607384264469,65.83655541606514,p107_37034_0_000043,2505.8140987679362
14.875942899373158,ok,182,14.874631711134503,14.874631711134393,11.77606888196671,3,2,2576.461328215897,107.13212370499969,11.784914479218672,p107_37034_0_000044,2683.5952525492758
88.81142917410878,ok,183,88.8113251565575,88.1958888049154,77.03682143062046,3,3,1069.4554096218199,99.32846688106656,77.04318210509892,p107_37034_0_000045,1168.8066501971334
65.52901277914684,ok,8,65.56582741439667,59.264281288333684,64.9474082009178,3,3,2063.9588334560394,136.17610590159893,64.99382255365803,p107_37034_0_000046,2200.1677932497114
90.37591303457532,ok,200,90.37447561761786,90.37447561761786,76.94177893960523,3,5,1253.4658126831055,122.32135568372905,76.92763966313137,p107_37034_0_000047,1375.8051156438887
66.26979317402375,ok,2,66.36592052447122,30.068913003114755,65.23990419029506,4,3,2648.9029736854136,133.23322672396898,65.17785054536635,p107_37034_0_000048,2782.137673718855
91.82292309020815,ok,181,91.83282402917965,91.70558149046246,62.02071040159412,4,3,1148.4399090427905,139.922647992149,62.15480538625028,p107_37034_0_000049,1288.3973835669458
86.30322245658269,ok,50,86.36193007009444,83.13752100123524,74.85085227833696,2,7,1166.3500691559166,135.54817525297403,74.86244203809727,p107_37034_0_000050,1301.8991229124367
92.22739789827439,ok,167,92.23288070296105,92.15978407750289,76.69065279636459,4,4,1238.7980289719999,119.43465409427881,76.64013506499221,p107_37034_0_000051,1358.2340644504875
92.75387382487388,ok,200,92.75104068659941,92.75104068659941,79.81516566339182,3,4,1180.0875860005617,132.92809324339032,79.82385189792474,p107_37034_0_000052,1313.017408810556
83.40678188623455,ok,29,83.42744576377423,81.13178162684588,71.1250292505369,5,3,1113.0154334474355,140.58244703523815,71.07385655668692,p107_37034_0_000053,1253.5988085810095
71.80383386057542,ok,0,71.78972336904855,60.88361018172118,71.78972336904855,3,4,2188.5632153116167,100.30980354361236,71.8150626019597,p107_37034_0_000054,2288.874417118728
90.8783674197039,ok,197,90.90192512598746,90.86239623375977,77.80039167024891,4,5,1362.6059092360083,134.10181102599017,77.76915554366283,p107_37034_1_000001,1496.708596586017
31.825760825359396,ok,0,31.867236827657962,4.178430822539804,31.867236827657962,5,2,2311.2559804720804,111.06156504596584,31.933898270718608,p107_37034_1_000002,2422.3184234669898
87.66697362529382,ok,124,87.66690484460008,80.34879498707838,79.03879081153099,2,5,1004.5002094781958,82.92784081888385,79.05144375933574,p107_37034_1_000003,1087.4288334748708
66.27385355711691,ok,4,66.26958765178139,55.494542284746224,65.40859879162882,4,3,2441.593054859899,102.71068030898459,65.36608446840481,p107_37034_1_000004,2544.3045733950567
91.70716961674574,ok,190,91.85348642056687,91.61168834135383,79.14946564711143,4,3,1090.4343800600618,122.82198644499294,79.11391021414686,p107_37034_1_000005,1213.257080991054
57.627790108197416,ok,165,57.617349068250704,57.50446254938732,24.09478983633535,5,2,2275.1098112899344,102.48372504394501,24.086878724079146,p107_37034_1_000006,2377.594765655929
68.41104097240951,ok,0,68.4563722317461,55.166494478177185,68.4563722317461,3,3,2272.9755882089958,109.65810225298628,68.47585491986813,p107_37034_1_000007,2382.6348987980746
92.70620984260079,ok,199,92.73061672994224,92.63298861659561,85.50102880547604,3,4,1060.4281117271166,122.47209040704183,85.51256259671514,p107_37034_1_000008,1182.9014080609195
92.32324858053198,ok,140,92.31303651422682,90.62132422693884,72.5190605421354,3,6,1351.1496769790538,163.74603404919617,72.5082170077664,p107_37034_1_000009,1514.8969691828825
76.44288027751692,ok,38,76.54869829690492,71.93588869073486,72.37577505757301,5,3,2174.5417135439347,147.18021511705592,72.3682011040878,p107_37034_1_000010,2321.723574206
85.94698343607214,ok,127,85.95530579606312,80.15263743719945,78.27114246396796,4,3,1055.8000366329215,133.10266042291187,78.1984560195187,p107_37034_1_000011,1188.9043297232129
92.45510000070793,ok,188,92.46788235446196,92.35351603400694,76.41352594680706,3,4,1115.486481979955,128.55378953902982,76.33413816489556,p107_37034_1_000012,1244.0553223129828
92.33181078892481,ok,200,92.36389629227035,92.36389629227035,78.30014409835734,4,4,1271.851291796891,132.38823682791553,78.31640464159267,p107_37034_1_000013,1404.241117883008
0.302558798647345,flux_rejected,131,14.678499875005702,14.678499875005672,13.614839960716882,5,2,2324.2428447210696,129.86467298702337,13.600947457925844,p107_37034_1_000014,2454.1091247559525
84.66287217376184,ok,100,84.64581408714709,78.91757620223292,70.74283913491271,5,3,1222.1543905490544,164.95161021500826,70.78924395837285,p107_37034_1_000015,1387.1072534809355
91.67375812202324,ok,187,91.69786371024624,90.87521840506744,78.67507710827425,4,3,1114.653117923066,102.47926906310022,78.69458941059605,p107_37034_1_000016,1217.1335979320575
88.19096871285834,ok,195,88.19010391717096,86.52836802144012,67.03339197414819,4,3,1107.8677567590494,106.54458272713237,67.00481483834416,p107_37034_1_000017,1214.4136366669554
70.81656593368452,ok,3,70.83259774574616,60.13074956823396,68.60112088076761,3,4,2451.3872369749006,96.96980224899016,68.50864503235442,p107_37034_1_000018,2548.3582490540575
91.7883057525411,ok,200,91.81772804325468,91.81772804325468,85.87107259188483,4,4,1254.1233910999727,138.73853929294273,85.90313798680593,p107_37034_1_000019,1392.893521437887
88.73292974065843,ok,168,88.73813383073754,84.70878991375443,12.833883367854941,4,3,1112.4374705730006,140.24467803607695,12.851830262890074,p107_37034_1_000020,1252.683396724984
73.83180834334307,ok,1,73.73755145226694,61.23665658152473,72.98042842117786,3,4,2225.5452922789846,114.07186714885756,72.96031885519757,p107_37034_1_000021,2339.6187361879274
75.34545252734866,ok,69,75.37713224794535,66.32251938223948,72.74219900451304,5,3,2462.4378730438184,161.63471998181194,72.60160935950685,p107_37034_1_000022,2624.0920677490067
82.57575812608718,ok,36,82.53446078096803,72.44299689322824,73.51256793755658,4,3,953.8911824929528,121.44790596398525,73.4899029868827,p107_37034_1_000023,1075.3589808079414
92.38337810823236,ok,169,92.42042426181962,92.1022944755626,79.14783111083095,3,5,1225.0088145791087,130.86655624513514,79.12708556631048,p107_37034_1_000024,1355.8766118751373
85.88982811284532,ok,49,85.89666441249129,85.89666441249129,76.26046711476259,4,4,1217.3318754050415,116.8687362249475,76.24977330350146,p107_37034_1_000025,1334.202301690122
88.84937141848619,ok,188,88.86585092257272,88.69580080347654,75.12386061187198,3,6,1369.9482274099719,156.52645745594054,75.12583315353837,p107_37034_1_000026,1526.4764121200424
27.33021484698263,ok,0,27.34557567766161,17.61594728484169,27.34557567766161,4,2,2114.32704226207,104.54763991106302,27.37921204636588,p107_37034_1_000027,2218.8764160911087
91.3766776376574,ok,200,91.43385804817717,91.43385804817717,78.0634359790675,2,4,937.1578004220501,93.73718374222517,78.03741143839817,p107_37034_1_000028,1030.8966220011935
92.5556283347456,ok,199,92.55306379752325,92.4866792564214,81.4037248665369,4,4,1266.1491373099852,136.7914352940861,81.39703999325737,p107_37034_1_000029,1402.9418187390547
91.34763001088696,ok,183,91.35376655917152,91.30962827847931,72.61475044109842,3,4,1111.310369801009,122.49887806200422,72.61432267609972,p107_37034_1_000030,1233.832688326016
91.90525827777866,ok,200,91.90134975962927,91.90134975962927,80.08118771625111,3,4,1092.280472338898,128.2998400630895,80.03431763837176,p107_37034_1_000031,1220.5816221979912
89.38898730506368,ok,58,89.37338546964706,86.8546565074287,70.11813595276128,2,3,784.8593364148401,86.54094380699098,70.0586913170699,p107_37034_1_000032,871.4015146379825
91.57020691676748,ok,176,91.55589254936636,90.04794003636609,78.99198622938125,3,4,1085.7238148709293,99.46382153010927,78.9836987521008,p107_37034_1_000033,1185.188822078053
90.30989972787657,ok,189,90.35905660841104,90.15210332496585,70.26836663832457,3,7,1483.644522645045,182.65636634989642,70.24966485966044,p107_37034_1_000034,1666.3023806179408
25.43411192836234,ok,1,25.448806743713796,20.412242801792445,24.423421783744484,5,2,2413.4583167990204,130.8799745729193,24.41177476666321,p107_37034_1_000035,2544.339614544064
91.72935566448757,ok,196,91.76606829389814,91.7650741458429,76.61124208738626,4,4,1247.2069845858496,122.51818395592272,76.48605144749826,p107_37034_1_000036,1369.7264345169533
92.10537886665604,ok,200,92.13102899124534,92.13102899124534,73.2156088005664,3,4,1089.4255006189924,97.15725448704325,73.21182358442155,p107_37034_1_000037,1186.584499828983
68.04152375798344,ok,0,68.0708833521656,15.291320675631225,68.0708833521656,3,3,2262.984506590059,91.26437397184782,68.10060474856375,p107_37034_1_000038,2354.2501287930645
92.07614523226567,ok,196,92.08231211710039,92.06039163567687,77.91173778980986,3,5,1147.8104255660437,137.06531031103805,77.90785847622386,p107_37034_1_000039,1284.8769899399485
92.8268207055159,ok,198,92.85041588357623,92.830200677759,86.67647129044207,2,4,887.2329176981002,96.45596407493576,86.6266247145867,p107_37034_1_000040,983.6901023739483
90.75068661364865,ok,192,90.76116046925566,90.29776416176838,77.19335735599383,3,3,979.94244732894,110.39567900099792,77.20511672596336,p107_37034_1_000041,1090.3397631219123
85.33201631855486,ok,114,85.33393769342254,84.30945493884272,66.30021214628847,4,6,1639.6174768840428,196.80964729608968,66.33246390247439,p107_37034_1_000042,1836.4378668209538
87.30312954782212,ok,44,87.3638722571033,79.38087084554674,74.03115226680798,2,5,898.0563779231161,110.36042581591755,73.9415743102036,p107_37034_1_000043,1008.4185717380606
83.20778832867184,ok,61,83.22154797829853,72.27890576780965,76.13110573409024,5,3,1941.973639901029,134.45941904513165,76.04544159003973,p107_37034_1_000044,2076.43430589512
90.77386368383117,ok,189,90.75620540916188,90.5409627198254,73.88964453780306,2,5,987.8137598731555,109.18963772803545,73.89842089650777,p107_37034_1_000045,1097.0045636650175
91.01603451020576,ok,200,91.01023728812127,91.01023728812127,73.32530821082037,2,4,940.518780581886,85.38865023292601,73.4139128049023,p107_37034_1_000046,1025.908607318066
90.25567556360485,ok,192,90.27866595160776,90.14994650191439,77.65555099691976,4,3,1120.5735539400484,143.39075598912314,77.67185709999109,p107_37034_1_000047,1263.9655549498275
86.00058694987995,ok,80,86.01742367057948,80.68435893303179,72.20158516188805,3,7,1462.1992301850114,166.7228271921631,72.18763872660006,p107_37034_2_000001,1628.9228822051082
81.58661811270348,ok,139,81.58988995060251,76.431647172863,77.5200387225703,4,3,1101.7439260911196,104.4252553768456,77.59558733020985,p107_37034_2_000002,1206.1699449629523
92.61606262086703,ok,196,92.65146581167839,92.62247138630379,78.34563579492145,3,4,1053.469032720197,97.3249551388435,78.20287864190111,p107_37034_2_000003,1150.7947088738438
85.1173327553431,ok,54,85.13516174988533,82.81781016242826,73.73498984412242,2,5,969.3262633520644,79.76956394291483,73.76313836125095,p107_37034_2_000004,1049.0965601508506
40.924896582316464,ok,9,40.93893416492061,29.326594097617388,19.03086186758823,3,2,1902.0042837869842,83.84080183203332,19.002616032690664,p107_37034_2_000005,1985.8457909170538
91.60807298269336,ok,198,91.61951014928007,91.61841532868027,77.70156603293685,2,5,985.5323329449166,84.31007055495866,77.68544815011401,p107_37034_2_000006,1069.8431365319993
92.66892777019308,ok,200,92.66402611895586,92.66402611895586,78.58123039887627,2,4,924.9175114990212,79.54564458900131,78.56013748512149,p107_37034_2_000007,1004.4638347569853
92.78290560424234,ok,196,92.7740258061347,92.33882025035771,74.80784619967146,3,4,1103.8915436910465,108.97411857102998,74.82468627408683,p107_37034_2_000008,1212.866841803072
92.8864410477549,ok,197,92.90393803047179,92.88246099999786,84.87955694148602,4,4,1247.5491548818536,126.40651731402613,84.87460251339957,p107_37034_2_000009,1373.9568518698215
41.95535793911297,ok,7,41.92417871993873,27.520678683324274,12.69300595895864,2,2,1956.8254037320148,91.18596136011183,12.68930601875825,p107_37034_2_000010,2048.0125399690587
92.42652909734637,ok,198,92.41836188910524,92.34860308563711,86.49519461337815,2,4,957.6389452009462,102.04986653919332,86.50353819745231,p107_37034_2_000011,1059.6900189828593
92.54480879911638,ok,187,92.55150240774073,92.49292441666589,70.68600352106212,3,4,1110.0105029689148,96.76509515498765,70.63219603780273,p107_37034_2_000012,1206.776767655043
90.71369866554926,ok,200,90.73204396218699,90.73204396218699,63.65102508461562,2,3,881.1633892641403,89.7626342298463,63.681452211563304,p107_37034_2_000013,970.9282321580686
91.8932448335319,ok,188,91.9156301134674,91.78320079093463,79.95932455169327,3,5,1193.2518139539752,145.9686570770573,79.93581244192063,p107_37034_2_000014,1339.2216753121465
90.52964483853279,ok,199,90.52888317855121,90.5282831637803,78.28354661633551,2,5,1009.4880753869656,99.26173625909723,78.27601644465177,p107_37034_2_000015,1108.7514417811763
93.40229867298636,ok,200,93.41260360637573,93.41260360637573,76.5079642591277,4,5,1443.6777407769114,158.99607109185308,76.5274401692913,p107_37034_2_000016,1602.675877703121
91.40233674696002,ok,184,91.43676804331479,91.38771986080917,77.61244392296865,3,4,1131.1464495179243,92.4603436300531,77.64248779534101,p107_37034_2_000017,1223.6080008139834
31.20327406111776,ok,1,31.20816012148602,28.774100737710494,29.308964468246437,5,2,2548.858465243131,142.53582516498864,29.322632886066227,p107_37034_2_000018,2691.395548742963
92.91116007923037,ok,175,92.92205909133042,92.79355218522636,82.37206077710883,3,4,1065.0046017759014,91.26048735203221,82.3500049392495,p107_37034_2_000019,1156.2663177088834
92.669848404497,ok,197,92.6704809522436,92.61495119765532,76.67906879408685,5,4,1458.515543176094,142.1455076728016,76.64310318905054,p107_37034_2_000020,1600.662723826943
93.01639607056019,ok,166,93.02469593321563,92.8605561445154,79.79630870919985,2,4,924.7669342928566,102.86248209699988,79.84717699965708,p107_37034_2_000021,1027.6308453348465
92.45057340803423,ok,190,92.4339890350516,92.33982959972238,76.43457567014426,2,4,948.0266113919206,79.9218672721181,76.43182526948054,p107_37034_2_000022,1027.949810163118
32.714527889637566,ok,1,32.711222447076956,20.63690993485983,29.54778317400606,5,2,2260.2974134320393,131.62846218911,29.562480429755247,p107_37034_2_000023,2391.9271804192103
92.91507046699978,ok,200,92.91471089177173,92.91471089177173,77.48644567263237,5,4,1454.1334114959463,148.96867156703956,77.50123283117655,p107_37034_2_000024,1603.1037178279366
90.72461540337862,ok,186,90.74447802846349,90.69713634935137,78.58121792294841,4,3,1105.1177449808456,118.07523531513289,78.5657881271618,p107_37034_2_000025,1223.1950067970902
90.9521190062753,ok,192,90.8913710282724,90.48347537469814,71.53448067148662,5,7,2120.164242645027,295.08654203405604,71.54486115007434,p107_37034_2_000026,2415.2697649390902
90.93642821076172,ok,155,90.96314549971817,90.9132839295405,78.26372406228849,5,4,1467.9802055789623,148.72115441597998,78.2877723512987,p107_37034_2_000027,1616.7029906921089
91.56661391662404,ok,199,91.64301189816369,91.64282377350258,79.84249317304095,3,5,1214.6158319248352,117.95532097108662,79.83123246635938,p107_37034_2_000028,1332.5723807830364
87.81388023623543,ok,90,87.85774917530075,85.8478986464987,78.27826315699762,3,3,917.8388574090786,103.11101663718,78.24019483029446,p107_37034_2_000029,1020.9511266760528
92.06495328580627,ok,189,92.16307798804402,92.07992884358843,74.48798388976513,2,4,951.4375219950452,102.28542476287112,74.47053923801015,p107_37034_2_000030,1053.7242558877915
90.52147582572405,ok,197,90.66965630780246,90.60509581739788,66.32674466544242,2,3,858.5645226559136,86.5964587610215,66.35142104502155,p107_37034_2_000031,945.1890812080819
73.25268813798287,ok,55,73.24627694511877,71.37308803601593,17.304194144167667,1,5,755.00753992307,99.1722303899005,17.3351304053524,p107_37034_2_000032,854.1819140589796
90.33960310304644,ok,57,90.33767310644049,89.33937981444272,81.82748600204387,3,4,929.7468510740437,114.87405907106586,81.83974901737726,p107_37034_2_000033,1044.6221814700402
91.94437314886056,ok,193,91.94190577066823,91.86943883362248,77.01896027036989,4,4,1262.372420560103,113.86754906317219,76.98283599001068,p107_37034_2_000034,1376.241630197037
92.39236179159055,ok,195,92.39649977104581,91.74431864675347,80.74970631131109,4,5,1425.966434455011,139.60584779502824,80.75351379264661,p107_37034_2_000035,1565.5739208660088
92.48886081946945,ok,187,92.48599417819817,92.35451127108404,77.31807559581996,3,4,1125.2964976171497,121.93496499513276,77.3654367668949,p107_37034_2_000036,1247.232688877033
92.21992311796424,ok,198,92.22420967708304,92.18699550177944,79.15633955522169,4,5,1435.0000950319227,132.60103595117107,79.0620375020756,p107_37034_2_000037,1567.6023765760474
73.05552390330466,ok,0,73.05237416210349,62.1349320354862,73.05237416210349,5,3,2589.007847525878,167.81550757586956,73.05992903627596,p107_37034_2_000038,2756.8250147600193
27.196170010477093,ok,1,27.213665780071818,17.993115404520367,22.939337733952378,3,2,2301.172116793925,111.7617188889999,22.996196312727665,p107_37034_2_000039,2412.936465019826
92.90324784312823,ok,180,92.9161834441674,92.74751084246483,79.43939354532122,3,5,1237.9585096321534,141.36083744699135,79.4259993176344,p107_37034_2_000040,1379.320669259876
86.63207880301556,ok,197,86.67009242969539,86.65617677271867,74.67217995067222,2,5,1024.0996320049744,88.59839326702058,74.8825145903238,p107_37034_2_000041,1112.6992695939261
91.46462465543766,ok,199,91.46051376011202,91.45466629590665,77.6616083901919,4,5,1371.8632977369707,163.5270399588626,77.71018985807106,p107_37034_2_000042,1535.3921669460833
87.41634097918134,ok,197,87.5111300051221,87.4194287184059,76.6935782478158,2,5,1016.5809271209873,102.23636428499594,76.66263789830187,p107_37034_2_000043,1118.8185445151757
85.36443850807679,ok,81,85.36188953741005,84.14715135716015,77.11452526580393,3,5,1116.1862907628529,124.89104062598199,77.11702989770252,p107_37034_2_000044,1241.0796021681745
86.8618737262362,ok,183,86.85321997727367,86.25607024027997,75.491389740148,2,4,941.3200285090134,76.66427470906638,75.46876862453416,p107_37034_2_000045,1017.9855772980954
90.79279167153359,ok,195,90.7929147216082,90.67776317145524,74.36992849939595,3,7,1455.9713341090828,184.03504733904265,74.29683610632819,p107_37034_2_000046,1640.0258322600275
90.97628596393666,ok,200,90.99374119288105,90.99374119288105,72.58494626731589,5,4,1914.4461204169784,147.05184379802085,72.55252524685243,p107_37034_2_000047,2061.4992141830735
89.16935362392331,ok,185,89.18583425493624,88.76154252473569,77.17360814984731,4,4,1276.036356065888,138.5446753441356,77.17603859710529,p107_37034_2_000048,1414.58273903816
87.72309726547117,ok,26,87.75297791594453,86.00023994603724,78.86211687795095,4,4,1280.9541699588299,128.465219510952,78.81018406928092,p107_37034_2_000049,1409.421753094066
81.33685018217399,ok,8,81.32838775879365,66.93092093233814,71.610408897837,4,3,952.9356566451024,114.44009432103485,71.70682601668055,p107_37034_2_000050,1067.3774191460107
89.51091682455626,ok,72,89.56817417266035,88.43335309983634,73.6623676417481,3,3,996.4489941319916,89.50742019200698,73.6194718978555,p107_37034_2_000051,1085.9582066680305
72.7381258464809,ok,20,72.75394459230532,60.817155726955306,66.6893411797888,4,3,1653.2741721030325,121.61654699291103,66.71166087519464,p107_37034_2_000052,1774.9106187019497
90.46483197293753,ok,198,90.46157655080339,90.39164768098561,78.31004746246057,3,7,1387.5398543719202,136.90232931287028,78.28706178253256,p107_37034_3_000001,1524.4429215590935
88.47099549505303,ok,182,88.46615293872979,88.42173001219786,78.84572980051954,4,4,1211.4408506839536,120.49580862512812,78.86098180841485,p107_37034_3_000002,1331.9373470540158
90.1798000636105,ok,194,90.19330346866396,89.91114241609367,74.98202883288822,2,5,996.0786376849283,87.86431999504566,75.09080225069192,p107_37034_3_000003,1083.9436075259
92.96153845193123,ok,174,92.98300098301328,92.85877520171087,75.25034441499258,3,4,1055.3799514239654,101.75553029798903,75.2623896300517,p107_37034_3_000004,1157.136180022033
86.47682906859151,ok,115,86.55370735001868,84.21485016417218,78.96075600540986,1,8,907.7921161719132,62.768448586110026,78.99200140725526,p107_37034_3_000005,970.5612911910284
92.40827108968583,ok,197,92.43568082974586,92.34847390152376,79.72494257313221,3,4,1082.2655733770225,99.47133249114268,79.73465027523258,p107_37034_3_000006,1181.7376231132075
76.9531477550087,ok,9,76.96270547043838,63.137606168173846,70.89903471686331,3,3,2177.422631930094,89.91224032500759,70.75596189510973,p107_37034_3_000007,2267.335533556994
88.12987586856974,ok,194,88.13484919217973,88.07868893697814,78.45450129655804,2,5,1022.4768629979808,107.96703612105921,78.46128306689954,p107_37034_3_000008,1130.4450356180314
39.5512175019793,ok,1,39.529350127186845,24.067678861025907,39.043047637947275,4,2,2124.814328520093,121.24516883399338,37.30189331705403,p107_37034_3_000009,2246.0606878558174
92.45419468495523,ok,169,92.44845476810251,92.273772519476,79.68348179382296,2,5,993.0920441208873,85.04023782908916,79.68361735237467,p107_37034_3_000010,1078.133509148145
78.029217328208,ok,199,78.03470662519463,77.90342580065165,68.08384468454585,4,3,2455.151604903862,116.39841683302075,68.25000496655834,p107_37034_3_000011,2571.551287022885
80.5935381248899,ok,46,80.57541859514761,66.47021634678732,68.33555718295706,5,3,2158.216361037921,158.95875005284324,68.36428334860963,p107_37034_3_000012,2317.176336681936
92.51507650095225,ok,188,92.53500866850658,92.46379883001141,82.59199550482484,2,4,962.6558393780142,89.58471703506075,82.60063279029106,p107_37034_3_000013,1052.2417747618165
82.96220868868465,ok,32,82.98612175995878,79.91148761686031,75.15269463337472,2,5,1037.9955234220251,98.39442010899074,75.13302027846308,p107_37034_3_000014,1136.3911011549644
91.33488225770368,ok,199,91.32927868316791,91.31935902166965,70.19469649528497,3,6,1347.9439665568061,145.24350146204233,70.17809460239441,p107_37034_3_000015,1493.188661384862
87.04287567575922,ok,77,87.09037962765376,84.5551483062098,74.38015835651828,4,3,1129.4314669049345,121.35895188804716,74.44477553275914,p107_37034_3_000016,1250.7918392410502
43.77806599010691,ok,177,43.767961840040535,41.215376878301235,30.544221862960633,4,2,2126.5955736888573,109.58760261605494,30.540331337652578,p107_37034_3_000017,2236.1963241440244
93.36592937449929,ok,196,93.36935861996831,93.36691907369982,81.42640106671415,3,4,1107.850130080944,107.53620425099507,81.40484504653247,p107_37034_3_000018,1215.3879034579732
89.75957488143885,ok,200,89.74314772177354,89.74314772177354,77.86951838284763,4,4,1262.0460991021246,154.21935951709747,77.87681514568729,p107_37034_3_000019,1416.2672380749136
92.6779022749475,ok,194,92.76280697638562,92.72262973226957,76.75616557693291,2,5,1060.0475595160387,92.96250887797214,76.79146078614747,p107_37034_3_000020,1153.0357902329415
88.9545658377081,ok,200,88.9693897570211,88.9693897570211,79.01876028646828,4,5,1427.4275686449837,133.60498025408015,79.03579179493521,p107_37034_3_000021,1561.0337370459456
85.9833765436422,ok,149,86.05730062587077,82.30197305726054,73.35664614745178,2,7,1222.0598375380505,133.04151747003198,73.43719814436146,p107_37034_3_000022,1355.1025438478682
84.25618538463486,ok,7,84.28904648529044,74.21778049479728,76.93933929343383,4,3,996.8776882940438,126.47106591588818,76.91101381646658,p107_37034_3_000023,1123.3499111300334
90.57825140939018,ok,199,90.60508570663463,90.60376713954345,73.8656231957403,2,5,989.5274951229803,112.74597279098816,73.83605724545818,p107_37034_3_000024,1102.2753406031989
78.302004503192,ok,16,78.31406223872841,67.95884393592452,67.38116375035948,3,3,896.496210227022,107.32873784191906,67.29950587756674,p107_37034_3_000025,1003.8264828550164
88.57184882688816,ok,87,88.5799242036802,88.30958154192287,74.22296134378564,4,3,1131.5133928160649,126.35752195911482,74.0982425032326,p107_37034_3_000026,1257.8892428260297
84.75964859444436,ok,173,84.75507097662344,81.72855177210408,76.49011749413437,2,8,1241.0087497518398,98.2927759271115,76.45630805671078,p107_37034_3_000027,1339.3027283879928
83.74151170138327,ok,183,83.74570804479183,83.42966010339897,73.46043202370547,2,5,1019.9182699108496,120.08396322512999,73.5582970734427,p107_37034_3_000028,1140.0033975359984
91.67958608565402,ok,200,91.67815056016173,91.67815056016173,65.21327545902237,4,6,1605.6114094930235,193.20394039712846,65.23088843490781,p107_37034_3_000029,1798.816951942863
92.36829308313747,ok,193,92.36276699256264,92.26866061882332,82.72220159743705,3,4,1125.4134951960295,116.9942893779371,82.7340131336812,p107_37034_3_000030,1242.4090857340489
35.10659956987505,ok,1,35.12371148056809,27.66928541582215,30.031458790058434,5,2,2325.7501440038905,132.46689996588975,29.9690081499207,p107_37034_3_000031,2458.2186587529723
89.58716730879965,ok,195,89.71029204771186,89.6864776134765,76.44307432750428,3,5,1216.6868482120335,117.35683645796962,76.54430389166593,p107_37034_3_000032,1334.045270591043
93.02546394390836,ok,200,93.03532105821714,93.03532105821714,78.38644790549884,3,4,1117.683402820956,113.83863774803467,78.21455948282947,p107_37034_3_000033,1231.523230511928
69.25884503633156,ok,2,69.24648668704916,42.923341503891535,68.19129076478141,5,3,2479.8886059420183,166.4999768261332,68.19210368591186,p107_37034_3_000034,2646.3898314179387
83.80795937328925,ok,15,83.87616211460436,69.39594938075332,73.00856466397894,5,3,1420.9306368490215,158.96565400785767,73.01226413153154,p107_37034_3_000035,1579.897606547922
91.68116455138471,ok,197,91.66328952455179,91.05060520482826,75.69194738706685,4,5,1357.9799403729849,137.78402095101774,75.69196932409783,p107_37034_3_000036,1495.7651631529443
75.0641115399028,ok,18,75.12366377381802,65.39268817009626,68.98756345758987,3,3,1363.3367696101777,96.58480554097332,68.96859078747552,p107_37034_3_000037,1459.923222359037
90.59544652867824,ok,90,90.5945204558605,86.39676589311776,75.05186354184471,2,7,1181.8193854400888,128.56975010503083,75.0466653877911,p107_37034_3_000038,1310.3903781680856
91.96909304620158,ok,150,91.958413000193,91.3651408671528,80.2449412578665,3,4,1111.5031950180419,98.2038764830213,80.23759424846544,p107_37034_3_000039,1209.708828890929
90.69416649751926,ok,200,90.68396793188455,90.68396793188455,73.40743842571715,5,3,1222.983245067997,150.06518318085,73.42553688150957,p107_37034_3_000040,1373.0496072799433
89.97429265990831,ok,176,89.96407022901201,89.93119441612248,76.51882457017115,2,5,1042.4292014508974,100.96834270702675,76.52787680319686,p107_37034_3_000041,1143.3998946167994
93.09807982898593,ok,189,93.10635021064296,92.76157812982014,78.6499443999376,3,4,1126.1621042408515,123.11233988008462,78.66321854049401,p107_37034_3_000042,1249.3229998180177
92.87854123458119,ok,191,92.87650612848898,92.74956881775255,79.32576459943776,4,4,1268.6833134579938,134.00549156987108,79.31347766553166,p107_37034_3_000043,1402.6905990189407
91.02756003640684,ok,189,91.08420392266606,89.95846618692059,80.06780891841565,4,4,1290.1258485768922,142.57097634486854,80.07979592214949,p107_37034_3_000044,1432.698459857842
87.11736072959329,ok,32,87.10900149789067,68.56544016814053,79.06947504528459,5,3,1141.922787393909,158.10901610390283,78.92829227795212,p107_37034_3_000045,1300.0333990508225
93.07910559152258,ok,173,93.11275030419039,93.06675964913534,80.49446813713934,2,5,1034.9675235699397,97.38456002390012,80.50570910231868,p107_37034_3_000046,1132.3536868251394
91.5049666042119,ok,200,91.49722506357884,91.49722506357884,78.03370815278822,4,4,1243.3426259129774,139.77436757390387,78.05682749370845,p107_37034_3_000047,1383.1181801639032
44.820057872506375,ok,197,44.811909290787305,44.81190929078727,31.47580506425951,5,2,2117.273161374964,126.37022522301413,31.482184299760096,p107_37034_3_000048,2243.6446490720846
83.45060681332944,ok,155,83.46140027878165,82.46897793749002,69.58233150458679,2,6,1081.2208691099659,117.44944162108004,69.57020625816193,p107_37034_3_000049,1198.6722102880012
86.17268594699287,ok,31,86.18496105495815,80.39792633998658,75.13541435453789,1,7,923.4993547538761,112.01927633909509,75.11865644374579,p107_37034_3_000050,1035.5198861900717
90.45169219390938,ok,199,90.48879478569403,90.45546537283137,83.66477800269908,3,5,1213.6595154379029,121.5876383271534,83.67122622453518,p107_37034_3_000051,1335.248802043032
91.5384379729669,ok,200,91.5122275257855,91.5122275257855,78.91641971771911,2,4,951.265148031991,100.1945663089864,78.80696415486713,p107_37034_3_000052,1051.4618883829098
92.26363996145456,ok,198,92.25730439796918,92.17042315397616,81.24212457774453,3,5,1179.3057781481184,107.08874046802521,81.25086826928826,student_37035_0_000001,1286.395238764817
91.5492706700752,ok,198,91.57362627246214,91.51089358109911,80.77744598232475,2,4,895.6480389938224,79.23715013288893,80.70696656257691,student_37035_0_000002,974.8859582799487
66.48881829630183,ok,0,66.49490567286462,61.346408084502045,66.49490567286462,4,3,2322.4068826921284,114.63191311317496,66.45048406132312,student_37035_0_000003,2437.039510374889
70.43694319491355,ok,0,70.44535778353585,57.83156556296658,70.44535778353585,3,3,2219.7328191329725,96.82042754907161,70.49562919545906,student_37035_0_000004,2316.553963942919
79.23952965438411,ok,24,79.22545368531294,69.9500353096804,71.85095238334053,4,3,1068.283643933013,100.70023517892696,71.8317279515116,student_37035_0_000005,1168.9845365390647
92.34319366710865,ok,198,92.33138523744175,92.30173041799033,73.99893726556414,3,4,1065.3020455359947,98.80546838487498,73.99650208253044,student_37035_0_000006,1164.108182739932
92.86707631719773,ok,195,92.87873218022155,92.75724223613899,79.09900013952435,2,4,939.6207340848632,79.3326276910957,79.09088923786078,student_37035_0_000007,1018.9545508811716
83.71103172169926,ok,59,83.71027031477786,16.587434492776946,76.0467983943415,5,3,1246.6413299459964,136.96228158986196,76.06322802529262,student_37035_0_000008,1383.604940396035
89.62741799639996,ok,199,89.64033150543116,89.62467243225038,79.7086480487295,2,5,1020.5023153831717,89.85515711107291,79.67859228637052,student_37035_0_000009,1110.3586164629087
87.74510733624201,ok,199,87.78537540661785,87.74965516687382,73.64711744868445,2,4,931.0691558909602,102.29488019808196,73.6481586310146,student_37035_0_000010,1033.3651887369342
92.14136218180568,ok,199,92.13532285135857,92.10231702386857,79.93588133568953,2,4,920.5515937241726,89.52599933580495,79.94968952821394,student_37035_0_000011,1010.0787893231027
90.79414013402071,ok,199,90.8260817884414,90.79560104477616,82.79105683334639,3,5,1206.0828542460222,110.95022872206755,82.75602847779128,student_37035_0_000012,1317.0342696660664
93.10824220705847,ok,197,93.07364678619564,92.79470861925394,80.33968419547202,3,4,1047.010997560108,130.5694310539402,80.33039864831117,student_37035_0_000013,1177.5821106228977
89.59951760136985,ok,200,89.59088529396159,89.59088529396159,69.90564401850718,2,6,1109.980428243056,133.18122819601558,69.91709011522427,student_37035_0_000014,1243.210303844884
92.87146915909574,ok,190,92.88527133750671,92.8494848179763,85.65678716777508,3,5,1215.9035197759513,114.1295671958942,85.66390770489409,student_37035_0_000015,1330.034290147014
89.1048982350122,ok,200,89.1092169432798,89.1092169432798,76.3211436061434,3,5,1202.5255842888728,121.06297714007087,76.31939417996601,student_37035_0_000016,1323.5897054790985
17.3162028887716,ok,7,17.299816291410522,16.108584116098413,9.546387044049705,1,5,2022.5030451789498,93.27492465591058,9.544660739819795,student_37035_0_000017,2115.780029359972
89.70407256317277,ok,181,89.83435753211542,88.84298996262365,65.43716814906215,4,3,1142.2092641128693,145.42990501387976,65.40301847440156,student_37035_0_000018,1287.6408443390392
88.60592909600417,ok,66,88.615580921557,68.99522100183279,76.35141809414047,3,3,939.5483113960363,134.54765905602835,76.26609187090023,student_37035_0_000019,1074.0982859130017
92.11138534051969,ok,110,92.12292397311114,92.03285525672685,77.85539663209059,5,4,1449.3202347068582,176.6098621909041,77.9003379327593,student_37035_0_000020,1625.9313567008357
91.92723384069126,ok,195,91.92749127212947,91.89805263395988,79.85729361838493,3,4,1103.7999522639439,117.43468324583955,79.83345785484208,student_37035_0_000021,1221.2359871810768
91.82690322106208,ok,200,91.86503112105224,91.86503112105224,77.01957154893692,3,3,999.7974260239862,114.19573947112076,77.01500613971218,student_37035_0_000022,1113.9943448011763
86.53466768514909,ok,113,86.54596828597504,67.1626655010018,74.49381931777913,3,3,1105.8542143390514,119.27091754111461,74.47092694980363,student_37035_0_000023,1225.1263189550955
91.1863967990279,ok,194,91.20807755089217,90.99027135413974,78.08051002654291,2,5,1004.6711786140222,115.97556434897706,77.99411010524517,student_37035_0_000024,1120.6479728091508
88.99083256919897,ok,194,89.00361967488013,88.84403326087082,84.65685178142913,3,5,1235.775454755174,141.568521091016,84.64859978874239,student_37035_0_000025,1377.345589311095
92.08926750179852,ok,195,92.11497636289596,92.09992805018393,75.84313967585365,2,4,925.5251492741518,107.33016745513305,75.99600379465548,student_37035_0_000026,1032.8564950069413
79.65949098183849,ok,144,79.75904065190915,78.07323592742182,70.3388016335978,2,7,1167.2220792518929,141.66900412878022,70.35957525810204,student_37035_0_000027,1308.8924112929963
92.11433363011615,ok,196,92.11179657789792,91.37241188553897,70.82540593763373,4,6,1600.0261977550108,213.98900431301445,70.81137580359027,student_37035_0_000028,1814.0167664410546
91.41687674471312,ok,199,91.44911670886198,91.415424200028,75.87492817257922,2,5,990.9242194069084,103.19286042987369,75.8536291189607,student_37035_0_000029,1094.118257420836
85.0567643079216,ok,78,85.08456404868079,84.30792227930576,78.26673964024009,4,5,1412.9822485879995,123.74384176987223,78.28033384570018,student_37035_0_000030,1536.7292396589182
88.49034084738418,ok,180,88.4895935674532,88.39561052626034,80.6236624760177,2,5,1005.8066220211331,112.49277753196657,80.62373036308043,student_37035_0_000031,1118.3005691349972
91.42636952829764,ok,174,91.42609698039247,91.28001648521206,74.6150828437253,3,3,985.5296938908286,91.94525459804572,74.54645791055427,student_37035_0_000032,1077.4767409660853
73.64813606431798,ok,1,73.65930757487558,64.22825095646951,69.3464947616294,4,3,2445.342081747018,116.95512671605684,69.3680356089787,student_37035_0_000033,2562.2984073041007
87.27519765973868,ok,196,87.35605921110512,86.96211444308312,74.5086961316562,5,3,1241.8523631908465,169.69024577201344,74.50160045029644,student_37035_0_000034,1411.544284734875
84.80873337281173,ok,160,84.8157385424048,83.23452951828294,81.9012146287875,2,4,952.1949625168927,107.83279159199446,81.86759461577107,student_37035_0_000035,1060.0291019938886
91.16034007174473,ok,186,91.26825372932655,90.94173367833648,82.45416741136464,3,5,1222.458205675939,127.5273330269847,82.4250782881524,student_37035_0_000036,1349.987163885031
90.62859795794782,ok,197,90.6104117487539,90.25522851335747,76.11248564965432,5,5,1581.575138894841,169.64055184694007,76.13828552949705,student_37035_0_000037,1751.2169996099547
91.71002675471338,ok,198,91.732092773557,91.41429305979278,74.4085593106626,2,7,1191.6231616681907,126.14368191291578,74.29010765031136,student_37035_0_000038,1317.7685294419061
92.2767265193549,ok,171,92.30905410596677,92.27004451839262,78.08474693977838,4,4,1266.8788346860092,126.1283149800729,78.15963267251031,student_37035_0_000039,1393.0084252550732
93.10899754407242,ok,198,93.12094271194346,93.09728021869618,78.80873961807097,3,5,1147.2261096290313,111.13690066197887,78.81093589397351,student_37035_0_000040,1258.3642009859905
92.82775787645774,ok,182,92.83083568234784,92.65416823974651,80.21803032603384,2,5,1044.1826502990443,90.75687217782252,80.22156227800392,student_37035_0_000041,1134.9408173440024
91.69699465870644,ok,198,91.69414671015184,91.67409676851038,74.66113238178522,3,5,1246.2271907250397,139.53669108101167,74.6375569409161,student_37035_0_000042,1385.7913074460812
92.4872761011561,ok,187,92.5084133389618,92.4257160047988,78.48585672382129,3,4,1089.7979613610078,117.70522153191268,78.51624622611482,student_37035_0_000043,1207.5048289049882
77.56779845262821,ok,3,77.5932628375032,64.61519912172488,76.5588553060626,4,4,1065.549379650969,125.8116849749349,76.41678483138796,student_37035_0_000044,1191.362795384135
89.95235682248182,ok,200,89.95516638907317,89.95516638907317,78.53888027727967,2,4,906.3041965588927,101.82169473799877,78.48572133858362,student_37035_0_000045,1008.1270358068869
91.73848238212499,ok,156,91.74934800250752,91.55337603548355,81.32673112857215,3,4,1093.3513744419906,124.47537572798319,81.2947814491691,student_37035_0_000046,1217.8287905289326
92.65244398775118,ok,196,92.66275739884162,92.45172033471735,77.03635532437208,3,4,1092.9536424218677,116.92539975512773,77.04808576365825,student_37035_0_000047,1209.8806548218708
92.1296039768874,ok,197,92.27430256005498,92.27307729852123,78.51995048910769,3,4,1070.734734064201,122.76039616414346,78.54990527432128,student_37035_0_000048,1193.4967657048255
87.412696360193,ok,198,87.40738715826299,87.36249198482892,69.84008119313388,4,3,1067.6521209150087,122.56091254088096,69.84344234299678,student_37035_0_000049,1190.2146732329857
91.92946777946906,ok,124,91.93911017590605,91.83440922205129,75.7716065527071,4,4,1190.8568418789655,113.66722619300708,75.77423982396839,student_37035_0_000050,1304.5252937129699
42.390628792515706,ok,9,42.405211838179746,34.41514707399999,17.961400388366446,4,2,2132.6793367979117,104.95913040079176,17.997353866283557,student_37035_0_000051,2237.639662296977
70.02330908860272,ok,8,69.98969047733408,63.360643108459314,66.79035264384966,5,3,2626.456251105061,130.96833353396505,66.91611132161272,student_37035_0_000052,2757.4262102248613
90.45452448415034,ok,195,90.46283622006968,90.35208346499728,78.2189252310815,2,5,979.9805870989803,105.73879140312783,78.20531806786623,student_37035_0_000053,1085.7210797830485
85.12185821418646,ok,200,85.10500891615193,85.10500891615193,73.43192963848752,2,5,962.4039065330289,97.85565139306709,73.37114143248239,student_37035_1_000001,1060.2603022961412
91.91449262453966,ok,199,91.91475161043022,91.83303588135738,83.03566854923281,3,4,1042.3597779099364,92.93003500509076,83.0792021238859,student_37035_1_000002,1135.2906040130183
90.21415340125328,ok,200,90.27531004682369,90.27531004682369,70.78163211495752,2,3,839.708673287183,69.7543446070049,70.84579330057873,student_37035_1_000003,909.4637159002014
92.79426078372703,ok,167,92.8656065769103,92.58604644578872,80.0081625053535,4,4,1219.2554537691176,105.22594481683336,80.04813017930829,student_37035_1_000004,1324.4820960729849
81.00683939818904,ok,67,81.12913170384783,80.58762885679084,78.46703946784447,2,7,1129.410882099066,111.4713963009417,78.34625075442527,student_37035_1_000005,1240.88304611505
92.3201877588569,ok,200,92.34528729372467,92.34528729372467,76.24873646196505,2,5,974.9174184561707,92.53383348789066,76.2507897101108,student_37035_1_000006,1067.4519529009704
85.98127614380135,ok,30,86.01183538701844,72.71821303828312,76.43623693611733,4,3,2028.292713771807,100.80740175279789,76.43684976321842,student_37035_1_000007,2129.1008472309913
86.44502955819966,ok,191,86.4498374010465,85.97230775582443,79.19409501326804,3,5,1192.8744040341116,110.28571829712018,79.12061711743537,student_37035_1_000008,1303.1612833819818
83.90766412698895,ok,199,83.93353670327411,83.87973607073543,70.3828248260085,2,6,1067.9152304471936,128.665891418932,70.37826246293709,student_37035_1_000009,1196.5826801769435
81.97603693367718,ok,8,82.01812316492823,63.837951339219345,72.39112520184932,4,3,2278.2625841069967,142.8775567121338,72.40878795786813,student_37035_1_000010,2421.142041700892
81.41543065506187,ok,49,81.42329732147923,80.7374683754739,71.22018865440569,2,5,875.9910700710025,94.05118187703192,71.21964771423428,student_37035_1_000011,970.0434550771024
91.0203507114397,ok,198,91.03071934007079,91.0041083667905,83.22768585354183,2,5,973.7121375421993,82.3676153938286,83.19642708496664,student_37035_1_000012,1056.0808775178157
92.46328843013539,ok,189,92.5426011089789,92.3327587059798,77.79520301742032,4,4,1268.6235606949776,154.78870830498636,77.81062283639619,student_37035_1_000013,1423.4138249850366
87.45027517976455,ok,35,87.45359087042671,70.00923229722885,77.74842869425794,2,3,782.5016205939464,85.70750483497977,77.65092788049118,student_37035_1_000014,868.210542588029
20.264069393491322,ok,3,20.296115929857535,9.413802373546494,12.645313420047916,4,2,2081.868621025933,125.42542364588007,12.695822449091702,student_37035_1_000015,2207.2952292119153
50.89456007605058,ok,0,50.89479686093026,22.831866691063016,50.89479686093026,3,3,2116.1004374600016,118.4080696189776,50.91531850204526,student_37035_1_000016,2234.509640821023
46.041994349229455,ok,71,46.04774294997731,41.48288022187797,38.33994031879745,5,2,939.4098167249467,110.0527662341483,38.07763449203079,student_37035_1_000017,1049.463749836199
89.17334663145387,ok,200,89.21473940653806,89.21473940653806,70.391023049168,5,3,1199.5232281268109,129.56614399584942,70.35433375253454,student_37035_1_000018,1329.0905089939479
90.81950698077506,ok,182,90.80603386482869,90.74636675114165,81.6814696297809,4,5,1418.3555296650156,138.1662617449183,81.69083998878466,student_37035_1_000019,1556.5229998619761
87.98951668535662,ok,96,87.98833762682004,85.19788170309918,84.42024742757708,3,5,1221.186541395029,132.94934410694987,84.43852499770273,student_37035_1_000020,1354.1371178019326
75.96693307513611,ok,0,75.96959161131744,65.45809074286154,75.96959161131744,3,3,2243.6945960030425,123.20833993214183,75.96766848671773,student_37035_1_000021,2366.904162195977
90.61319330483245,ok,197,90.6153669225978,90.14796020620801,82.62683873136297,4,4,1222.6343803810887,150.50672972900793,82.6459919594294,student_37035_1_000022,1373.1426252208184
85.88568787948307,ok,174,85.88487061587804,84.42929143031415,72.30628020757683,4,3,1118.4594868500717,108.38480864698067,72.23158189223123,student_37035_1_000023,1226.8454257028643
90.33280407745737,ok,195,90.3448180464821,90.00725150287083,75.06029297183484,5,3,1211.553453691071,123.82779081189074,75.08024269710322,student_37035_1_000024,1335.3823776468635
86.452151178751,ok,200,86.46562475144054,86.46562475144054,66.03180179930855,3,8,1576.5752581320703,145.47933857585303,65.95357595784394,student_37035_1_000025,1722.0562946430873
90.55494927358347,ok,200,90.65050269459066,90.65050269459066,75.64406327180278,3,5,1195.691151975887,106.29947625100613,75.63031530322704,student_37035_1_000026,1301.9947381028906
69.72403655311,ok,2,69.79229886732925,60.629499784759886,69.15142235206164,3,3,2217.846887602005,97.81831872998737,69.05622975159886,student_37035_1_000027,2315.666323239915
91.33529562665397,ok,198,91.34806789528967,91.2635948937448,78.57485345183909,5,5,1468.4619816429913,186.2499962928705,78.55525463768912,student_37035_1_000028,1654.7419833738822
91.83245919435336,ok,200,91.87433963764721,91.87433963764721,78.09118642054871,2,4,913.8599671698175,99.99575457000174,78.0861554167099,student_37035_1_000029,1013.8569176769815
90.28181955890793,ok,185,90.28888024761764,89.91510494510966,72.65803013611846,3,3,985.7189995388035,129.2504123810213,72.61766683805156,student_37035_1_000030,1114.9713410479017
87.85142131184699,ok,150,87.87201552281341,85.53562162023746,74.26492821650504,2,3,849.0965928169899,98.31243256712332,74.21098636976271,student_37035_1_000031,947.4102654091548
92.88318964678821,ok,145,92.89954780105036,92.62074856022548,80.79658517835259,4,5,1314.2790099568665,124.30450877384283,80.78595073616837,student_37035_1_000032,1438.585061231861
90.26666600923323,ok,49,90.34068947778367,83.17756102813604,81.21945400148113,3,5,1213.1137885141652,126.17727633798495,81.22668064904616,student_37035_1_000033,1339.2922167680226
91.07652194723396,ok,195,91.09456037010568,91.06884210200042,79.71622762325683,3,4,1086.2402150910348,120.15403193491511,79.73544012659191,student_37035_1_000034,1206.4044668690767
87.00951849400734,ok,138,87.00852225224115,68.99049108682883,72.00856551882325,4,3,1098.3448931542225,117.39871927001514,72.42576854637842,student_37035_1_000035,1215.7451299079694
22.578514168053648,ok,0,22.57292335950127,17.52792913993705,22.57292335950127,4,2,2170.8796138260514,110.11561298789456,22.67105881603593,student_37035_1_000036,2280.9964323961176
89.27466294111939,ok,200,89.37241439978257,89.37241439978257,79.9717510698556,2,5,982.1596233129967,100.58440042310394,79.96297344463832,student_37035_1_000037,1082.7551408901345
88.21126235786588,ok,200,88.25888193664042,88.25888193664042,80.9851957781061,4,5,1415.4007472728845,160.46012142882682,81.0446339579508,student_37035_1_000038,1575.8620514459908
92.74766101708477,ok,196,92.75878282020182,92.73299892418268,79.21571639555758,3,5,1213.2401951788925,127.03450743900612,79.20375353693119,student_37035_1_000039,1340.276369306026
91.72291310215816,ok,200,91.72846858115328,91.72846858115328,80.22314001375972,4,5,1389.781673306832,141.1498132958077,80.23372239663593,student_37035_1_000040,1530.9330745050684
91.31673509354992,ok,185,91.32563179890647,90.62634916746643,74.13060946266093,3,3,973.4517271709628,100.42538523999974,74.1152745555708,student_37035_1_000041,1073.8783045678865
41.9658598173015,ok,7,42.04010869796749,8.443198259124648,33.46444393051763,3,2,1964.1809409859125,85.76558843697421,33.44344704633309,student_37035_1_000042,2049.94830705598
89.00048129495502,ok,197,89.01232785165823,88.82083872204387,78.35113217285848,4,4,1218.754967277171,133.6631432340946,78.34484589091356,student_37035_1_000043,1352.423367321957
87.969291390043,ok,200,87.94996974907443,87.94996974907443,75.75174928170273,4,5,1414.2479089091066,134.6282885710243,75.75077399855834,student_37035_1_000044,1548.8778316089883
71.4202154008715,ok,0,71.41989655147245,50.84394039509774,71.41989655147245,5,3,2349.397117183078,151.0042808461003,71.39068205004946,student_37035_1_000045,2500.4266498298384
87.44429191250283,ok,196,87.4723010664957,87.24107780108727,76.56779269147084,2,4,932.4299537921324,97.07939799502492,76.5885750598985,student_37035_1_000046,1029.510475445073
88.13308805625402,ok,144,88.13054501884979,87.26281970931632,72.99716819981909,2,3,810.5259939739481,81.58612725813873,72.98466140290732,student_37035_1_000047,892.1137661098037
90.48811390963566,ok,175,90.50256640972049,90.18716971156952,72.32396293055442,3,3,962.4258010829799,94.5730529378634,72.28918690998302,student_37035_1_000048,1057.0001256200485
89.81061832418247,ok,187,89.91888101910146,89.74758477257747,77.94385012270875,3,5,1163.8154992719647,114.44031909387559,77.9484370772922,student_37035_1_000049,1278.2777199039701
89.53564686683721,ok,199,89.56903443065983,88.24644567603079,72.70807491336704,3,3,975.068466264056,100.28724922891706,72.6636698671108,student_37035_1_000050,1075.3725966890343
10.409353422599635,ok,1,10.411038602737696,6.421357905467285,9.051197811794658,4,2,2102.8979159959126,106.55773618002422,9.096045088603654,student_37035_1_000051,2209.4572643078864
