iteration,current_score,best_score,invalid_direction_count,raw_gradient_rms,clean_gradient_rms,first_moment_rms,clean_first_moment_rms,contamination_first_moment_rms,contamination_first_moment_fraction,actual_update_rms,clean_counterfactual_update_rms,update_difference_rms,actual_clean_update_cosine
1,39.451404930477594,39.451404930477594,0,23.01718302293727,23.01718302293727,2.3017183022937266,2.3017183022937266,0.0,0.0,0.009999999972059284,0.009999999972059284,0.0,1.0
2,40.359363253619236,40.359363253619236,0,28.91020356825884,28.91020356825884,3.6146126959048015,3.6146126959048015,0.0,0.0,0.007219159498477352,0.007219159498477352,0.0,1.0
3,41.19604694262253,41.19604694262253,0,28.803339343845455,28.803339343845455,4.302649747539163,4.302649747539163,0.0,0.0,0.005958658397834276,0.005958658397834276,0.0,1.0
4,41.786399136676856,41.786399136676856,0,61.343734418930524,61.343734418930524,7.607617041526475,7.607617041526475,0.0,0.0,0.005377276895901022,0.005377276895901022,0.0,1.0
5,42.45655911983124,42.45655911983124,0,64.57855830726236,64.57855830726236,9.598590380723095,9.598590380723095,0.0,0.0,0.005099423516836017,0.005099423516836017,0.0,1.0
6,46.97546560919454,46.97546560919454,0,80.83553492355257,80.83553492355257,11.73150413015887,11.73150413015887,0.0,0.0,0.0046525676629233835,0.0046525676629233835,0.0,0.9999999999999999
7,47.09613264331546,47.09613264331546,0,60.878180496521146,60.878180496521146,12.451509711793337,12.451509711793337,0.0,0.0,0.004487914487474718,0.004487914487474718,0.0,1.0
8,47.35703278700691,47.35703278700691,0,50.35382996840862,50.35382996840862,12.285509022823003,12.285509022823003,0.0,0.0,0.003996249610263765,0.003996249610263765,0.0,1.0000000000000002
9,47.61499641607356,47.61499641607356,0,17.5870349943142,17.5870349943142,11.227625098985232,11.227625098985232,0.0,0.0,0.0035799361458286488,0.0035799361458286488,0.0,1.0
10,47.84878827191868,47.84878827191868,0,8.12368822926061,8.12368822926061,10.089724118118104,10.089724118118104,0.0,0.0,0.003176687123471053,0.003176687123471053,0.0,1.0000000000000002
11,48.03811993929247,48.03811993929247,0,10.78000146461809,10.78000146461809,9.205694092854149,9.205694092854149,0.0,0.0,0.002882147833311732,0.002882147833311732,0.0,1.0
12,48.2249789591601,48.2249789591601,0,8.43841025115123,8.43841025115123,8.33131754723375,8.33131754723375,0.0,0.0,0.0026129090199350237,0.0026129090199350237,0.0,1.0
13,48.47981158125768,48.47981158125768,0,27.185734242927182,27.185734242927182,8.013742561020345,8.013742561020345,0.0,0.0,0.002497565293796033,0.002497565293796033,0.0,1.0
14,48.75911735804205,48.75911735804205,0,21.666355015626955,21.666355015626955,7.513599851101719,7.513599851101719,0.0,0.0,0.0023368765439300203,0.0023368765439300203,0.0,1.0
15,49.07848309435198,49.07848309435198,0,20.99243757059046,20.99243757059046,7.053183245718348,7.053183245718348,0.0,0.0,0.0021946475331372263,0.0021946475331372263,0.0,0.9999999999999999
16,49.38775817769738,49.38775817769738,0,19.121898661790915,19.121898661790915,6.579026319439012,6.579026319439012,0.0,0.0,0.0020717247369076708,0.0020717247369076708,0.0,0.9999999999999998
17,49.73291012726364,49.73291012726364,0,20.60012256483186,20.60012256483186,6.467999837215968,6.467999837215968,0.0,0.0,0.002029294861711961,0.002029294861711961,0.0,1.0
18,50.033093357333634,50.033093357333634,0,8.731787371657294,8.731787371657294,5.894115652140253,5.894115652140253,0.0,0.0,0.0018650378106789063,0.0018650378106789063,0.0,1.0
19,50.329976569636834,50.329976569636834,0,12.62749678383034,12.62749678383034,5.607312539241961,5.607312539241961,0.0,0.0,0.0017807906226687395,0.0017807906226687395,0.0,0.9999999999999999
20,50.59951528592355,50.59951528592355,0,8.069435209958149,8.069435209958149,5.047657136531075,5.047657136531075,0.0,0.0,0.00161546905170524,0.00161546905170524,0.0,1.0
21,50.80101230757955,50.80101230757955,0,24.761771157014895,24.761771157014895,5.370670711543562,5.370670711543562,0.0,0.0,0.0017396775621669413,0.0017396775621669413,0.0,1.0000000000000002
22,51.1344544235138,51.1344544235138,0,17.3769110195522,17.3769110195522,5.056573447760549,5.056573447760549,0.0,0.0,0.0016311484667975017,0.0016311484667975017,0.0,0.9999999999999999
23,51.52927785282141,51.52927785282141,0,15.405087140678976,15.405087140678976,4.9248954516447165,4.9248954516447165,0.0,0.0,0.0015948612889136963,0.0015948612889136963,0.0,1.0
24,51.74700484157509,51.74700484157509,0,11.984905194125416,11.984905194125416,4.709768542490828,4.709768542490828,0.0,0.0,0.0015386024906301212,0.0015386024906301212,0.0,1.0000000000000002
25,52.029694647497806,52.029694647497806,0,15.91071486421396,15.91071486421396,4.603314246605009,4.603314246605009,0.0,0.0,0.0015199617315750761,0.0015199617315750761,0.0,1.0
26,52.330248975555364,52.330248975555364,0,19.723842185144637,19.723842185144637,4.6819580844981825,4.6819580844981825,0.0,0.0,0.0015736082827078,0.0015736082827078,0.0,1.0000000000000002
27,52.61869210460928,52.61869210460928,0,11.662385647737228,11.662385647737228,4.477641364194815,4.477641364194815,0.0,0.0,0.001530259229611698,0.001530259229611698,0.0,1.0000000000000002
28,52.88195594270994,52.88195594270994,0,18.333264644418644,18.333264644418644,4.500445593451177,4.500445593451177,0.0,0.0,0.001539794965291323,0.001539794965291323,0.0,1.0
29,53.17469012780702,53.17469012780702,0,11.224170940113959,11.224170940113959,4.269991605277323,4.269991605277323,0.0,0.0,0.0014735358634556644,0.0014735358634556644,0.0,0.9999999999999999
30,53.41725875163821,53.41725875163821,0,9.765057357530695,9.765057357530695,4.011972089782697,4.011972089782697,0.0,0.0,0.001400682603075224,0.001400682603075224,0.0,1.0
31,53.68999898511861,53.68999898511861,0,16.910646306676234,16.910646306676234,4.023393955572858,4.023393955572858,0.0,0.0,0.0014282140913433597,0.0014282140913433597,0.0,1.0000000000000002
32,53.9182256827017,53.9182256827017,0,11.983177226235261,11.983177226235261,3.9214021512764434,3.9214021512764434,0.0,0.0,0.0014385386807203812,0.0014385386807203812,0.0,1.0
33,54.14793528749116,54.14793528749116,0,14.155886743441586,14.155886743441586,3.7830165760965833,3.7830165760965833,0.0,0.0,0.0013996862618963274,0.0013996862618963274,0.0,1.0
34,54.36798292494685,54.36798292494685,0,8.029452968181053,8.029452968181053,3.525804792451656,3.525804792451656,0.0,0.0,0.0013245842914879217,0.0013245842914879217,0.0,1.0
35,54.58418374798617,54.58418374798617,0,13.573463801553128,13.573463801553128,3.5684892302453473,3.5684892302453473,0.0,0.0,0.0013719448806701361,0.0013719448806701361,0.0,1.0
36,54.784984015840735,54.784984015840735,0,9.285231524431284,9.285231524431284,3.3511282388055306,3.3511282388055306,0.0,0.0,0.0012989890903847363,0.0012989890903847363,0.0,1.0
37,54.955843014178384,54.955843014178384,0,8.36888462682202,8.36888462682202,3.116567301602955,3.116567301602955,0.0,0.0,0.0012009885388152646,0.0012009885388152646,0.0,1.0
38,55.12229907442298,55.12229907442298,0,3.0090373621285504,3.0090373621285504,2.8558208004779226,2.8558208004779226,0.0,0.0,0.0011186238160637793,0.0011186238160637793,0.0,1.0000000000000002
39,55.268783013671346,55.268783013671346,0,11.003043953063244,11.003043953063244,2.894608758472246,2.894608758472246,0.0,0.0,0.0011604016840495812,0.0011604016840495812,0.0,0.9999999999999999
40,55.41755382011289,55.41755382011289,0,5.889545478011297,5.889545478011297,2.6080271207178325,2.6080271207178325,0.0,0.0,0.0010535137623857507,0.0010535137623857507,0.0,1.0
41,55.55017047358061,55.55017047358061,0,9.328218913484696,9.328218913484696,2.595905170622429,2.595905170622429,0.0,0.0,0.0010491029507560994,0.0010491029507560994,0.0,0.9999999999999999
42,55.55959148307419,55.55959148307419,0,11.750607206994117,11.750607206994117,2.5612332251361636,2.5612332251361636,0.0,0.0,0.0010455574826558657,0.0010455574826558657,0.0,1.0000000000000002
43,55.79303002358162,55.79303002358162,0,6.845179709761685,6.845179709761685,2.3937829047750414,2.3937829047750414,0.0,0.0,0.0009823146705690792,0.0009823146705690792,0.0,1.0
44,55.91823343839119,55.91823343839119,0,16.380350897109793,16.380350897109793,2.80840144349022,2.80840144349022,0.0,0.0,0.001162088131950389,0.001162088131950389,0.0,1.0000000000000002
45,55.986084226336814,55.986084226336814,0,15.817828517680622,15.817828517680622,3.006611104682626,3.006611104682626,0.0,0.0,0.0012626467982115874,0.0012626467982115874,0.0,1.0
46,57.45790592874476,57.45790592874476,0,40.07547772031344,40.07547772031344,5.06496973490195,5.06496973490195,0.0,0.0,0.0020586608587409533,0.0020586608587409533,0.0,1.0
47,57.65931572495118,57.65931572495118,0,29.33748727859673,29.33748727859673,5.449895027314449,5.449895027314449,0.0,0.0,0.0021735833982665102,0.0021735833982665102,0.0,1.0000000000000002
48,57.209224914990195,57.65931572495118,0,19.947783094706388,19.947783094706388,5.33837130596569,5.33837130596569,0.0,0.0,0.0021477692017390143,0.0021477692017390143,0.0,0.9999999999999999
49,56.37245819868278,57.65931572495118,0,66.15002186136391,66.15002186136391,8.362748174349132,8.362748174349132,0.0,0.0,0.0030394695851034765,0.0030394695851034765,0.0,1.0
50,56.58597960616075,57.65931572495118,0,50.616471432518274,50.616471432518274,9.170514956432642,9.170514956432642,0.0,0.0,0.0032473341810732,0.0032473341810732,0.0,1.0
51,57.84476031082721,57.84476031082721,2,1020.3356790932859,17.782535381608202,101.51575863726009,8.561782828608541,102.0180709228813,1.0049481212805205,0.006511855968413197,0.0030556252550216437,0.007070539256801174,0.0439392599364564
52,58.151369810251744,58.151369810251744,0,33.95838336930774,33.95838336930774,91.659712015479,8.512801295519116,91.81626383059316,1.0017079675647216,0.00594197484800891,0.0030635298170942076,0.006428152983519986,0.09259605581099478
53,58.104014613887685,58.151369810251744,0,11.062741384122113,11.062741384122113,82.55034309926742,7.724219958710101,82.63463744753385,1.0010211265647322,0.0054110021377897196,0.0028179794381852736,0.005830114412105745,0.10590564475464169
54,58.041983874579074,58.151369810251744,0,9.060037487734023,9.060037487734023,74.30667222904579,7.066758884400575,74.37117370278047,1.0008680441715363,0.004923130967773473,0.002586192285703212,0.005300254523153545,0.11125018509288714
55,57.96651397809765,58.151369810251744,0,16.512675309264647,16.512675309264647,66.87714278495248,6.597333694511553,66.93405633250242,1.0008510164337157,0.0044851555176355805,0.002444432277338087,0.004848194435629268,0.1179752083669192
56,57.91572582626562,58.151369810251744,0,20.857012079127166,20.857012079127166,60.02654932008317,5.980649292672428,60.24065069925218,1.0035667780606101,0.004069909899815224,0.0022256620777684607,0.004428324777841072,0.10530064728244865
57,56.89895096050498,58.151369810251744,0,28.180274507715534,28.180274507715534,53.98333002894007,6.263141390647376,54.216585629326964,1.0043208820252818,0.003742539424263054,0.0023045823859922745,0.004107429317774237,0.1418393291924388
58,56.824599194573075,58.151369810251744,0,24.740252602374884,24.740252602374884,48.65223679275905,6.171273696626446,48.794927066394266,1.0029328615299442,0.003443620263241961,0.0022838889485299638,0.0037474839311022225,0.19269502109308564
59,56.70762765668777,58.151369810251744,0,20.576016039297063,20.576016039297063,43.63024919766598,6.0965845234663725,43.91543435975485,1.006536409196217,0.003133757634196267,0.0022476467123304284,0.003500415760424929,0.1859453673582773
60,57.56391129808918,58.151369810251744,0,20.00028002879729,20.00028002879729,39.245548857322106,5.900579871928833,39.52389092377936,1.0070923219208674,0.0028362732700324823,0.0021799332513510183,0.0032377026074770516,0.18711623619417525
61,57.47496791850179,58.151369810251744,0,20.916535374226015,20.916535374226015,35.5321443497269,5.830212772122241,35.57150183140143,1.0011076584989398,0.002594915476610713,0.0021785805961134232,0.0029833730454173427,0.22812479530089866
62,57.34529273482924,58.151369810251744,0,23.33073692915555,23.33073692915555,32.17593311159725,5.643929712136827,32.01435164826128,0.9949781887357998,0.002366724861111786,0.002110782972200639,0.0027258404368526164,0.26288762831308793
63,57.20572552412744,58.151369810251744,0,15.358388311880113,15.358388311880113,28.959808411636647,5.20381548029935,28.812916483435156,0.9949277313539662,0.0021571162577073044,0.001961258891513705,0.002494407603417603,0.26917973136773976
64,57.12583317859097,58.151369810251744,0,16.619713488438776,16.619713488438776,26.175109619067,4.984712781675182,25.93162483509164,0.9906978504572146,0.0019779440693643356,0.0018988088982259744,0.0023007785734673798,0.29610106567086747
65,57.04654462406948,58.151369810251744,0,33.362496102575186,33.362496102575186,24.03956165001883,5.8427117104385236,23.338462351582475,0.9708356038831596,0.0019045604905655743,0.0022321059878379693,0.002271854589155415,0.4055725491501254
66,57.015478036554946,58.151369810251744,0,13.065574685919048,13.065574685919048,21.711609736330384,5.4529209109020815,21.004616116424227,0.967437070374237,0.0017355262060928574,0.002091817896641925,0.0020842327360708177,0.41919942992105347
67,56.942862469589635,58.151369810251744,0,13.168656597349777,13.168656597349777,19.519567277107605,5.132524071916438,18.904154504781808,0.9684720074175236,0.0015902722468915565,0.0019990998941984803,0.001961407976373605,0.42122517957244093
68,56.917605827948215,58.151369810251744,0,26.47218936995915,26.47218936995915,17.959680419944146,5.386230840552467,17.013739054303624,0.9473297217143096,0.0015360617039138552,0.0020834715460809456,0.001870706753193048,0.500071028682462
69,56.91312245448911,58.151369810251744,0,16.719740829981596,16.719740829981596,16.281837485414513,5.2113510066447315,15.312365148873265,0.9404568226768193,0.0013926391416721863,0.002024621858832502,0.0017826468456857022,0.5072954493723574
70,56.914220489045334,58.151369810251744,0,14.15561419415744,14.15561419415744,14.757981692406906,4.939013052229565,13.781128633985938,0.933808492327676,0.0012859820202743971,0.0019463311141119219,0.001677416952673083,0.5250265227275623
71,56.941517812219345,58.151369810251744,0,41.491137012718696,41.491137012718696,14.018544941734708,6.265137700733005,12.403015770587345,0.88475771359567,0.0012928653978805473,0.0024152309372663387,0.0019238174423493754,0.6090767676894134
72,57.02179829689642,58.151369810251744,0,22.505582054108658,22.505582054108658,12.896829422789393,6.4269202521376325,11.16271419352861,0.865539414966867,0.00124294048685696,0.0024869655379597256,0.0019458834177244872,0.6378590760366024
73,57.1195518948549,58.151369810251744,0,31.84431680262837,31.84431680262837,11.729082996415528,6.300110655795883,10.04644277417575,0.8565411956967137,0.0012032047778797086,0.0024451529329128116,0.0019028073219597744,0.6468003782063857
74,57.22344906678781,58.151369810251744,0,12.791940470532046,12.791940470532046,10.733862153920287,5.8953899154687655,9.041798496758174,0.84236208431798,0.0011251913663093912,0.0022806312535631735,0.0017531286803121092,0.6612783464475718
75,57.33750343178045,58.151369810251744,0,11.642513298724259,11.642513298724259,9.68439113914206,5.379663946927193,8.137618647082357,0.840281906230738,0.001037597047091316,0.0020726461328847345,0.001581056898264424,0.6678989048257518
76,57.41128039088646,58.151369810251744,0,7.738032621273093,7.738032621273093,8.710651810029074,4.890032414777433,7.323856782374122,0.8407931968927681,0.0009392093569500352,0.0018950641501624813,0.0014480881358254732,0.6675863422344556
77,57.52873412603344,58.151369810251744,0,25.68108741096905,25.68108741096905,8.164248371979339,4.915124007399303,6.59147110413671,0.8073579837134077,0.000938760873658555,0.0018922622016087818,0.0013897210431402004,0.7122916248146842
78,57.67022242556559,58.151369810251744,0,25.71846218661701,25.71846218661701,8.042493845059884,5.352860565138492,5.932323993723039,0.7376224474659661,0.0010370845579365817,0.002082686968374326,0.0014625242060937803,0.757932829617238
79,57.78672813840397,58.151369810251744,0,27.419094809098638,27.419094809098638,7.85403831670433,5.813667155146553,5.339091594350735,0.6797893490021953,0.0010978109085171377,0.0022612538699980644,0.001562972098607159,0.7806015431210008
80,57.95429098057758,58.151369810251744,0,26.24129437366663,26.24129437366663,7.328019503471369,5.694608369888497,4.805182434915662,0.6557272988478525,0.0010854253308662716,0.0022204288309732654,0.0015029901352030934,0.7986094985931294
81,58.125274654195,58.151369810251744,0,32.96070121385614,32.96070121385614,7.290691991030176,6.090281367635388,4.3246641914240955,0.5931760931259722,0.001093292804394647,0.0023526455368933475,0.001607630506017802,0.8058989301727617
82,58.30323431355541,58.30323431355541,0,28.097908848655216,28.097908848655216,7.193984400927704,6.1573610279878,3.8921977722816865,0.5410350586498027,0.001111016592864385,0.0023640069716735004,0.0015890875645859746,0.8181549153179608
83,58.41181316770734,58.41181316770734,0,15.29872685971889,15.29872685971889,6.748224605809377,5.856135745159221,3.5029779950535174,0.5190962363697692,0.0010660778418394813,0.0022559585871134162,0.0015124560204411589,0.8187739974636119
84,58.56489483718258,58.56489483718258,0,23.482528551623734,23.482528551623734,6.535554801794271,5.755052920715586,3.152680195548166,0.4823890688947523,0.0010420402023178356,0.002218786842074943,0.0014863052226415808,0.8217241884099319
85,58.66222235525849,58.66222235525849,0,9.731018224726824,9.731018224726824,5.992777766238301,5.251076477310987,2.8374121759933493,0.4734719501828629,0.0009440074397566384,0.0020292171577724737,0.001358233379990657,0.8258720132606785
86,58.788979913001526,58.788979913001526,0,12.032739856527323,12.032739856527323,5.609810830520332,4.933479922429005,2.5536709583940147,0.45521516420851427,0.0008836532323833376,0.001924003211435039,0.001295210996822651,0.824944014564376
87,58.88284419216736,58.88284419216736,0,11.962293317985628,11.962293317985628,5.2078663113267565,4.649569309504648,2.2983038625546133,0.4413139134458882,0.0008401304153761557,0.0018270300648519403,0.001234730220114265,0.820648841947784
88,59.01249697332174,59.01249697332174,0,12.787276134622914,12.787276134622914,4.834883987223504,4.3987370979138385,2.068473476299152,0.427822773362345,0.0008108173944810315,0.0017288280034956317,0.0011541071824765841,0.8254984526127482
89,59.091839907574254,59.091839907574254,0,11.641464772811224,11.641464772811224,4.577397444452264,4.207757627256268,1.861626128669237,0.4066996915300636,0.0007784712810280507,0.0016714128141241383,0.0011211740382929118,0.823353284855987
90,59.17126974374753,59.17126974374753,0,15.727786239069331,15.727786239069331,4.459418476427476,4.106193687622724,1.6754635158023132,0.37571345337039525,0.0007450988861573536,0.0016333178436888853,0.0011082482692411127,0.819520404443829
91,59.257188926066526,59.257188926066526,0,18.262292575512593,18.262292575512593,4.34472041435365,4.131086121070906,1.507917164222082,0.3470688606890278,0.000759775195098596,0.0016432925174974249,0.0010943142030584768,0.8330357500608895
92,59.32077006275203,59.32077006275203,0,17.778619688606806,17.778619688606806,4.167285602741228,4.016696406250121,1.3571254477998738,0.3256617321613764,0.0007126441596666019,0.001606887398449838,0.0010823203951774686,0.8376849911844467
93,59.36321565622162,59.36321565622162,0,11.862828718237445,11.862828718237445,3.879193669116711,3.7446979425226625,1.2214129030198864,0.3148625738240084,0.0006701899685306944,0.0015057533906242097,0.0010132600095659767,0.8372231065500592
94,58.27512906943402,59.36321565622162,2,1028.5357704315084,6.794949065508981,103.01246404003902,3.4312360468396537,102.89933390852438,0.9989017821040503,0.006432125210029508,0.001386487762802875,0.006478000687879437,0.07457281574276371
95,58.10338617149642,59.36321565622162,0,18.699178924527214,18.699178924527214,92.57439059395996,3.7371495346812544,92.60940051767194,1.000378181519612,0.005802694465838577,0.0015070066668305,0.00594247569631836,0.03598264152581124
96,57.82762694304441,59.36321565622162,0,21.058420347969914,21.058420347969914,83.09198635735783,3.835594711443426,83.34846046590475,1.0030866286845508,0.005242377478227843,0.0015505721792294408,0.005470829206883315,-0.002655811204732044
97,57.42757955205752,59.36321565622162,0,18.202333678202844,18.202333678202844,74.62120245860228,3.8843000614749976,75.01361441931428,1.0052587193422633,0.004751374787458107,0.0015810660959235097,0.00501660200262247,-0.006054340075737131
98,57.19181691126782,59.36321565622162,0,14.814079718103143,14.814079718103143,67.05663381231734,3.8563776358842063,67.51225297738286,1.0067945427493532,0.004294830306631645,0.0015832219189724967,0.004597396490592386,-0.013522384049905656
99,56.88386055888461,59.36321565622162,0,10.401284448423587,10.401284448423587,60.31544154452958,3.6534122754943823,60.76102767964457,1.0073875963385932,0.0038839394364794683,0.0015083479319282474,0.004194406875524075,-0.019881939670283566
100,56.609299044634724,59.36321565622162,0,18.6235960013883,18.6235960013883,54.04239536592998,3.899009324875197,54.68492491168011,1.0118893609618793,0.003501882657872191,0.0016176782102092235,0.00394291605249315,-0.058828910343441954
101,56.340961597812345,59.36321565622162,0,9.820487762262468,9.820487762262468,48.61663935631542,3.5995945559398717,49.216432420512106,1.0123371971435695,0.0031707394424183174,0.0014991165418486662,0.0035821619797601974,-0.05585009821517977
102,56.10802901986492,59.36321565622162,0,12.84104079719514,12.84104079719514,43.66911448827734,3.6029657213328794,44.294789178460896,1.0143276248560413,0.002867253222123973,0.0014872090070308494,0.0033033013779396178,-0.0561497798102839
103,55.88929442343858,59.36321565622162,0,12.857222671712421,12.857222671712421,39.23769702861431,3.585428146583779,39.865310260614805,1.0159951597450483,0.002593982356722707,0.0014921218184249735,0.0030594059722340713,-0.05229156119032152
104,55.699634153308565,59.36321565622162,0,31.53067744409547,31.53067744409547,35.5473048206528,4.799718572211967,35.87877923455333,1.0093248817476577,0.0023846383091641284,0.001969421631553476,0.00296831787158864,0.08029737067439115
105,55.54615169227456,59.36321565622162,0,21.440521237415638,21.440521237415638,31.791724528781728,4.919181590853347,32.290901311098,1.0157014691626545,0.002150632314946781,0.0020024502057930083,0.0028423172510056768,0.06458312063671567
106,55.4137800442014,59.36321565622162,0,20.02275950865461,20.02275950865461,28.708746295515237,5.062089212500885,29.061811179988197,1.0122981644979778,0.0019525081328572145,0.002077080123843104,0.0027095467536299546,0.09677021021263024
107,55.296528426124006,59.36321565622162,0,18.44382868338663,18.44382868338663,25.89513138584805,4.917458890822689,26.155630061989378,1.0100597549500634,0.0017888041773023867,0.002020501874092897,0.0025084146975188092,0.13697103054645404
108,55.21064959585865,59.36321565622162,0,12.834693246233577,12.834693246233577,23.299400897629404,4.727216426086561,23.54006705579044,1.0103292852558077,0.001625705108289036,0.001955191624215302,0.0023497065094761098,0.14858445596121742
109,55.18538206430727,59.36321565622162,0,22.93951814516349,22.93951814516349,20.926979502012014,4.9148862751046485,21.186060350211395,1.0123802313742636,0.0015078691795139998,0.0020348404348491137,0.002284606678409715,0.1947051833212776
110,55.17680190967219,59.36321565622162,0,27.045119007800732,27.045119007800732,18.931447515170397,5.300592362494858,19.067454315190258,1.0071841733132596,0.0013911412368221173,0.0021926350046791556,0.00228455850897315,0.249767583708698
111,55.16248173205235,59.36321565622162,0,20.44228801103658,20.44228801103658,17.23042446606346,5.17683368195355,17.160708883671234,0.9959539254224679,0.0012642824924435387,0.0021565883115989572,0.0021694302870933217,0.28293320118968684
112,55.16735673295052,59.36321565622162,0,22.034141927431794,22.034141927431794,15.481225426464317,4.967499011165586,15.44463799530411,0.99763665794197,0.001142794113629613,0.0020610749396849735,0.0020504165878240626,0.28653500502327844
113,55.20468743857996,59.36321565622162,0,33.60072636002416,33.60072636002416,14.169556781024024,5.824476531029885,13.9001741957737,0.9809886371596969,0.0010963728550822036,0.0023820068608386125,0.0022098821802547155,0.3814587881799301
114,55.32765469284383,59.36321565622162,0,31.30784594458522,31.30784594458522,13.175342813752403,6.349981667850842,12.510156776196329,0.9495128098783316,0.0010816188239521234,0.0026088943862001453,0.0023004858496834834,0.47557697327397225
115,55.44293521814004,59.36321565622162,0,18.676792928547556,18.676792928547556,12.040514357721094,6.293689613717451,11.259141098576697,0.9351046611523424,0.001017588372502186,0.00257803488882234,0.002234290962055537,0.5126393424208964
116,55.53637076630944,59.36321565622162,0,31.221252522687426,31.221252522687426,11.13137469576103,6.5933631528728815,10.133226988719027,0.9103302391372998,0.0009560707824988426,0.0026914637095412064,0.0023061438183963837,0.5517868853786815
117,55.67560921882963,59.36321565622162,0,21.81188163290902,21.81188163290902,10.11454452595163,6.308001811183625,9.119904289847124,0.9016623799962041,0.0009379399607397755,0.002590660469591912,0.002181237661538554,0.5830433318771857
118,55.8123034558502,59.36321565622162,0,23.51718978376218,23.51718978376218,9.417064941300817,6.346841345619768,8.207913860862412,0.871600006161646,0.0008782715047544492,0.0026200810560741087,0.002181102573441098,0.6255538500841489
119,55.9401469903044,59.36321565622162,0,9.941861717950056,9.941861717950056,8.58951063635421,5.885449275379621,7.387122474776171,0.860016686341937,0.0008117605287266976,0.0024350225974899484,0.00201650566799278,0.6379451149170305
120,56.08839477706286,59.36321565622162,0,22.411390212378787,22.411390212378787,8.250091747403939,5.944421634227645,6.648410227298554,0.8058589444645404,0.0007864871211803442,0.0024746318367615794,0.002007913074901846,0.6963718490821028
121,56.21937128263302,59.36321565622162,0,17.366693610570128,17.366693610570128,7.700910587809373,5.836586134573179,5.9835692045687,0.7769950236846999,0.00077421271900278,0.002434344625989128,0.0019521783074252096,0.7201247213670493
122,56.33865769429527,59.36321565622162,0,24.286868240915165,24.286868240915165,7.009748368460524,5.755237571268251,5.385212284111829,0.7682461624930661,0.0007265647999607264,0.002399680989309937,0.001941547872944162,0.7217444366422366
123,56.48135933259841,59.36321565622162,0,16.94758657616694,16.94758657616694,6.432802960253018,5.472610479417079,4.846691055700647,0.7534337808335442,0.0006583531444513,0.0022916395770378652,0.001872848883985299,0.7216365579900782
124,56.617969429069504,59.36321565622162,0,16.656341326273484,16.656341326273484,6.247612162199873,5.297529646232877,4.362021950130582,0.6981902584354166,0.000656565594367949,0.002214755280417681,0.0017792148397661222,0.7463606161797459
125,56.74411940342131,59.36321565622162,0,13.876267278590332,13.876267278590332,5.813404609894507,5.080926643736667,3.9258197551175242,0.6753047514421613,0.0006093739848269694,0.002113358610184511,0.0017037094684355918,0.75126440991092
126,56.89744885508039,59.36321565622162,0,29.300855801252695,29.300855801252695,6.269677403020622,5.707635458942044,3.5332377796057717,0.5635437922058827,0.0006732636923399554,0.0023873473947589033,0.00190595329731332,0.7839330418511417
127,57.045864250931935,59.36321565622162,0,29.553995053281923,29.553995053281923,6.59453586516316,6.12479045673811,3.1799140016451943,0.4822043683837813,0.0007193923692471091,0.0025473215838831163,0.001997773896446585,0.822710253556931
128,57.21077226768992,59.36321565622162,0,14.478451883165924,14.478451883165924,6.140390105485302,5.786871630395191,2.861922601480675,0.4660815603432226,0.0006857631721180801,0.002415201797949037,0.0018921712982152693,0.8220824249161462
129,57.35101120167776,59.36321565622162,0,18.002595066026167,18.002595066026167,5.941638446297176,5.76452714975208,2.5757303413326076,0.43350506171202663,0.0006695706557777734,0.0023912993328473985,0.0018785960567999133,0.8236343652736793
130,57.47881616206629,59.36321565622162,0,6.654740087166888,6.654740087166888,5.380121875493401,5.221066631776335,2.318157307199347,0.43087449705528336,0.0006193997569511992,0.002177248803559545,0.0017066367290825954,0.8199170182334407
131,57.617343381624146,59.36321565622162,0,24.535551526212455,24.535551526212455,5.574938823663076,5.4755879637367455,2.086341576479412,0.37423577952530035,0.0006396257741592344,0.002256345757668422,0.0017627840505100856,0.8289847828957505
132,57.767560811275864,59.36321565622162,0,11.43190453424325,11.43190453424325,5.324382923342371,5.245907086162233,1.8777074188314713,0.3526619790247438,0.0006066153123706421,0.0021813000770964665,0.001708586079671143,0.8338758495619067
133,57.90371062713568,59.36321565622162,0,5.353026393232289,5.353026393232289,4.865086047678823,4.817597328374126,1.689936676948324,0.347360079634071,0.0005636047465982285,0.002013574260073666,0.0015767646646879488,0.8309151727024333
134,57.99657804351644,59.36321565622162,0,11.358224173741734,11.358224173741734,4.486555318527714,4.442802584947072,1.5209430092534917,0.3390001685641975,0.0005268627118157222,0.0018668135933636654,0.0014587811868094049,0.8309325027693797
135,58.100084592165636,59.36321565622162,0,10.649923428200644,10.649923428200644,4.1363621099529375,4.0918176322632505,1.3688487083281424,0.33093057907923756,0.0004848047495928944,0.0017187649931877365,0.0013433848725245019,0.830771191219563
136,58.22184676687197,59.36321565622162,0,14.876127743063385,14.876127743063385,4.2000168105357645,4.139943883019189,1.2319638374953283,0.29332354918317005,0.0005167557085140139,0.0017403835574895197,0.0013409730459283808,0.8326888603098591
137,58.30844190590798,59.36321565622162,0,9.718845184344914,9.718845184344914,3.880934266522358,3.835373438403328,1.1087674537457957,0.28569601482566315,0.0004778132365472414,0.0016210353438996011,0.001251542385280344,0.8325473905483708
138,58.38633862389261,59.36321565622162,0,10.42644783772533,10.42644783772533,3.694553613714476,3.681439926793212,0.997890708371216,0.2700977743744106,0.0004739443721655171,0.0015517979114784146,0.0011875043327872004,0.8311286134346463
139,58.47925201132411,59.36321565622162,0,7.562940742923407,7.562940742923407,3.4319570741609127,3.436379249417541,0.8981016375340944,0.2616878993900801,0.00043015414260793813,0.0014580429729361434,0.001123768865336052,0.83553369494603
140,58.5405548873024,59.36321565622162,0,2.429840046400579,2.429840046400579,3.0831025964362304,3.0907332112689416,0.808291473780685,0.26216820507854394,0.00038782904626198227,0.001316260072866602,0.0010143805273537777,0.8364456873065196
141,58.60518836067989,59.36321565622162,0,10.729583321319227,10.729583321319227,2.996121382209345,2.9910961678196983,0.7274623264026164,0.24280135335043884,0.0003805436613257796,0.0012900842245091037,0.0009926385617101867,0.8390135134207175
142,58.687457221998834,59.36321565622162,0,13.85553355465987,13.85553355465987,3.052426734019643,3.082623840735845,0.654716093762355,0.21449035499049646,0.000386095092646349,0.0013405240957823426,0.001032593203119211,0.8499583934223122
143,58.741345393900005,59.36321565622162,0,14.228914257667729,14.228914257667729,3.1096018441736626,3.1202267666446333,0.5892444843861194,0.18949193945525966,0.00040354594191232434,0.0013623260894742436,0.0010403793177591624,0.8516357976363456
144,58.78881037184193,59.36321565622162,0,19.69151844435794,19.69151844435794,3.61122927377033,3.626250295586449,0.5303200359475074,0.14685305078783406,0.0004450810548568225,0.0015619301929987244,0.0011961021386128923,0.868158701073933
145,58.91551027525187,59.36321565622162,0,19.438752176940614,19.438752176940614,3.922039510460515,3.9175709663373004,0.47728803235275674,0.12169383584223885,0.0004962215983793204,0.0016917439455065835,0.0012820201366894575,0.8723602838463073
146,58.98801392958095,59.36321565622162,0,14.372788918881895,14.372788918881895,3.768631089787236,3.782319875392718,0.42955922911748107,0.11398282795086014,0.0004643911409076942,0.001634248577653654,0.0012450530929417967,0.8803640338488969
147,59.06889765926455,59.36321565622162,0,9.156365502638561,9.156365502638561,3.5485659880860387,3.5578891173588714,0.38660330620573297,0.10894634832879409,0.0004581333117509643,0.0015385929237389153,0.001159997277593747,0.8735951217913179
148,59.138058333413866,59.36321565622162,0,13.916531502890821,13.916531502890821,3.5709575459859364,3.582350910685639,0.34794297558515963,0.09743688383421906,0.00045757157711940244,0.0015506803171808083,0.0011748092683986923,0.8694307513970371
149,59.22130309629892,59.36321565622162,0,11.77651590291812,11.77651590291812,3.546815946765546,3.561003924341566,0.31314867802664365,0.0882900840434683,0.00046867261228122475,0.001551909733133838,0.0011730181570573518,0.8607462752141979
150,59.2928685970015,59.36321565622162,0,13.19435115987965,13.19435115987965,3.4748595491640333,3.4927211548564743,0.2818338102239793,0.08110653286455323,0.0004655031772875172,0.00152723071634462,0.0011492664124835852,0.8638770939201691
151,59.36748536929552,59.36748536929552,0,11.677080751241496,11.677080751241496,3.3320663815464493,3.354227536256496,0.2536504292015814,0.07612406241554509,0.0004301638193460726,0.0014708440608345236,0.0011166947414406238,0.8704040066535926
152,59.42900329465046,59.42900329465046,0,2.393193691687166,2.393193691687166,2.999202171804458,3.019648927969113,0.22828538628142325,0.07611537109019771,0.0003922771969430901,0.001328671598382224,0.001006196431861631,0.8699205535580099
153,59.48196732893701,59.48196732893701,0,4.242640595023389,4.242640595023389,2.761318085247641,2.7792529691268335,0.20545684765328096,0.07440535328071599,0.0003617112638238742,0.0012310327038480692,0.0009321045812825407,0.8730017157779014
154,59.53623300760963,59.53623300760963,0,11.389897697923015,11.389897697923015,2.8610712194533456,2.871449323091565,0.1849111628879528,0.06463004542867797,0.00038677949270919177,0.0012729325193216645,0.0009551959466804787,0.8708910234852117
155,59.54983399996684,59.54983399996684,0,5.0530038205711,5.0530038205711,2.6596658826481274,2.6674193087448512,0.16642004659915757,0.06257178681160488,0.0003612775238620614,0.0011865287796808664,0.000891801166854789,0.866714833786801
156,59.61333403894118,59.61333403894118,0,12.974308767745574,12.974308767745574,2.842169998395186,2.8422297382229087,0.1497780419392418,0.052698481098531424,0.00037691886778930435,0.001271361467261097,0.000961265793547357,0.8706131784205439
157,59.675709602068615,59.675709602068615,0,8.305267333857591,8.305267333857591,2.7264253079024896,2.7289596830736538,0.13480023774531763,0.049442116515938224,0.0003636568070889693,0.001218608532494607,0.00092095117838513,0.8677567171555155
158,59.67307226136234,59.675709602068615,1,743.7247770592717,9.047963576478944,74.3671098476565,2.7382695760810623,74.35423092360585,0.9998268196239303,0.0060715303366397355,0.0012327396232007536,0.006164749385809653,0.02531810693566951
159,59.656563019469054,59.675709602068615,0,5.170572445001009,5.170572445001009,66.93749485349981,2.583479141179732,66.91880783124527,0.9997208287777211,0.005486215847106092,0.0011630241319882714,0.005566555152351727,0.0364113942881303
160,59.639424898771416,59.675709602068615,0,11.470409847058098,11.470409847058098,60.25548178651166,2.704141548347494,60.22692704812074,0.9995261055501624,0.00496283558615223,0.0012297428278883094,0.005049497109229228,0.05280863596445862
161,59.47859394029699,59.675709602068615,0,10.137045469711222,10.137045469711222,54.22842053224067,2.7504679744157055,54.20423434330867,0.9995539942212106,0.004485236592696266,0.0012640410219971056,0.004588217550280598,0.058506394947645764
162,59.54610444942346,59.675709602068615,0,20.35704981845968,20.35704981845968,48.73043146781946,3.4826706994839425,48.783810908977806,1.0010954025964987,0.004040154090347221,0.0015917740166010404,0.004285699679639416,0.03804749753812416
163,59.52194754587171,59.675709602068615,0,5.52979300155295,5.52979300155295,43.783103118559275,3.217509350433798,43.90542981808003,1.002793924843324,0.0036444890355891366,0.0014759459776580181,0.0039042227487697716,0.020241568774036958
164,59.44206853292706,59.675709602068615,0,15.632362170827392,15.632362170827392,39.39975781558756,3.2966515631388575,39.51488683627203,1.0029220743239928,0.00328694936721206,0.0015232206011060203,0.0035888749535517308,0.02438845151424901
165,59.40195184972547,59.675709602068615,0,12.616639229604072,12.616639229604072,35.59852299976561,3.2235557468730827,35.56339815264482,0.9990133060542702,0.002969133802241917,0.001489785822955523,0.0032439009679631104,0.05791098697731597
166,59.35005073545505,59.675709602068615,0,6.727917074854698,6.727917074854698,31.98636699056865,2.8818153605400783,32.00705833738034,1.0006468801792274,0.002676790681480379,0.0013314935366262005,0.0029425134311130917,0.03923792597041403
167,59.29373902601992,59.675709602068615,0,13.78468494934482,13.78468494934482,28.946591171788253,3.072998912550578,28.80635250364231,0.9951552613807383,0.002426640906585683,0.0014383774120950358,0.0026977785324523267,0.09733865761434782
168,59.763196965562805,59.763196965562805,0,10.547853295572407,10.547853295572407,26.115535377792256,3.0273028121764463,25.925717253278076,0.992731601256944,0.0021976305006896376,0.0014215594540794025,0.0024625050325253832,0.1258745760164698
169,59.68730337041535,59.763196965562805,0,18.351803102641355,18.351803102641355,23.670184620134194,3.409379626221217,23.333145527950272,0.9857610281629476,0.0019927283465527587,0.0016194820656420716,0.0023500452528366555,0.1659301834597409
170,59.65319748043765,59.763196965562805,0,14.274610323743536,14.274610323743536,21.393201184689346,3.3957675748349607,20.99983097515525,0.9816123727282281,0.0018056729002601973,0.0016018158052453976,0.0021806043153257213,0.1851835566404539
171,59.606733848032796,59.763196965562805,0,15.31088980477317,15.31088980477317,19.35283121908752,3.5093605510232018,18.899847877639722,0.9765934329546043,0.0016290236063347912,0.001647373185938307,0.002065317985624949,0.2053238027703012
172,59.58300268838241,59.763196965562805,0,4.773956962789827,4.773956962789827,17.435757521219006,3.229853115675795,17.009863089875747,0.9755735057209328,0.0014737952524300324,0.001522627921382087,0.0018833777084204676,0.21019141438156327
173,59.55572589787569,59.763196965562805,0,11.92093511794157,11.92093511794157,15.706751444070903,3.151977086609812,15.308876780888173,0.9746685580019844,0.001330138375218676,0.001483950463288644,0.0017625582425737716,0.21905448047260004
174,59.55835938273556,59.763196965562805,0,8.222000528922429,8.222000528922429,14.165197599908364,3.0308139510441223,13.777989102799356,0.9726648008700202,0.001210320096170042,0.0014334341930977554,0.0016413402631554896,0.23793985221565736
175,59.52368504384154,59.763196965562805,0,7.825775715586333,7.825775715586333,12.758692637072134,2.8609276591779556,12.400190192519421,0.9719013182031649,0.0010967726251069226,0.0013606886505966613,0.001526368902109889,0.2427627468731101
176,59.50728146028003,59.763196965562805,0,14.414599084467682,14.414599084467682,11.463509267964657,2.945787344175519,11.160171173267479,0.9735388101839921,0.0009985349844093413,0.0013986200275138186,0.0014970507103725553,0.2549276954309415
177,59.521519435769875,59.763196965562805,0,13.006535794474814,13.006535794474814,10.37479558138964,3.011956477953167,10.044154055940732,0.9681303093776601,0.0009137685588392108,0.0014338180364941487,0.0014644766002757498,0.28473822594291504
178,59.53080314132332,59.763196965562805,0,8.932146680705248,8.932146680705248,9.315617124903346,2.8495816228562516,9.03973865034666,0.9703853785682988,0.0008256760638625059,0.0013581215789778506,0.0013713506598626404,0.28787707393849804
179,59.506297962390185,59.763196965562805,0,10.856257631880442,10.856257631880442,8.436165780236957,2.7543819343800044,8.135764785311993,0.96439128832334,0.0007533124788857938,0.0013235968772072474,0.001305945327089676,0.3078458739510413
180,59.537955120443414,59.763196965562805,0,14.547541819705122,14.547541819705122,7.712633010151044,2.79621764147414,7.322188306780793,0.9493759520443454,0.0006912859229843336,0.001354391743215108,0.0012870251208563007,0.3502292054613592
181,59.51877069289211,59.763196965562805,0,11.672763502647635,11.672763502647635,6.966345437286576,2.808452120880529,6.589969476102715,0.9459722512223768,0.0006331335338648434,0.0013694721597736518,0.0012764333738010793,0.37311768770194564
182,59.54280033259373,59.763196965562805,0,8.758836138979508,8.758836138979508,6.2530692320976575,2.638439603780039,5.930972528492443,0.9484898228933948,0.0005706658206089541,0.0012859784802392864,0.001194779626761238,0.37602457707764575
183,59.554672745817214,59.763196965562805,0,7.51776249271583,7.51776249271583,5.654592940562271,2.5452050423736807,5.337875275643199,0.9439893077630486,0.0005214540899242081,0.0012429813394247246,0.0011404432984980267,0.3982873754832172
184,59.598715182681644,59.763196965562805,0,13.078476241307051,13.078476241307051,5.365376837123356,2.797464718650461,4.80408774807888,0.8953868281607203,0.0005147228190664365,0.0013590399192342354,0.0011811302784938563,0.5123879730646177
185,59.50230327770985,59.763196965562805,0,14.526563496856513,14.526563496856513,5.167098022253454,2.9695454757687334,4.323678973270991,0.8367712310952764,0.0005053857284089304,0.0014553198955677958,0.0012231163563306137,0.5964375324817885
186,59.63742988745894,59.763196965562805,0,9.296901480911723,9.296901480911723,4.712174834455943,2.8818039926137815,3.8913110759438925,0.8257993840742487,0.00046933787387692434,0.0014125130031075982,0.0011854117527786878,0.6111132610164949
187,59.66263999045189,59.763196965562805,0,5.143808812680561,5.143808812680561,4.269914516312932,2.651008624216493,3.5021799683495036,0.8201990824335362,0.00042926974629403745,0.0012987862703444024,0.0010877022389965086,0.6170273876854123
188,59.65917484748965,59.763196965562805,0,8.052361361784357,8.052361361784357,3.983256217711266,2.5730470640435446,3.1519619715145533,0.7913028435126965,0.0004064191234411644,0.0012547468821235137,0.001037619188002262,0.6499741117597028
189,59.72742775394951,59.763196965562805,0,6.5823595617251565,6.5823595617251565,3.645110623428045,2.4559950575286114,2.8367657743630983,0.778238596143143,0.0003714707785815405,0.0012057394442442238,0.001002508151803777,0.655034071961098
190,59.7367241950771,59.763196965562805,0,16.063787042141517,16.063787042141517,3.7820990476050884,2.801147775173547,2.553089196926788,0.675045567234275,0.0004069661777279297,0.0013752218651879565,0.0011100305224799566,0.7367651261717524
191,59.75933535693971,59.763196965562805,0,4.615583962615671,4.615583962615671,3.440190493319247,2.5856602016875385,2.2977802772341094,0.6679223960697334,0.00036909585423064835,0.001275731217982465,0.0010327575075328784,0.7402660064233452
192,59.802995121310175,59.802995121310175,0,4.8213720289368815,4.8213720289368815,3.1901730958978662,2.4338711420423107,2.0680022495106987,0.6482413923463499,0.0003416677552884005,0.0011988792489398266,0.0009677684230825482,0.7537168925894544
193,59.80274354241214,59.802995121310175,0,5.911663909210691,5.911663909210691,2.8772592556558716,2.2671754744739543,1.8612020245596288,0.646866291558898,0.0003146257584396829,0.0011121841583917544,0.0009017988377662253,0.7468838032089075
194,59.83505735276025,59.83505735276025,0,7.1766129058173895,7.1766129058173895,2.7106935271167063,2.1654017777960184,1.6750818221036659,0.6179532305466515,0.0002947761430562924,0.0010579068123597994,0.0008533027681112797,0.7662991659432531
195,59.88552880460594,59.88552880460594,0,12.424912717243028,12.424912717243028,2.761935431892088,2.3186954578265557,1.5075736398932993,0.5458395668795641,0.00030883100288791915,0.001135437539693772,0.0009040977085204238,0.8087678311494634
196,59.882682654937554,59.88552880460594,0,7.489283781342101,7.489283781342101,2.604707559410984,2.225172039038006,1.3568162759039697,0.5209092556289865,0.00029263669923941543,0.0010930543735208006,0.0008696609781049319,0.8192350794992878
197,59.92779250359871,59.92779250359871,0,4.761223502706417,4.761223502706417,2.4076370572281083,2.0677288900979613,1.2211346483135725,0.5071921636392548,0.0002678608963466785,0.0010144536173107817,0.0008072533992676529,0.8265621978223343
198,59.937396567854385,59.937396567854385,0,7.436608348606831,7.436608348606831,2.2879742340753095,2.0299717026326936,1.0990211834822152,0.4803468356916997,0.00025440660753253116,0.0009926541690307691,0.0007912068902360286,0.8396301709225342
199,59.971817749875015,59.971817749875015,0,7.025208385138177,7.025208385138177,2.1486373532428438,1.934514805046189,0.9891190651339937,0.4603471421741598,0.00023526807235302219,0.0009544362886950518,0.0007649364564361352,0.848752288423453
200,59.97997631540441,59.97997631540441,0,13.236299420874326,13.236299420874326,2.330539654886043,2.191961987347868,0.8902071586205945,0.3819746884607819,0.0002736909461675235,0.001100577893516317,0.000873856245130136,0.8674005884618858
